"1"$"Cent. I, 81"$"https://online-service.nuernberg.de/viewer/api/v1/records/07063589/manifest/"$"https://nbn-resolving.de/urn:nbn:de:bvb:75-20221128101219"$"https://online-service.nuernberg.de/viewer/api/v1/records/07063589/files/images/75_cent_i_81_007.tif/full/!400,400/0/default.jpg"$"Komplett"$"Original"$"Standard"$"Einzelseite"$"26.02.2021"$"2022"$"Stadtbibliothek im Bildungscampus Nürnberg"$"https://d-nb.info/gnd/107529195X"$"Nürnberg"$"https://d-nb.info/gnd/4042742-0"$"Stadtbibliothek im Bildungscampus Nürnberg"$"https://d-nb.info/gnd/107529195X"$"Nürnberg"$"https://d-nb.info/gnd/4042742-0"
"2"$"Cent. II, 51"$"https://online-service.nuernberg.de/viewer/api/v1/records/07063590/manifest/"$"https://nbn-resolving.de/urn:nbn:de:bvb:75-20221128101241"$"https://online-service.nuernberg.de/viewer/api/v1/records/07063590/files/images/75_cent_ii_51_007.tif/full/!400,400/0/default.jpg"$"Komplett"$"Original"$"Standard"$"Einzelseite"$"10.10.2019"$"2022"$"Stadtbibliothek im Bildungscampus Nürnberg"$"https://d-nb.info/gnd/107529195X"$"Nürnberg"$"https://d-nb.info/gnd/4042742-0"$"Stadtbibliothek im Bildungscampus Nürnberg"$"https://d-nb.info/gnd/107529195X"$"Nürnberg"$"https://d-nb.info/gnd/4042742-0"
"3"$"Cent. II, 32"$"https://online-service.nuernberg.de/viewer/api/v1/records/07063591/manifest/"$"https://nbn-resolving.de/urn:nbn:de:bvb:75-20221128101221"$"https://online-service.nuernberg.de/viewer/api/v1/records/07063591/files/images/75_cent_ii_32_011.tif/full/!400,400/0/default.jpg"$"Komplett"$"Original"$"Standard"$"Einzelseite"$"10.12.2019"$"2022"$"Stadtbibliothek im Bildungscampus Nürnberg"$"https://d-nb.info/gnd/107529195X"$"Nürnberg"$"https://d-nb.info/gnd/4042742-0"$"Stadtbibliothek im Bildungscampus Nürnberg"$"https://d-nb.info/gnd/107529195X"$"Nürnberg"$"https://d-nb.info/gnd/4042742-0"
"4"$"Cent. III, 25"$"https://online-service.nuernberg.de/viewer/api/v1/records/07064428/manifest/"$"https://nbn-resolving.de/urn:nbn:de:bvb:75-20221128101222"$"https://online-service.nuernberg.de/viewer/api/v1/records/07064428/files/images/75_cent_iii_25_015.tif/full/!400,400/0/default.jpg"$"Komplett"$"Original"$"Standard"$"Einzelseite"$"12.10.2021"$"2022"$"Stadtbibliothek im Bildungscampus Nürnberg"$"https://d-nb.info/gnd/107529195X"$"Nürnberg"$"https://d-nb.info/gnd/4042742-0"$"Stadtbibliothek im Bildungscampus Nürnberg"$"https://d-nb.info/gnd/107529195X"$"Nürnberg"$"https://d-nb.info/gnd/4042742-0"
"5"$"Cent. IV, 4"$"https://online-service.nuernberg.de/viewer/api/v1/records/07064433/manifest/"$"https://nbn-resolving.de/urn:nbn:de:bvb:75-20221128101224"$"https://online-service.nuernberg.de/viewer/api/v1/records/07064433/files/images/75_cent_iv_4_0029.tif/full/!400,400/0/default.jpg"$"Komplett"$"Original"$"Standard"$"Einzelseite"$"24.08.2017"$"2022"$"Stadtbibliothek im Bildungscampus Nürnberg"$"https://d-nb.info/gnd/107529195X"$"Nürnberg"$"https://d-nb.info/gnd/4042742-0"$"Stadtbibliothek im Bildungscampus Nürnberg"$"https://d-nb.info/gnd/107529195X"$"Nürnberg"$"https://d-nb.info/gnd/4042742-0"
"6"$"Cent. IV, 5"$"https://online-service.nuernberg.de/viewer/api/v1/records/07069238/manifest/"$"https://nbn-resolving.de/urn:nbn:de:bvb:75-20221128101225"$"https://online-service.nuernberg.de/viewer/api/v1/records/07069238/files/images/75_cent_iv_5_005.tif/full/!400,400/0/default.jpg"$"Komplett"$"Original"$"Standard"$"Einzelseite"$"26.09.2019"$"2022"$"Stadtbibliothek im Bildungscampus Nürnberg"$"https://d-nb.info/gnd/107529195X"$"Nürnberg"$"https://d-nb.info/gnd/4042742-0"$"Stadtbibliothek im Bildungscampus Nürnberg"$"https://d-nb.info/gnd/107529195X"$"Nürnberg"$"https://d-nb.info/gnd/4042742-0"
"7"$"Cent. IV, 31"$"https://online-service.nuernberg.de/viewer/api/v1/records/07069239/manifest/"$"https://nbn-resolving.de/urn:nbn:de:bvb:75-20221128101227"$"https://online-service.nuernberg.de/viewer/api/v1/records/07069239/files/images/75_cent_iv_31_009.tif/full/!400,400/0/default.jpg"$"Komplett"$"Original"$"Standard"$"Einzelseite"$"11.03.2020"$"2022"$"Stadtbibliothek im Bildungscampus Nürnberg"$"https://d-nb.info/gnd/107529195X"$"Nürnberg"$"https://d-nb.info/gnd/4042742-0"$"Stadtbibliothek im Bildungscampus Nürnberg"$"https://d-nb.info/gnd/107529195X"$"Nürnberg"$"https://d-nb.info/gnd/4042742-0"
"8"$"Cent. IV, 32"$"https://online-service.nuernberg.de/viewer/api/v1/records/07069341/manifest/"$"https://nbn-resolving.de/urn:nbn:de:bvb:75-20221128101228"$"https://online-service.nuernberg.de/viewer/api/v1/records/07069341/files/images/75_cent_iv_32_005.tif/full/!400,400/0/default.jpg"$"Komplett"$"Original"$"Standard"$"Einzelseite"$"10.06.2022"$"2022"$"Stadtbibliothek im Bildungscampus Nürnberg"$"https://d-nb.info/gnd/107529195X"$"Nürnberg"$"https://d-nb.info/gnd/4042742-0"$"Stadtbibliothek im Bildungscampus Nürnberg"$"https://d-nb.info/gnd/107529195X"$"Nürnberg"$"https://d-nb.info/gnd/4042742-0"
"9"$"Cent. IV, 37"$"https://online-service.nuernberg.de/viewer/api/v1/records/07069342/manifest/"$"https://nbn-resolving.de/urn:nbn:de:bvb:75-20221128101230"$"https://online-service.nuernberg.de/viewer/api/v1/records/07069342/files/images/75_cent_iv_37_003.tif/full/!400,400/0/default.jpg"$"Komplett"$"Original"$"Standard"$"Einzelseite"$"17.10.2019"$"2022"$"Stadtbibliothek im Bildungscampus Nürnberg"$"https://d-nb.info/gnd/107529195X"$"Nürnberg"$"https://d-nb.info/gnd/4042742-0"$"Stadtbibliothek im Bildungscampus Nürnberg"$"https://d-nb.info/gnd/107529195X"$"Nürnberg"$"https://d-nb.info/gnd/4042742-0"
"10"$"Cent. IV, 43"$"https://online-service.nuernberg.de/viewer/api/v1/records/07072715/manifest/"$"https://nbn-resolving.de/urn:nbn:de:bvb:75-20221128101232"$"https://online-service.nuernberg.de/viewer/api/v1/records/07072715/files/images/75_cent_iv_43_005.tif/full/!400,400/0/default.jpg"$"Komplett"$"Original"$"Standard"$"Einzelseite"$"10.01.2020"$"2022"$"Stadtbibliothek im Bildungscampus Nürnberg"$"https://d-nb.info/gnd/107529195X"$"Nürnberg"$"https://d-nb.info/gnd/4042742-0"$"Stadtbibliothek im Bildungscampus Nürnberg"$"https://d-nb.info/gnd/107529195X"$"Nürnberg"$"https://d-nb.info/gnd/4042742-0"
"11"$"Cent. IV, 44"$"https://online-service.nuernberg.de/viewer/api/v1/records/07072743/manifest/"$"https://nbn-resolving.de/urn:nbn:de:bvb:75-20221128101233"$"https://online-service.nuernberg.de/viewer/api/v1/records/07072743/files/images/75_cent_iv_44_003.tif/full/!400,400/0/default.jpg"$"Komplett"$"Original"$"Standard"$"Einzelseite"$"16.04.2020"$"2022"$"Stadtbibliothek im Bildungscampus Nürnberg"$"https://d-nb.info/gnd/107529195X"$"Nürnberg"$"https://d-nb.info/gnd/4042742-0"$"Stadtbibliothek im Bildungscampus Nürnberg"$"https://d-nb.info/gnd/107529195X"$"Nürnberg"$"https://d-nb.info/gnd/4042742-0"
"12"$"Cent. V, 10a"$"https://online-service.nuernberg.de/viewer/api/v1/records/07072744/manifest/"$"https://nbn-resolving.de/urn:nbn:de:bvb:75-20221128101235"$"https://online-service.nuernberg.de/viewer/api/v1/records/07072744/files/images/75_cent_v_10a_011.tif/full/!400,400/0/default.jpg"$"Komplett"$"Original"$"Standard"$"Einzelseite"$"03.06.2022"$"2022"$"Stadtbibliothek im Bildungscampus Nürnberg"$"https://d-nb.info/gnd/107529195X"$"Nürnberg"$"https://d-nb.info/gnd/4042742-0"$"Stadtbibliothek im Bildungscampus Nürnberg"$"https://d-nb.info/gnd/107529195X"$"Nürnberg"$"https://d-nb.info/gnd/4042742-0"
"13"$"Cent. V, 68"$"https://online-service.nuernberg.de/viewer/api/v1/records/07072747/manifest/"$"https://nbn-resolving.de/urn:nbn:de:bvb:75-20221128101236"$"https://online-service.nuernberg.de/viewer/api/v1/records/07072747/files/images/75_cent_v_68_0011.tif/full/!400,400/0/default.jpg"$"Komplett"$"Original"$"Standard"$"Einzelseite"$"10.12.2019"$"2022"$"Stadtbibliothek im Bildungscampus Nürnberg"$"https://d-nb.info/gnd/107529195X"$"Nürnberg"$"https://d-nb.info/gnd/4042742-0"$"Stadtbibliothek im Bildungscampus Nürnberg"$"https://d-nb.info/gnd/107529195X"$"Nürnberg"$"https://d-nb.info/gnd/4042742-0"
"14"$"Cent. V, App. 34a"$"https://online-service.nuernberg.de/viewer/api/v1/records/07072761/manifest/"$"https://nbn-resolving.de/urn:nbn:de:bvb:75-20221128101339"$"https://online-service.nuernberg.de/viewer/api/v1/records/07072761/files/images/75_cent_v_app_34a_007.tif/full/!400,400/0/default.jpg"$"Komplett"$"Original"$"Standard"$"Einzelseite"$"16.11.2022"$"2022"$"Stadtbibliothek im Bildungscampus Nürnberg"$"https://d-nb.info/gnd/107529195X"$"Nürnberg"$"https://d-nb.info/gnd/4042742-0"$"Stadtbibliothek im Bildungscampus Nürnberg"$"https://d-nb.info/gnd/107529195X"$"Nürnberg"$"https://d-nb.info/gnd/4042742-0"
"15"$"Cent. V, App. 56c"$"https://online-service.nuernberg.de/viewer/api/v1/records/07072774/manifest/"$"https://nbn-resolving.de/urn:nbn:de:bvb:75-20221128101242"$"https://online-service.nuernberg.de/viewer/api/v1/records/07072774/files/images/75_cent_v_app_56c_e001.tif/full/!400,400/0/default.jpg"$"Komplett"$"Original"$"Standard"$"Einzelseite"$"16.11.2022"$"2022"$"Stadtbibliothek im Bildungscampus Nürnberg"$"https://d-nb.info/gnd/107529195X"$"Nürnberg"$"https://d-nb.info/gnd/4042742-0"$"Stadtbibliothek im Bildungscampus Nürnberg"$"https://d-nb.info/gnd/107529195X"$"Nürnberg"$"https://d-nb.info/gnd/4042742-0"
"16"$"Cent. V, App. 81"$"https://online-service.nuernberg.de/viewer/api/v1/records/07072777/manifest/"$"https://nbn-resolving.de/urn:nbn:de:bvb:75-20221128101238"$"https://online-service.nuernberg.de/viewer/api/v1/records/07072777/files/images/75_cent_v_app_81_007.tif/full/!400,400/0/default.jpg"$"Komplett"$"Original"$"Standard"$"Einzelseite"$"05.08.2020"$"2022"$"Stadtbibliothek im Bildungscampus Nürnberg"$"https://d-nb.info/gnd/107529195X"$"Nürnberg"$"https://d-nb.info/gnd/4042742-0"$"Stadtbibliothek im Bildungscampus Nürnberg"$"https://d-nb.info/gnd/107529195X"$"Nürnberg"$"https://d-nb.info/gnd/4042742-0"
"17"$"Cent. V, App. 96"$"https://online-service.nuernberg.de/viewer/api/v1/records/07072787/manifest/"$"https://nbn-resolving.de/urn:nbn:de:bvb:75-20221128101239 "$"https://online-service.nuernberg.de/viewer/api/v1/records/07072787/files/images/75_cent_v_app_96_003.tif/full/!400,400/0/default.jpg"$"Komplett"$"Original"$"Standard"$"Einzelseite"$"06.02.2020"$"2022"$"Stadtbibliothek im Bildungscampus Nürnberg"$"https://d-nb.info/gnd/107529195X"$"Nürnberg"$"https://d-nb.info/gnd/4042742-0"$"Stadtbibliothek im Bildungscampus Nürnberg"$"https://d-nb.info/gnd/107529195X"$"Nürnberg"$"https://d-nb.info/gnd/4042742-0"
"18"$"Cent. V, App. 43b"$"https://online-service.nuernberg.de/viewer/api/v1/records/07072792/manifest/"$"https://nbn-resolving.de/urn:nbn:de:bvb:75-20221128101338"$"https://online-service.nuernberg.de/viewer/api/v1/records/07072792/files/images/75_cent_v_app_43b_015.tif/full/!400,400/0/default.jpg"$"Komplett"$"Original"$"Standard"$"Einzelseite"$"16.11.2022"$"2022"$"Stadtbibliothek im Bildungscampus Nürnberg"$"https://d-nb.info/gnd/107529195X"$"Nürnberg"$"https://d-nb.info/gnd/4042742-0"$"Stadtbibliothek im Bildungscampus Nürnberg"$"https://d-nb.info/gnd/107529195X"$"Nürnberg"$"https://d-nb.info/gnd/4042742-0"
"19"$"Cent. V, App. 99"$"https://online-service.nuernberg.de/viewer/api/v1/records/07074973/manifest/"$"https://nbn-resolving.de/urn:nbn:de:bvb:75-20221128101252"$"https://online-service.nuernberg.de/viewer/api/v1/records/07074973/files/images/75_cent_v_app_99_005.tif/full/!400,400/0/default.jpg"$"Komplett"$"Original"$"Standard"$"Einzelseite"$"12.11.2021"$"2022"$"Stadtbibliothek im Bildungscampus Nürnberg"$"https://d-nb.info/gnd/107529195X"$"Nürnberg"$"https://d-nb.info/gnd/4042742-0"$"Stadtbibliothek im Bildungscampus Nürnberg"$"https://d-nb.info/gnd/107529195X"$"Nürnberg"$"https://d-nb.info/gnd/4042742-0"
"20"$"Cent. VI, 43d"$"https://online-service.nuernberg.de/viewer/api/v1/records/07074977/manifest/"$"https://nbn-resolving.de/urn:nbn:de:bvb:75-20221128101253"$"https://online-service.nuernberg.de/viewer/api/v1/records/07074977/files/images/75_cent_vi_43d_015.tif/full/!400,400/0/default.jpg"$"Komplett"$"Original"$"Standard"$"Einzelseite"$"06.05.2020"$"2022"$"Stadtbibliothek im Bildungscampus Nürnberg"$"https://d-nb.info/gnd/107529195X"$"Nürnberg"$"https://d-nb.info/gnd/4042742-0"$"Stadtbibliothek im Bildungscampus Nürnberg"$"https://d-nb.info/gnd/107529195X"$"Nürnberg"$"https://d-nb.info/gnd/4042742-0"
"21"$"Cent. VI, 43g"$"https://online-service.nuernberg.de/viewer/api/v1/records/07074982/manifest/"$"https://nbn-resolving.de/urn:nbn:de:bvb:75-20221128101255"$"https://online-service.nuernberg.de/viewer/api/v1/records/07074982/files/images/75_cent_vi_43_g_005.tif/full/!400,400/0/default.jpg"$"Komplett"$"Original"$"Standard"$"Einzelseite"$"16.01.2020"$"2022"$"Stadtbibliothek im Bildungscampus Nürnberg"$"https://d-nb.info/gnd/107529195X"$"Nürnberg"$"https://d-nb.info/gnd/4042742-0"$"Stadtbibliothek im Bildungscampus Nürnberg"$"https://d-nb.info/gnd/107529195X"$"Nürnberg"$"https://d-nb.info/gnd/4042742-0"
"22"$"Cent. VI, 43o"$"https://online-service.nuernberg.de/viewer/api/v1/records/07074984/manifest/"$"https://nbn-resolving.de/urn:nbn:de:bvb:75-20221128101256"$"https://online-service.nuernberg.de/viewer/api/v1/records/07074984/files/images/75_cent_vi_43_o_005.tif/full/!400,400/0/default.jpg"$"Komplett"$"Original"$"Standard"$"Einzelseite"$"01.09.2021"$"2022"$"Stadtbibliothek im Bildungscampus Nürnberg"$"https://d-nb.info/gnd/107529195X"$"Nürnberg"$"https://d-nb.info/gnd/4042742-0"$"Stadtbibliothek im Bildungscampus Nürnberg"$"https://d-nb.info/gnd/107529195X"$"Nürnberg"$"https://d-nb.info/gnd/4042742-0"
"23"$"Cent. VI, 43p"$"https://online-service.nuernberg.de/viewer/api/v1/records/07074986/manifest/"$"https://nbn-resolving.de/urn:nbn:de:bvb:75-20221128101257"$"https://online-service.nuernberg.de/viewer/api/v1/records/07074986/files/images/75_cent_vi_43p_003.tif/full/!400,400/0/default.jpg"$"Komplett"$"Original"$"Standard"$"Einzelseite"$"27.01.2021"$"2022"$"Stadtbibliothek im Bildungscampus Nürnberg"$"https://d-nb.info/gnd/107529195X"$"Nürnberg"$"https://d-nb.info/gnd/4042742-0"$"Stadtbibliothek im Bildungscampus Nürnberg"$"https://d-nb.info/gnd/107529195X"$"Nürnberg"$"https://d-nb.info/gnd/4042742-0"
"24"$"Cent. VI, 43l"$"https://online-service.nuernberg.de/viewer/api/v1/records/07075187/manifest/"$"https://nbn-resolving.de/urn:nbn:de:bvb:75-20221128101259"$"https://online-service.nuernberg.de/viewer/api/v1/records/07075187/files/images/75_cent_vi_43_l_005.tif/full/!400,400/0/default.jpg"$"Komplett"$"Original"$"Standard"$"Einzelseite"$"16.01.2020"$"2022"$"Stadtbibliothek im Bildungscampus Nürnberg"$"https://d-nb.info/gnd/107529195X"$"Nürnberg"$"https://d-nb.info/gnd/4042742-0"$"Stadtbibliothek im Bildungscampus Nürnberg"$"https://d-nb.info/gnd/107529195X"$"Nürnberg"$"https://d-nb.info/gnd/4042742-0"
"25"$"Cent. VI, 46h"$"https://online-service.nuernberg.de/viewer/api/v1/records/07075377/manifest/"$"https://nbn-resolving.de/urn:nbn:de:bvb:75-20221128101300"$"https://online-service.nuernberg.de/viewer/api/v1/records/07075377/files/images/75_cent_vi_46h_009.tif/full/!400,400/0/default.jpg"$"Komplett"$"Original"$"Standard"$"Einzelseite"$"12.12.2019"$"2022"$"Stadtbibliothek im Bildungscampus Nürnberg"$"https://d-nb.info/gnd/107529195X"$"Nürnberg"$"https://d-nb.info/gnd/4042742-0"$"Stadtbibliothek im Bildungscampus Nürnberg"$"https://d-nb.info/gnd/107529195X"$"Nürnberg"$"https://d-nb.info/gnd/4042742-0"
"26"$"Cent. VII, 81"$"https://online-service.nuernberg.de/viewer/api/v1/records/07075474/manifest/"$"https://nbn-resolving.de/urn:nbn:de:bvb:75-20221128101304"$"https://online-service.nuernberg.de/viewer/api/v1/records/07075474/files/images/75_cent_vii_81_0007.tif/full/!400,400/0/default.jpg"$"Komplett"$"Original"$"Standard"$"Einzelseite"$"05.11.2022"$"2022"$"Stadtbibliothek im Bildungscampus Nürnberg"$"https://d-nb.info/gnd/107529195X"$"Nürnberg"$"https://d-nb.info/gnd/4042742-0"$"Stadtbibliothek im Bildungscampus Nürnberg"$"https://d-nb.info/gnd/107529195X"$"Nürnberg"$"https://d-nb.info/gnd/4042742-0"
"27"$"Cent. VIII, 16"$"https://online-service.nuernberg.de/viewer/api/v1/records/07075475/manifest/"$"https://nbn-resolving.de/urn:nbn:de:bvb:75-20221128101303"$"https://online-service.nuernberg.de/viewer/api/v1/records/07075475/files/images/75_cent_viii_16_003.tif/full/!400,400/0/default.jpg"$"Komplett"$"Original"$"Standard"$"Einzelseite"$"04.11.2020"$"2022"$"Stadtbibliothek im Bildungscampus Nürnberg"$"https://d-nb.info/gnd/107529195X"$"Nürnberg"$"https://d-nb.info/gnd/4042742-0"$"Stadtbibliothek im Bildungscampus Nürnberg"$"https://d-nb.info/gnd/107529195X"$"Nürnberg"$"https://d-nb.info/gnd/4042742-0"
"28"$"Cent. VIII, 19"$"https://online-service.nuernberg.de/viewer/api/v1/records/07075651/manifest/"$"https://nbn-resolving.de/urn:nbn:de:bvb:75-20221128101306"$"https://online-service.nuernberg.de/viewer/api/v1/records/07075651/files/images/75_cent_viii_19_005.tif/full/!400,400/0/default.jpg"$"Komplett"$"Original"$"Standard"$"Einzelseite"$"04.12.2020"$"2022"$"Stadtbibliothek im Bildungscampus Nürnberg"$"https://d-nb.info/gnd/107529195X"$"Nürnberg"$"https://d-nb.info/gnd/4042742-0"$"Stadtbibliothek im Bildungscampus Nürnberg"$"https://d-nb.info/gnd/107529195X"$"Nürnberg"$"https://d-nb.info/gnd/4042742-0"
"29"$"Cent. VII, 38"$"https://online-service.nuernberg.de/viewer/api/v1/records/07075994/manifest/"$"https://nbn-resolving.de/urn:nbn:de:bvb:75-20221128101321"$"https://online-service.nuernberg.de/viewer/api/v1/records/07075994/files/images/75_cent_vii_38_015.tif/full/!400,400/0/default.jpg"$"Komplett"$"Original"$"Standard"$"Einzelseite"$"09.11.2022"$"2022"$"Stadtbibliothek im Bildungscampus Nürnberg"$"https://d-nb.info/gnd/107529195X"$"Nürnberg"$"https://d-nb.info/gnd/4042742-0"$"Stadtbibliothek im Bildungscampus Nürnberg"$"https://d-nb.info/gnd/107529195X"$"Nürnberg"$"https://d-nb.info/gnd/4042742-0"
"30"$"Solg. Ms. 15.2°"$"https://online-service.nuernberg.de/viewer/api/v1/records/07076013/manifest/"$"https://nbn-resolving.de/urn:nbn:de:bvb:75-20221128101323"$"https://online-service.nuernberg.de/viewer/api/v1/records/07076013/files/images/75_solg_ms_2_15_0005.tif/full/!400,400/0/default.jpg"$"Komplett"$"Original"$"Standard"$"Einzelseite"$"10.12.2019"$"2022"$"Stadtbibliothek im Bildungscampus Nürnberg"$"https://d-nb.info/gnd/107529195X"$"Nürnberg"$"https://d-nb.info/gnd/4042742-0"$"Stadtbibliothek im Bildungscampus Nürnberg"$"https://d-nb.info/gnd/107529195X"$"Nürnberg"$"https://d-nb.info/gnd/4042742-0"
"31"$"Solg. Ms. 2.4°"$"https://online-service.nuernberg.de/viewer/api/v1/records/07076314/manifest/"$"https://nbn-resolving.de/urn:nbn:de:bvb:75-20221128101332"$"https://online-service.nuernberg.de/viewer/api/v1/records/07076314/files/images/75_solg_ms_4_2_005.tif/full/!400,400/0/default.jpg"$"Komplett"$"Original"$"Standard"$"Einzelseite"$"04.06.2019"$"2022"$"Stadtbibliothek im Bildungscampus Nürnberg"$"https://d-nb.info/gnd/107529195X"$"Nürnberg"$"https://d-nb.info/gnd/4042742-0"$"Stadtbibliothek im Bildungscampus Nürnberg"$"https://d-nb.info/gnd/107529195X"$"Nürnberg"$"https://d-nb.info/gnd/4042742-0"
"32"$"Cent. V, App. 40"$"https://online-service.nuernberg.de/viewer/api/v1/records/07077144/manifest/"$"https://nbn-resolving.de/urn:nbn:de:bvb:75-20221128101335"$"https://online-service.nuernberg.de/viewer/api/v1/records/07077144/files/images/75_cent_v_app_40_013.tif/full/!400,400/0/default.jpg"$"Komplett"$"Original"$"Standard"$"Einzelseite"$"13.12.2019"$"2022"$"Stadtbibliothek im Bildungscampus Nürnberg"$"https://d-nb.info/gnd/107529195X"$"Nürnberg"$"https://d-nb.info/gnd/4042742-0"$"Stadtbibliothek im Bildungscampus Nürnberg"$"https://d-nb.info/gnd/107529195X"$"Nürnberg"$"https://d-nb.info/gnd/4042742-0"
"33"$"Cent. II, 98"$"https://online-service.nuernberg.de/viewer/api/v1/records/07077145/manifest/"$"https://nbn-resolving.de/urn:nbn:de:bvb:75-20221128101336"$"https://online-service.nuernberg.de/viewer/api/v1/records/07077145/files/images/75_cent_ii_98_003.tif/full/!400,400/0/default.jpg"$"Komplett"$"Original"$"Standard"$"Einzelseite"$"28.04.2021"$"2022"$"Stadtbibliothek im Bildungscampus Nürnberg"$"https://d-nb.info/gnd/107529195X"$"Nürnberg"$"https://d-nb.info/gnd/4042742-0"$"Stadtbibliothek im Bildungscampus Nürnberg"$"https://d-nb.info/gnd/107529195X"$"Nürnberg"$"https://d-nb.info/gnd/4042742-0"
"34"$"Cent. II, 99"$"https://online-service.nuernberg.de/viewer/api/v1/records/07079711/manifest/"$"https://nbn-resolving.de/urn:nbn:de:bvb:75-20221209071847"$"https://online-service.nuernberg.de/viewer/api/v1/records/07079711/files/images/75_cent_ii_99_0003.tif/full/!400,400/0/default.jpg"$"Komplett"$"Original"$"Standard"$"Einzelseite"$"07.12.2022"$"2022"$"Stadtbibliothek im Bildungscampus Nürnberg"$"https://d-nb.info/gnd/107529195X"$"Nürnberg"$"https://d-nb.info/gnd/4042742-0"$"Stadtbibliothek im Bildungscampus Nürnberg"$"https://d-nb.info/gnd/107529195X"$"Nürnberg"$"https://d-nb.info/gnd/4042742-0"
"35"$"Amb. 526.4°"$"https://online-service.nuernberg.de/viewer/api/v1/records/07080535/manifest/"$"https://nbn-resolving.de/urn:nbn:de:bvb:75-20221222110030"$"https://online-service.nuernberg.de/viewer/api/v1/records/07080535/files/images/75_amb_4_526_011.tif/full/!400,400/0/default.jpg"$"Komplett"$"Original"$"Standard"$"Einzelseite"$"21.12.2022"$"2022"$"Stadtbibliothek im Bildungscampus Nürnberg"$"https://d-nb.info/gnd/107529195X"$"Nürnberg"$"https://d-nb.info/gnd/4042742-0"$"Stadtbibliothek im Bildungscampus Nürnberg"$"https://d-nb.info/gnd/107529195X"$"Nürnberg"$"https://d-nb.info/gnd/4042742-0"
"36"$"Cent. V, 21"$"https://online-service.nuernberg.de/viewer/api/v1/records/07080537/manifest/"$"https://nbn-resolving.de/urn:nbn:de:bvb:75-20221222121330"$"https://online-service.nuernberg.de/viewer/api/v1/records/07080537/files/images/75_cent_v_21_007.tif/full/!400,400/0/default.jpg"$"Komplett"$"Original"$"Standard"$"Einzelseite"$"21.12.2017"$"2022"$"Stadtbibliothek im Bildungscampus Nürnberg"$"https://d-nb.info/gnd/107529195X"$"Nürnberg"$"https://d-nb.info/gnd/4042742-0"$"Stadtbibliothek im Bildungscampus Nürnberg"$"https://d-nb.info/gnd/107529195X"$"Nürnberg"$"https://d-nb.info/gnd/4042742-0"
"37"$"Cent. V, 45"$"https://online-service.nuernberg.de/viewer/api/v1/records/07080546/manifest/"$"https://nbn-resolving.de/urn:nbn:de:bvb:75-20221222123311"$"https://online-service.nuernberg.de/viewer/api/v1/records/07080546/files/images/75_cent_v_45_003.tif/full/!400,400/0/default.jpg"$"Komplett"$"Original"$"Standard"$"Einzelseite"$"07.01.2020"$"2022"$"Stadtbibliothek im Bildungscampus Nürnberg"$"https://d-nb.info/gnd/107529195X"$"Nürnberg"$"https://d-nb.info/gnd/4042742-0"$"Stadtbibliothek im Bildungscampus Nürnberg"$"https://d-nb.info/gnd/107529195X"$"Nürnberg"$"https://d-nb.info/gnd/4042742-0"
"38"$"Cent. VI, 61"$"https://online-service.nuernberg.de/viewer/api/v1/records/07081060/manifest/"$"https://nbn-resolving.de/urn:nbn:de:bvb:75-20230103122522"$"https://online-service.nuernberg.de/viewer/api/v1/records/07081060/files/images/75_cent_vi_61_009.tif/full/!400,400/0/default.jpg"$"Komplett"$"Original"$"Standard"$"Einzelseite"$"13.06.2019"$"2023"$"Stadtbibliothek im Bildungscampus Nürnberg"$"https://d-nb.info/gnd/107529195X"$"Nürnberg"$"https://d-nb.info/gnd/4042742-0"$"Stadtbibliothek im Bildungscampus Nürnberg"$"https://d-nb.info/gnd/107529195X"$"Nürnberg"$"https://d-nb.info/gnd/4042742-0"
"39"$"Cent. VII, 8"$"https://online-service.nuernberg.de/viewer/api/v1/records/07081147/manifest/"$"https://nbn-resolving.de/urn:nbn:de:bvb:75-20230105065425"$"https://online-service.nuernberg.de/viewer/api/v1/records/07081147/files/images/75_cent_vii_8_003.tif/full/!400,400/0/default.jpg"$"Komplett"$"Original"$"Standard"$"Einzelseite"$"16.01.2020"$"2023"$"Stadtbibliothek im Bildungscampus Nürnberg"$"https://d-nb.info/gnd/107529195X"$"Nürnberg"$"https://d-nb.info/gnd/4042742-0"$"Stadtbibliothek im Bildungscampus Nürnberg"$"https://d-nb.info/gnd/107529195X"$"Nürnberg"$"https://d-nb.info/gnd/4042742-0"
"40"$"Cent. VII, 65"$"https://online-service.nuernberg.de/viewer/api/v1/records/07081276/manifest/"$"https://nbn-resolving.de/urn:nbn:de:bvb:75-20230109151823"$"https://online-service.nuernberg.de/viewer/api/v1/records/07081276/files/images/75_cent_vii_65_007.tif/full/!400,400/0/default.jpg"$"Komplett"$"Original"$"Standard"$"Einzelseite"$"27.01.2021"$"2023"$"Stadtbibliothek im Bildungscampus Nürnberg"$"https://d-nb.info/gnd/107529195X"$"Nürnberg"$"https://d-nb.info/gnd/4042742-0"$"Stadtbibliothek im Bildungscampus Nürnberg"$"https://d-nb.info/gnd/107529195X"$"Nürnberg"$"https://d-nb.info/gnd/4042742-0"
"41"$"Cent. VII, 66"$"https://online-service.nuernberg.de/viewer/api/v1/records/07081281/manifest/"$"https://nbn-resolving.de/urn:nbn:de:bvb:75-20230110090443"$"https://online-service.nuernberg.de/viewer/api/v1/records/07081281/files/images/75_cent_vii_66_003.tif/full/!400,400/0/default.jpg"$"Komplett"$"Original"$"Standard"$"Einzelseite"$"15.05.2020"$"2023"$"Stadtbibliothek im Bildungscampus Nürnberg"$"https://d-nb.info/gnd/107529195X"$"Nürnberg"$"https://d-nb.info/gnd/4042742-0"$"Stadtbibliothek im Bildungscampus Nürnberg"$"https://d-nb.info/gnd/107529195X"$"Nürnberg"$"https://d-nb.info/gnd/4042742-0"
"42"$"Cent. VII, 67"$"https://online-service.nuernberg.de/viewer/api/v1/records/07081282/manifest/"$"https://nbn-resolving.de/urn:nbn:de:bvb:75-20230110102603"$"https://online-service.nuernberg.de/viewer/api/v1/records/07081282/files/images/75_cent_vii_67_005.tif/full/!400,400/0/default.jpg"$"Komplett"$"Original"$"Standard"$"Einzelseite"$"31.07.2020"$"2023"$"Stadtbibliothek im Bildungscampus Nürnberg"$"https://d-nb.info/gnd/107529195X"$"Nürnberg"$"https://d-nb.info/gnd/4042742-0"$"Stadtbibliothek im Bildungscampus Nürnberg"$"https://d-nb.info/gnd/107529195X"$"Nürnberg"$"https://d-nb.info/gnd/4042742-0"
"43"$"Cent. VII, 83"$"https://online-service.nuernberg.de/viewer/api/v1/records/07081369/manifest/"$"https://nbn-resolving.de/urn:nbn:de:bvb:75-20230112095747"$"https://online-service.nuernberg.de/viewer/api/v1/records/07081369/files/images/75_cent_vii_83_003.tif/full/!400,400/0/default.jpg"$"Komplett"$"Original"$"Standard"$"Einzelseite"$"13.04.2021"$"2023"$"Stadtbibliothek im Bildungscampus Nürnberg"$"https://d-nb.info/gnd/107529195X"$"Nürnberg"$"https://d-nb.info/gnd/4042742-0"$"Stadtbibliothek im Bildungscampus Nürnberg"$"https://d-nb.info/gnd/107529195X"$"Nürnberg"$"https://d-nb.info/gnd/4042742-0"
"44"$"Will. II. 19.8°"$"https://online-service.nuernberg.de/viewer/api/v1/records/07081480/manifest/"$"https://nbn-resolving.de/urn:nbn:de:bvb:75-20230113113843"$"https://online-service.nuernberg.de/viewer/api/v1/records/07081480/files/images/75_will_ii_19_8_025.tif/full/!400,400/0/default.jpg"$"Komplett"$"Original"$"Standard"$"Einzelseite"$"27.01.2021"$"2023"$"Stadtbibliothek im Bildungscampus Nürnberg"$"https://d-nb.info/gnd/107529195X"$"Nürnberg"$"https://d-nb.info/gnd/4042742-0"$"Stadtbibliothek im Bildungscampus Nürnberg"$"https://d-nb.info/gnd/107529195X"$"Nürnberg"$"https://d-nb.info/gnd/4042742-0"
"45"$"Will. VII. 1447.8°"$"https://online-service.nuernberg.de/viewer/api/v1/records/07081592/manifest/"$"https://nbn-resolving.de/urn:nbn:de:bvb:75-20230116094142"$"https://online-service.nuernberg.de/viewer/api/v1/records/07081592/files/images/75_will_vii_1447_8_003.tif/full/!400,400/0/default.jpg"$"Komplett"$"Original"$"Standard"$"Einzelseite"$"16.04.2020"$"2023"$"Stadtbibliothek im Bildungscampus Nürnberg"$"https://d-nb.info/gnd/107529195X"$"Nürnberg"$"https://d-nb.info/gnd/4042742-0"$"Stadtbibliothek im Bildungscampus Nürnberg"$"https://d-nb.info/gnd/107529195X"$"Nürnberg"$"https://d-nb.info/gnd/4042742-0"
"46"$"Cent. VII, 12"$"https://online-service.nuernberg.de/viewer/api/v1/records/07075473/manifest/"$"https://nbn-resolving.de/urn:nbn:de:bvb:75-20240617091720"$"https://online-service.nuernberg.de/viewer/api/v1/records/07075473/files/images/75_cent_vii_12_005.tif/full/!400,400/0/default.jpg"$"Komplett"$"Original"$"Standard"$"Einzelseite"$"16.01.2020"$"2022"$"Stadtbibliothek im Bildungscampus Nürnberg"$"https://d-nb.info/gnd/107529195X"$"Nürnberg"$"https://d-nb.info/gnd/4042742-0"$"Stadtbibliothek im Bildungscampus Nürnberg"$"https://d-nb.info/gnd/107529195X"$"Nürnberg"$"https://d-nb.info/gnd/4042742-0"
"47"$"Cent. V, 2"$"https://online-service.nuernberg.de/viewer/api/v1/records/07082025/manifest/"$"https://nbn-resolving.de/urn:nbn:de:bvb:75-20230817100838"$"https://online-service.nuernberg.de/viewer/api/v1/records/07082025/files/images/75_cent_v_2_544.tif/full/!400,400/0/default.jpg"$"Komplett"$"Original"$"Standard"$"Einzelseite"$"21.12.2022"$"2023"$"Stadtbibliothek im Bildungscampus Nürnberg"$"https://d-nb.info/gnd/107529195X"$"Nürnberg"$"https://d-nb.info/gnd/4042742-0"$"Stadtbibliothek im Bildungscampus Nürnberg"$"https://d-nb.info/gnd/107529195X"$"Nürnberg"$"https://d-nb.info/gnd/4042742-0"
"48"$"Cent. VII, 20"$"https://online-service.nuernberg.de/viewer/api/v1/records/07086491/manifest/"$"https://nbn-resolving.de/urn:nbn:de:bvb:75-20230315162937"$"https://online-service.nuernberg.de/viewer/api/v1/records/07086491/files/images/75_cent_vii_20_mf_005.tif/full/!400,400/0/default.jpg"$"Komplett"$"Original"$"bitonal"$"Einzelseite"$"21.12.2022"$"2023"$"Stadtbibliothek im Bildungscampus Nürnberg"$"https://d-nb.info/gnd/107529195X"$"Nürnberg"$"https://d-nb.info/gnd/4042742-0"$"Stadtbibliothek im Bildungscampus Nürnberg"$"https://d-nb.info/gnd/107529195X"$"Nürnberg"$"https://d-nb.info/gnd/4042742-0"
"49"$"Cent. V, 50"$"https://online-service.nuernberg.de/viewer/api/v1/records/07086697/manifest/"$"https://nbn-resolving.de/urn:nbn:de:bvb:75-20230317095054"$"https://online-service.nuernberg.de/viewer/api/v1/records/07086697/files/images/75_cent_v_50_005.tif/full/!400,400/0/default.jpg"$"Komplett"$"Original"$"bitonal"$"Einzelseite"$"21.12.2022"$"2023"$"Stadtbibliothek im Bildungscampus Nürnberg"$"https://d-nb.info/gnd/107529195X"$"Nürnberg"$"https://d-nb.info/gnd/4042742-0"$"Stadtbibliothek im Bildungscampus Nürnberg"$"https://d-nb.info/gnd/107529195X"$"Nürnberg"$"https://d-nb.info/gnd/4042742-0"
"50"$"Cent. VI, 5"$"https://online-service.nuernberg.de/viewer/api/v1/records/07086698/manifest/"$"https://nbn-resolving.de/urn:nbn:de:bvb:75-20230317102029"$"https://online-service.nuernberg.de/viewer/api/v1/records/07086698/files/images/75_cent_vi_5_013.tif/full/!400,400/0/default.jpg"$"Komplett"$"Original"$"bitonal"$"Einzelseite"$"21.12.2022"$"2023"$"Stadtbibliothek im Bildungscampus Nürnberg"$"https://d-nb.info/gnd/107529195X"$"Nürnberg"$"https://d-nb.info/gnd/4042742-0"$"Stadtbibliothek im Bildungscampus Nürnberg"$"https://d-nb.info/gnd/107529195X"$"Nürnberg"$"https://d-nb.info/gnd/4042742-0"
"51"$"Amb. 55. 4°"$"https://online-service.nuernberg.de/viewer/api/v1/records/07087456/manifest/"$"https://nbn-resolving.de/urn:nbn:de:bvb:75-20230328124759"$"https://online-service.nuernberg.de/viewer/api/v1/records/07087456/files/images/75_amb_4_55_003.tif/full/!400,400/0/default.jpg"$"Komplett"$"Original"$"Standard"$"Einzelseite"$"21.12.2022"$"2023"$"Stadtbibliothek im Bildungscampus Nürnberg"$"https://d-nb.info/gnd/107529195X"$"Nürnberg"$"https://d-nb.info/gnd/4042742-0"$"Stadtbibliothek im Bildungscampus Nürnberg"$"https://d-nb.info/gnd/107529195X"$"Nürnberg"$"https://d-nb.info/gnd/4042742-0"
"52"$"Cent. IV, 75"$"https://online-service.nuernberg.de/viewer/api/v1/records/07091523/manifest/"$"https://nbn-resolving.de/urn:nbn:de:bvb:75-20230515112314"$"https://online-service.nuernberg.de/viewer/api/v1/records/07091523/files/images/75_cent_iv_75_005.tif/full/!400,400/0/default.jpg"$"Komplett"$"Original"$"Standard"$"Einzelseite"$"21.12.2022"$"2023"$"Stadtbibliothek im Bildungscampus Nürnberg"$"https://d-nb.info/gnd/107529195X"$"Nürnberg"$"https://d-nb.info/gnd/4042742-0"$"Stadtbibliothek im Bildungscampus Nürnberg"$"https://d-nb.info/gnd/107529195X"$"Nürnberg"$"https://d-nb.info/gnd/4042742-0"
"53"$"Cent. VII, 92"$"https://online-service.nuernberg.de/viewer/api/v1/records/07094468/manifest/"$"https://nbn-resolving.de/urn:nbn:de:bvb:75-20230629134813"$"https://online-service.nuernberg.de/viewer/api/v1/records/07094468/files/images/75_cent_vii_92_005.tif/full/!400,400/0/default.jpg"$"Komplett"$"Original"$"Standard"$"Einzelseite"$"21.12.2022"$"2023"$"Stadtbibliothek im Bildungscampus Nürnberg"$"https://d-nb.info/gnd/107529195X"$"Nürnberg"$"https://d-nb.info/gnd/4042742-0"$"Stadtbibliothek im Bildungscampus Nürnberg"$"https://d-nb.info/gnd/107529195X"$"Nürnberg"$"https://d-nb.info/gnd/4042742-0"
"54"$"Cent. VI, 89"$"https://online-service.nuernberg.de/viewer/api/v1/records/07095093/manifest/"$"https://nbn-resolving.de/urn:nbn:de:bvb:75-20230711104716"$"https://online-service.nuernberg.de/viewer/api/v1/records/07095093/files/images/75_cent_vi_89_011.tif/full/!400,400/0/default.jpg"$"Komplett"$"Original"$"Standard"$"Einzelseite"$"21.12.2022"$"2023"$"Stadtbibliothek im Bildungscampus Nürnberg"$"https://d-nb.info/gnd/107529195X"$"Nürnberg"$"https://d-nb.info/gnd/4042742-0"$"Stadtbibliothek im Bildungscampus Nürnberg"$"https://d-nb.info/gnd/107529195X"$"Nürnberg"$"https://d-nb.info/gnd/4042742-0"
"55"$"Cent. II, 79"$"https://online-service.nuernberg.de/viewer/api/v1/records/07100952/manifest/"$"https://nbn-resolving.de/urn:nbn:de:bvb:75-20231023124058"$"https://online-service.nuernberg.de/viewer/api/v1/records/07100952/files/images/75_cent_ii_79_398.tif/full/!400,400/0/default.jpg"$"Komplett"$"Original"$"Standard"$"Einzelseite"$"21.12.2022"$"2023"$"Stadtbibliothek im Bildungscampus Nürnberg"$"https://d-nb.info/gnd/107529195X"$"Nürnberg"$"https://d-nb.info/gnd/4042742-0"$"Stadtbibliothek im Bildungscampus Nürnberg"$"https://d-nb.info/gnd/107529195X"$"Nürnberg"$"https://d-nb.info/gnd/4042742-0"
"56"$"Cent. III, 41"$"https://online-service.nuernberg.de/viewer/api/v1/records/07101233/manifest/"$"https://nbn-resolving.de/urn:nbn:de:bvb:75-20231025110442"$"https://online-service.nuernberg.de/viewer/api/v1/records/07101233/files/images/75_cent_iii_41_190.tif/full/!400,400/0/default.jpg"$"Komplett"$"Original"$"Standard"$"Einzelseite"$"21.12.2022"$"2023"$"Stadtbibliothek im Bildungscampus Nürnberg"$"https://d-nb.info/gnd/107529195X"$"Nürnberg"$"https://d-nb.info/gnd/4042742-0"$"Stadtbibliothek im Bildungscampus Nürnberg"$"https://d-nb.info/gnd/107529195X"$"Nürnberg"$"https://d-nb.info/gnd/4042742-0"
"57"$"Cent. VII, 78"$"https://online-service.nuernberg.de/viewer/api/v1/records/07101329/manifest/"$"https://nbn-resolving.de/urn:nbn:de:bvb:75-20231107120316"$"https://online-service.nuernberg.de/viewer/api/v1/records/07101329/files/images/75_cent_vii_78_003.tif/full/!400,400/0/default.jpg"$"Komplett"$"Original"$"Standard"$"Einzelseite"$"21.12.2022"$"2023"$"Stadtbibliothek im Bildungscampus Nürnberg"$"https://d-nb.info/gnd/107529195X"$"Nürnberg"$"https://d-nb.info/gnd/4042742-0"$"Stadtbibliothek im Bildungscampus Nürnberg"$"https://d-nb.info/gnd/107529195X"$"Nürnberg"$"https://d-nb.info/gnd/4042742-0"
"58"$"Solg. Ms. 4.4°"$"https://online-service.nuernberg.de/viewer/api/v1/records/07105816/manifest/"$"https://nbn-resolving.de/urn:nbn:de:bvb:75-20231221161822"$"https://online-service.nuernberg.de/viewer/api/v1/records/07105816/files/images/75_solg_ms_4_4_044.tif/full/!400,400/0/default.jpg"$"Komplett"$"Original"$"Standard"$"Einzelseite"$"21.12.2022"$"2023"$"Stadtbibliothek im Bildungscampus Nürnberg"$"https://d-nb.info/gnd/107529195X"$"Nürnberg"$"https://d-nb.info/gnd/4042742-0"$"Stadtbibliothek im Bildungscampus Nürnberg"$"https://d-nb.info/gnd/107529195X"$"Nürnberg"$"https://d-nb.info/gnd/4042742-0"
"59"$"Cent. VI, 43b"$"https://online-service.nuernberg.de/viewer/api/v1/records/07106370/manifest/"$"https://nbn-resolving.de/urn:nbn:de:bvb:75-20240104105217"$"https://online-service.nuernberg.de/viewer/api/v1/records/07106370/files/images/75_cent_vii_43b_007.tif/full/!400,400/0/default.jp"$"Komplett"$"Original"$"bitonal"$"Einzelseite"$"21.12.2022"$"2023"$"Stadtbibliothek im Bildungscampus Nürnberg"$"https://d-nb.info/gnd/107529195X"$"Nürnberg"$"https://d-nb.info/gnd/4042742-0"$"Stadtbibliothek im Bildungscampus Nürnberg"$"https://d-nb.info/gnd/107529195X"$"Nürnberg"$"https://d-nb.info/gnd/4042742-0"
"60"$"Cent. III, 43"$"https://online-service.nuernberg.de/viewer/api/v1/records/07107632/manifest/"$"https://nbn-resolving.de/urn:nbn:de:bvb:75-20240124164444"$"https://online-service.nuernberg.de/viewer/api/v1/records/07107632/files/images/75_cent_iii_43_005.tif/full/!400,400/0/default.jpg"$"Komplett"$"Original"$"bitonal"$"Einzelseite"$"21.12.2022"$"2023"$"Stadtbibliothek im Bildungscampus Nürnberg"$"https://d-nb.info/gnd/107529195X"$"Nürnberg"$"https://d-nb.info/gnd/4042742-0"$"Stadtbibliothek im Bildungscampus Nürnberg"$"https://d-nb.info/gnd/107529195X"$"Nürnberg"$"https://d-nb.info/gnd/4042742-0"
"61"$"Cent. IV, 6"$"https://online-service.nuernberg.de/viewer/api/v1/records/07107638/manifest/"$"https://nbn-resolving.de/urn:nbn:de:bvb:75-20240124114630"$"https://online-service.nuernberg.de/viewer/api/v1/records/07107638/files/images/75_cent_iv_6_004.tif/full/!400,400/0/default.jpg"$"Komplett"$"Original"$"bitonal"$"Doppelseite"$"21.12.2022"$"2023"$"Stadtbibliothek im Bildungscampus Nürnberg"$"https://d-nb.info/gnd/107529195X"$"Nürnberg"$"https://d-nb.info/gnd/4042742-0"$"Stadtbibliothek im Bildungscampus Nürnberg"$"https://d-nb.info/gnd/107529195X"$"Nürnberg"$"https://d-nb.info/gnd/4042742-0"
"62"$"Cent. IV, 18"$"https://online-service.nuernberg.de/viewer/api/v1/records/07108088/manifest/"$"https://nbn-resolving.de/urn:nbn:de:bvb:75-20240131090841"$"https://online-service.nuernberg.de/viewer/api/v1/records/07108088/files/images/75_cent_iv_18_005.tif/full/!400,400/0/default.jpg"$"Komplett"$"Original"$"bitonal"$"Einzelseite"$"21.12.2022"$"2024"$"Stadtbibliothek im Bildungscampus Nürnberg"$"https://d-nb.info/gnd/107529195X"$"Nürnberg"$"https://d-nb.info/gnd/4042742-0"$"Stadtbibliothek im Bildungscampus Nürnberg"$"https://d-nb.info/gnd/107529195X"$"Nürnberg"$"https://d-nb.info/gnd/4042742-0"
"63"$"Cent. IV, 20"$"https://online-service.nuernberg.de/viewer/api/v1/records/07108194/manifest/"$"https://nbn-resolving.de/urn:nbn:de:bvb:75-20240131101152"$"https://online-service.nuernberg.de/viewer/api/v1/records/07108194/files/images/75_cent_iv_20_003.tif/full/!400,400/0/default.jpg"$"Komplett"$"Original"$"bitonal"$"Einzelseite"$"21.12.2022"$"2024"$"Stadtbibliothek im Bildungscampus Nürnberg"$"https://d-nb.info/gnd/107529195X"$"Nürnberg"$"https://d-nb.info/gnd/4042742-0"$"Stadtbibliothek im Bildungscampus Nürnberg"$"https://d-nb.info/gnd/107529195X"$"Nürnberg"$"https://d-nb.info/gnd/4042742-0"
"64"$"Cent. VI, 57"$"https://online-service.nuernberg.de/viewer/api/v1/records/07108865/manifest/"$"https://nbn-resolving.de/urn:nbn:de:bvb:75-20240209120627"$"https://online-service.nuernberg.de/viewer/api/v1/records/07108865/files/images/75_cent_vi_57_005.tif/full/!400,400/0/default.jpg"$"Komplett"$"Original"$"Standard"$"Einzelseite"$"21.12.2022"$"2024"$"Stadtbibliothek im Bildungscampus Nürnberg"$"https://d-nb.info/gnd/107529195X"$"Nürnberg"$"https://d-nb.info/gnd/4042742-0"$"Stadtbibliothek im Bildungscampus Nürnberg"$"https://d-nb.info/gnd/107529195X"$"Nürnberg"$"https://d-nb.info/gnd/4042742-0"
"65"$"Cent. VI, 59"$"https://online-service.nuernberg.de/viewer/api/v1/records/07109326/manifest/"$"https://nbn-resolving.de/urn:nbn:de:bvb:75-20240416143613"$"https://online-service.nuernberg.de/viewer/api/v1/records/07109326/files/images/75_cent_vi_59_013.tif/full/!400,400/0/default.jpg"$"Komplett"$"Original"$"Standard"$"Einzelseite"$"21.12.2022"$"2024"$"Stadtbibliothek im Bildungscampus Nürnberg"$"https://d-nb.info/gnd/107529195X"$"Nürnberg"$"https://d-nb.info/gnd/4042742-0"$"Stadtbibliothek im Bildungscampus Nürnberg"$"https://d-nb.info/gnd/107529195X"$"Nürnberg"$"https://d-nb.info/gnd/4042742-0"
"66"$"Cent. IV, 33"$"https://online-service.nuernberg.de/viewer/api/v1/records/07109713/manifest/"$"https://nbn-resolving.de/urn:nbn:de:bvb:75-20240226105956"$"https://online-service.nuernberg.de/viewer/api/v1/records/07109713/files/images/75_cent_iv_33_015.tif/full/!400,400/0/default.jpg"$"Komplett"$"Original"$"bitonal"$"Einzelseite"$"21.12.2022"$"2024"$"Stadtbibliothek im Bildungscampus Nürnberg"$"https://d-nb.info/gnd/107529195X"$"Nürnberg"$"https://d-nb.info/gnd/4042742-0"$"Stadtbibliothek im Bildungscampus Nürnberg"$"https://d-nb.info/gnd/107529195X"$"Nürnberg"$"https://d-nb.info/gnd/4042742-0"
"67"$"Cent. IV, 34"$"https://online-service.nuernberg.de/viewer/api/v1/records/07109784/manifest/"$"https://nbn-resolving.de/urn:nbn:de:bvb:75-20240227101213"$"https://online-service.nuernberg.de/viewer/api/v1/records/07109784/files/images/75_cent_iv_34_009.tif/full/!400,400/0/default.jpg"$"Komplett"$"Original"$"bitonal"$"Einzelseite"$"21.12.2022"$"2024"$"Stadtbibliothek im Bildungscampus Nürnberg"$"https://d-nb.info/gnd/107529195X"$"Nürnberg"$"https://d-nb.info/gnd/4042742-0"$"Stadtbibliothek im Bildungscampus Nürnberg"$"https://d-nb.info/gnd/107529195X"$"Nürnberg"$"https://d-nb.info/gnd/4042742-0"
"68"$"Cent. IV, 79"$"https://online-service.nuernberg.de/viewer/api/v1/records/07109777/manifest/"$"https://nbn-resolving.de/urn:nbn:de:bvb:75-20240227094315"$"https://online-service.nuernberg.de/viewer/api/v1/records/07109777/files/images/75_cent_iv_79_002.tif/full/!400,400/0/default.jpg"$"Komplett"$"Original"$"bitonal"$"Doppelseite"$"21.12.2022"$"2024"$"Stadtbibliothek im Bildungscampus Nürnberg"$"https://d-nb.info/gnd/107529195X"$"Nürnberg"$"https://d-nb.info/gnd/4042742-0"$"Stadtbibliothek im Bildungscampus Nürnberg"$"https://d-nb.info/gnd/107529195X"$"Nürnberg"$"https://d-nb.info/gnd/4042742-0"
"69"$"Cent. VII, 16"$"https://online-service.nuernberg.de/viewer/api/v1/records/07109835/manifest/"$"https://nbn-resolving.de/urn:nbn:de:bvb:75-20240228084805"$"https://online-service.nuernberg.de/viewer/api/v1/records/07109835/files/images/75_cent_vii_16_385.tif/full/!400,400/0/default.jpg"$"Komplett"$"Original"$"Standard"$"Einzelseite"$"21.12.2022"$"2024"$"Stadtbibliothek im Bildungscampus Nürnberg"$"https://d-nb.info/gnd/107529195X"$"Nürnberg"$"https://d-nb.info/gnd/4042742-0"$"Stadtbibliothek im Bildungscampus Nürnberg"$"https://d-nb.info/gnd/107529195X"$"Nürnberg"$"https://d-nb.info/gnd/4042742-0"
"70"$"Cent. IV, 36"$"https://online-service.nuernberg.de/viewer/api/v1/records/07109905/manifest/"$"https://nbn-resolving.de/urn:nbn:de:bvb:75-20240228114819"$"https://online-service.nuernberg.de/viewer/api/v1/records/07109905/files/images/75_cent_iv_36_005.tif/full/!400,400/0/default.jpg"$"Komplett"$"Original"$"bitonal"$"Einzelseite"$"21.12.2022"$"2024"$"Stadtbibliothek im Bildungscampus Nürnberg"$"https://d-nb.info/gnd/107529195X"$"Nürnberg"$"https://d-nb.info/gnd/4042742-0"$"Stadtbibliothek im Bildungscampus Nürnberg"$"https://d-nb.info/gnd/107529195X"$"Nürnberg"$"https://d-nb.info/gnd/4042742-0"
"71"$"Cent. IV, 38"$"https://online-service.nuernberg.de/viewer/api/v1/records/07110492/manifest/"$"https://nbn-resolving.de/urn:nbn:de:bvb:75-20240304142325"$"https://online-service.nuernberg.de/viewer/api/v1/records/07110492/files/images/75_cent_iv_38_003.tif/full/!400,400/0/default.jpg"$"Komplett"$"Original"$"bitonal"$"Doppelseite"$"21.12.2022"$"2024"$"Stadtbibliothek im Bildungscampus Nürnberg"$"https://d-nb.info/gnd/107529195X"$"Nürnberg"$"https://d-nb.info/gnd/4042742-0"$"Stadtbibliothek im Bildungscampus Nürnberg"$"https://d-nb.info/gnd/107529195X"$"Nürnberg"$"https://d-nb.info/gnd/4042742-0"
"72"$"Cent. IV, 39"$"https://online-service.nuernberg.de/viewer/api/v1/records/07110510/manifest/"$"https://nbn-resolving.de/urn:nbn:de:bvb:75-20240305124138"$"https://online-service.nuernberg.de/viewer/api/v1/records/07110510/files/images/75_cent_iv_39_003.tif/full/!400,400/0/default.jpg"$"Komplett"$"Original"$"bitonal"$"Einzelseite"$"21.12.2022"$"2024"$"Stadtbibliothek im Bildungscampus Nürnberg"$"https://d-nb.info/gnd/107529195X"$"Nürnberg"$"https://d-nb.info/gnd/4042742-0"$"Stadtbibliothek im Bildungscampus Nürnberg"$"https://d-nb.info/gnd/107529195X"$"Nürnberg"$"https://d-nb.info/gnd/4042742-0"
"73"$"Cent. IV, 40"$"https://online-service.nuernberg.de/viewer/api/v1/records/07110525/manifest/"$"https://nbn-resolving.de/urn:nbn:de:bvb:75-20240305152116"$"https://online-service.nuernberg.de/viewer/api/v1/records/07110525/files/images/75_cent_iv_40_002.tif/full/!400,400/0/default.jp"$"Komplett"$"Original"$"bitonal"$"Doppelseite"$"21.12.2022"$"2024"$"Stadtbibliothek im Bildungscampus Nürnberg"$"https://d-nb.info/gnd/107529195X"$"Nürnberg"$"https://d-nb.info/gnd/4042742-0"$"Stadtbibliothek im Bildungscampus Nürnberg"$"https://d-nb.info/gnd/107529195X"$"Nürnberg"$"https://d-nb.info/gnd/4042742-0"
"74"$"Cent. IV, 41"$"https://online-service.nuernberg.de/viewer/api/v1/records/07110526/manifest/"$"https://nbn-resolving.de/urn:nbn:de:bvb:75-20240304145204"$"https://online-service.nuernberg.de/viewer/api/v1/records/07110526/files/images/75_cent_iv_41_003.tif/full/!400,400/0/default.jpg"$"Komplett"$"Original"$"bitonal"$"Doppelseite"$"21.12.2022"$"2024"$"Stadtbibliothek im Bildungscampus Nürnberg"$"https://d-nb.info/gnd/107529195X"$"Nürnberg"$"https://d-nb.info/gnd/4042742-0"$"Stadtbibliothek im Bildungscampus Nürnberg"$"https://d-nb.info/gnd/107529195X"$"Nürnberg"$"https://d-nb.info/gnd/4042742-0"
"75"$"Cent. IV, 93"$"https://online-service.nuernberg.de/viewer/api/v1/records/07110649/manifest/"$"https://nbn-resolving.de/urn:nbn:de:bvb:75-20240306144451"$"https://online-service.nuernberg.de/viewer/api/v1/records/07110649/files/images/75_cent_iv_93_003.tif/full/!400,400/0/default.jpg"$"Komplett"$"Original"$"bitonal"$"Doppelseite"$"21.12.2022"$"2024"$"Stadtbibliothek im Bildungscampus Nürnberg"$"https://d-nb.info/gnd/107529195X"$"Nürnberg"$"https://d-nb.info/gnd/4042742-0"$"Stadtbibliothek im Bildungscampus Nürnberg"$"https://d-nb.info/gnd/107529195X"$"Nürnberg"$"https://d-nb.info/gnd/4042742-0"
"76"$"Cent. IV, 80"$"https://online-service.nuernberg.de/viewer/api/v1/records/07110610/manifest/"$"https://nbn-resolving.de/urn:nbn:de:bvb:75-20240306152755"$"https://online-service.nuernberg.de/viewer/api/v1/records/07110610/files/images/75_cent_iv_80_013.tif/full/!400,400/0/default.jpg"$"Komplett"$"Original"$"bitonal"$"Einzelseite"$"21.12.2022"$"2024"$"Stadtbibliothek im Bildungscampus Nürnberg"$"https://d-nb.info/gnd/107529195X"$"Nürnberg"$"https://d-nb.info/gnd/4042742-0"$"Stadtbibliothek im Bildungscampus Nürnberg"$"https://d-nb.info/gnd/107529195X"$"Nürnberg"$"https://d-nb.info/gnd/4042742-0"
"77"$"Cent. III, 85"$"https://online-service.nuernberg.de/viewer/api/v1/records/07110614/manifest/"$"https://nbn-resolving.de/urn:nbn:de:bvb:75-20240306163628"$"https://online-service.nuernberg.de/viewer/api/v1/records/07110614/files/images/75_cent_iii_85_003.tif/full/!400,400/0/default.jpg"$"Komplett"$"Original"$"bitonal"$"Doppelseite"$"21.12.2022"$"2024"$"Stadtbibliothek im Bildungscampus Nürnberg"$"https://d-nb.info/gnd/107529195X"$"Nürnberg"$"https://d-nb.info/gnd/4042742-0"$"Stadtbibliothek im Bildungscampus Nürnberg"$"https://d-nb.info/gnd/107529195X"$"Nürnberg"$"https://d-nb.info/gnd/4042742-0"
"78"$"Cent. V, 29"$"https://online-service.nuernberg.de/viewer/api/v1/records/07110623/manifest/"$"https://nbn-resolving.de/urn:nbn:de:bvb:75-20240307064642"$"https://online-service.nuernberg.de/viewer/api/v1/records/07110623/files/images/75_cent_v_29_007.tif/full/!400,400/0/default.jpg"$"Komplett"$"Original"$"bitonal"$"Einzelseite"$"21.12.2022"$"2024"$"Stadtbibliothek im Bildungscampus Nürnberg"$"https://d-nb.info/gnd/107529195X"$"Nürnberg"$"https://d-nb.info/gnd/4042742-0"$"Stadtbibliothek im Bildungscampus Nürnberg"$"https://d-nb.info/gnd/107529195X"$"Nürnberg"$"https://d-nb.info/gnd/4042742-0"
"79"$"Cent. V, 28"$"https://online-service.nuernberg.de/viewer/api/v1/records/07110878/manifest/"$"https://nbn-resolving.de/urn:nbn:de:bvb:75-20240311114400"$"https://online-service.nuernberg.de/viewer/api/v1/records/07110878/files/images/75_cent_v_28_011.tif/full/!400,400/0/default.jpg"$"Komplett"$"Original"$"bitonal"$"Einzelseite"$"21.12.2022"$"2024"$"Stadtbibliothek im Bildungscampus Nürnberg"$"https://d-nb.info/gnd/107529195X"$"Nürnberg"$"https://d-nb.info/gnd/4042742-0"$"Stadtbibliothek im Bildungscampus Nürnberg"$"https://d-nb.info/gnd/107529195X"$"Nürnberg"$"https://d-nb.info/gnd/4042742-0"
"80"$"Cent. V, App. 30"$"https://online-service.nuernberg.de/viewer/api/v1/records/07110881/manifest/"$"https://nbn-resolving.de/urn:nbn:de:bvb:75-20240311115955"$"https://online-service.nuernberg.de/viewer/api/v1/records/07110881/files/images/75_cent_v_app_30_003.tif/full/!400,400/0/default.jp"$"Komplett"$"Original"$"bitonal"$"Doppelseite"$"21.12.2022"$"2024"$"Stadtbibliothek im Bildungscampus Nürnberg"$"https://d-nb.info/gnd/107529195X"$"Nürnberg"$"https://d-nb.info/gnd/4042742-0"$"Stadtbibliothek im Bildungscampus Nürnberg"$"https://d-nb.info/gnd/107529195X"$"Nürnberg"$"https://d-nb.info/gnd/4042742-0"
"81"$"Cent. VI, 43c"$"https://online-service.nuernberg.de/viewer/api/v1/records/07110939/manifest/"$"https://nbn-resolving.de/urn:nbn:de:bvb:75-20240312101158"$"https://online-service.nuernberg.de/viewer/api/v1/records/07110939/files/images/75_cent_vi_43c_007.tif/full/!400,400/0/default.jp"$"Komplett"$"Original"$"bitonal"$"Einzelseite"$"21.12.2022"$"2024"$"Stadtbibliothek im Bildungscampus Nürnberg"$"https://d-nb.info/gnd/107529195X"$"Nürnberg"$"https://d-nb.info/gnd/4042742-0"$"Stadtbibliothek im Bildungscampus Nürnberg"$"https://d-nb.info/gnd/107529195X"$"Nürnberg"$"https://d-nb.info/gnd/4042742-0"
"82"$"Cent. VI, 43h"$"https://online-service.nuernberg.de/viewer/api/v1/records/07110948/manifest/"$"https://nbn-resolving.de/urn:nbn:de:bvb:75-20240508120831"$"https://online-service.nuernberg.de/viewer/api/v1/records/07110948/files/images/75_cent_vi_43h_010.tif/full/!400,400/0/default.jpg"$"Komplett"$"Original"$"bitonal"$"Einzelseite"$"21.12.2022"$"2024"$"Stadtbibliothek im Bildungscampus Nürnberg"$"https://d-nb.info/gnd/107529195X"$"Nürnberg"$"https://d-nb.info/gnd/4042742-0"$"Stadtbibliothek im Bildungscampus Nürnberg"$"https://d-nb.info/gnd/107529195X"$"Nürnberg"$"https://d-nb.info/gnd/4042742-0"
"83"$"Cent. VI, 43m"$"https://online-service.nuernberg.de/viewer/api/v1/records/07113791/manifest/"$"https://nbn-resolving.de/urn:nbn:de:bvb:75-20240418141924"$"https://online-service.nuernberg.de/viewer/api/v1/records/07113791/files/images/75_cent_vi_43m_007.tif/full/!400,400/0/default.jpg"$"Komplett"$"Original"$"Standard"$"Einzelseite"$"21.12.2022"$"2024"$"Stadtbibliothek im Bildungscampus Nürnberg"$"https://d-nb.info/gnd/107529195X"$"Nürnberg"$"https://d-nb.info/gnd/4042742-0"$"Stadtbibliothek im Bildungscampus Nürnberg"$"https://d-nb.info/gnd/107529195X"$"Nürnberg"$"https://d-nb.info/gnd/4042742-0"
"84"$"Cent. V, App. 10"$"https://online-service.nuernberg.de/viewer/api/v1/records/07113812/manifest/"$"https://nbn-resolving.de/urn:nbn:de:bvb:75-20240418121108"$"https://online-service.nuernberg.de/viewer/api/v1/records/07113812/files/images/75_cent_v_app_10_013.tif/full/!400,400/0/default.jpg"$"Komplett"$"Original"$"bitonal"$"Einzelseite"$"21.12.2022"$"2024"$"Stadtbibliothek im Bildungscampus Nürnberg"$"https://d-nb.info/gnd/107529195X"$"Nürnberg"$"https://d-nb.info/gnd/4042742-0"$"Stadtbibliothek im Bildungscampus Nürnberg"$"https://d-nb.info/gnd/107529195X"$"Nürnberg"$"https://d-nb.info/gnd/4042742-0"
"85"$"Cent. IV, 17"$"https://online-service.nuernberg.de/viewer/api/v1/records/07113926/manifest/"$"https://nbn-resolving.de/urn:nbn:de:bvb:75-20240419112727"$"https://online-service.nuernberg.de/viewer/api/v1/records/07113926/files/images/75_cent_iv_17_003.tif/full/!400,400/0/default.jp"$"Komplett"$"Original"$"bitonal"$"Einzelseite"$"21.12.2022"$"2024"$"Stadtbibliothek im Bildungscampus Nürnberg"$"https://d-nb.info/gnd/107529195X"$"Nürnberg"$"https://d-nb.info/gnd/4042742-0"$"Stadtbibliothek im Bildungscampus Nürnberg"$"https://d-nb.info/gnd/107529195X"$"Nürnberg"$"https://d-nb.info/gnd/4042742-0"
"86"$"Cent. III, 93"$"https://online-service.nuernberg.de/viewer/api/v1/records/07113955/manifest/"$"https://nbn-resolving.de/urn:nbn:de:bvb:75-20240419132800"$"https://online-service.nuernberg.de/viewer/api/v1/records/07113955/files/images/75_cent_iii_93_003.tif/full/!400,400/0/default.jpg"$"Komplett"$"Original"$"bitonal"$"Einzelseite"$"21.12.2022"$"2024"$"Stadtbibliothek im Bildungscampus Nürnberg"$"https://d-nb.info/gnd/107529195X"$"Nürnberg"$"https://d-nb.info/gnd/4042742-0"$"Stadtbibliothek im Bildungscampus Nürnberg"$"https://d-nb.info/gnd/107529195X"$"Nürnberg"$"https://d-nb.info/gnd/4042742-0"
"87"$"Cent. IV, 1"$"https://online-service.nuernberg.de/viewer/api/v1/records/07114271/manifest/"$"https://nbn-resolving.de/urn:nbn:de:bvb:75-20240425104028"$"https://online-service.nuernberg.de/viewer/api/v1/records/07114271/files/images/75_cent_iv_1_003.tif/full/!400,400/0/default.jpg"$"Komplett"$"Original"$"bitonal"$"Einzelseite"$"21.12.2022"$"2024"$"Stadtbibliothek im Bildungscampus Nürnberg"$"https://d-nb.info/gnd/107529195X"$"Nürnberg"$"https://d-nb.info/gnd/4042742-0"$"Stadtbibliothek im Bildungscampus Nürnberg"$"https://d-nb.info/gnd/107529195X"$"Nürnberg"$"https://d-nb.info/gnd/4042742-0"
"88"$"Cent. VI, 43i"$"https://online-service.nuernberg.de/viewer/api/v1/records/07114280/manifest/"$"https://nbn-resolving.de/urn:nbn:de:bvb:75-20240425120429"$"https://online-service.nuernberg.de/viewer/api/v1/records/07114280/files/images/75_cent_vi_43i_008.tif/full/!400,400/0/default.jpg"$"Komplett"$"Original"$"bitonal"$"Einzelseite"$"21.12.2022"$"2024"$"Stadtbibliothek im Bildungscampus Nürnberg"$"https://d-nb.info/gnd/107529195X"$"Nürnberg"$"https://d-nb.info/gnd/4042742-0"$"Stadtbibliothek im Bildungscampus Nürnberg"$"https://d-nb.info/gnd/107529195X"$"Nürnberg"$"https://d-nb.info/gnd/4042742-0"
"89"$"Cent. VI, 43n"$"https://online-service.nuernberg.de/viewer/api/v1/records/07114291/manifest/"$"https://nbn-resolving.de/urn:nbn:de:bvb:75-20240425125811"$"https://online-service.nuernberg.de/viewer/api/v1/records/07114291/files/images/75_cent_vi_43n_012.tif/full/!400,400/0/default.jpg"$"Komplett"$"Original"$"bitonal"$"Einzelseite"$"21.12.2022"$"2024"$"Stadtbibliothek im Bildungscampus Nürnberg"$"https://d-nb.info/gnd/107529195X"$"Nürnberg"$"https://d-nb.info/gnd/4042742-0"$"Stadtbibliothek im Bildungscampus Nürnberg"$"https://d-nb.info/gnd/107529195X"$"Nürnberg"$"https://d-nb.info/gnd/4042742-0"
"90"$"Cent. VI, 43q"$"https://online-service.nuernberg.de/viewer/api/v1/records/07114299/manifest/"$"https://nbn-resolving.de/urn:nbn:de:bvb:75-20240425141300"$"https://online-service.nuernberg.de/viewer/api/v1/records/07114299/files/images/75_cent_vi_43q_003.tif/full/!400,400/0/default.jp"$"Komplett"$"Original"$"bitonal"$"Einzelseite"$"21.12.2022"$"2024"$"Stadtbibliothek im Bildungscampus Nürnberg"$"https://d-nb.info/gnd/107529195X"$"Nürnberg"$"https://d-nb.info/gnd/4042742-0"$"Stadtbibliothek im Bildungscampus Nürnberg"$"https://d-nb.info/gnd/107529195X"$"Nürnberg"$"https://d-nb.info/gnd/4042742-0"
"91"$"Cent. VI, 43u"$"https://online-service.nuernberg.de/viewer/api/v1/records/07114303/manifest/"$"https://nbn-resolving.de/urn:nbn:de:bvb:75-20240425150852"$"https://online-service.nuernberg.de/viewer/api/v1/records/07114303/files/images/75_cent_vi_43_u_005.tif/full/!400,400/0/default.jpg"$"Komplett"$"Original"$"bitonal"$"Einzelseite"$"21.12.2022"$"2024"$"Stadtbibliothek im Bildungscampus Nürnberg"$"https://d-nb.info/gnd/107529195X"$"Nürnberg"$"https://d-nb.info/gnd/4042742-0"$"Stadtbibliothek im Bildungscampus Nürnberg"$"https://d-nb.info/gnd/107529195X"$"Nürnberg"$"https://d-nb.info/gnd/4042742-0"
"92"$"Cent. VI, 43y"$"https://online-service.nuernberg.de/viewer/api/v1/records/07114308/manifest/"$"https://nbn-resolving.de/urn:nbn:de:bvb:75-20240425161638"$"https://online-service.nuernberg.de/viewer/api/v1/records/07114308/files/images/75_cent_vi_43_y_007.tif/full/!400,400/0/default.jpg"$"Komplett"$"Original"$"bitonal"$"Einzelseite"$"21.12.2022"$"2024"$"Stadtbibliothek im Bildungscampus Nürnberg"$"https://d-nb.info/gnd/107529195X"$"Nürnberg"$"https://d-nb.info/gnd/4042742-0"$"Stadtbibliothek im Bildungscampus Nürnberg"$"https://d-nb.info/gnd/107529195X"$"Nürnberg"$"https://d-nb.info/gnd/4042742-0"
"93"$"Cent. VI, 43k"$"https://online-service.nuernberg.de/viewer/api/v1/records/07114411/manifest/"$"https://nbn-resolving.de/urn:nbn:de:bvb:75-20240502134515"$"https://online-service.nuernberg.de/viewer/api/v1/records/07114411/files/images/75_cent_vi_43k_519a.tif/full/!400,400/0/default.jp"$"Komplett"$"Original"$"bitonal"$"Einzelseite"$"21.12.2022"$"2024"$"Stadtbibliothek im Bildungscampus Nürnberg"$"https://d-nb.info/gnd/107529195X"$"Nürnberg"$"https://d-nb.info/gnd/4042742-0"$"Stadtbibliothek im Bildungscampus Nürnberg"$"https://d-nb.info/gnd/107529195X"$"Nürnberg"$"https://d-nb.info/gnd/4042742-0"
"94"$"Cent. VI, 44"$"https://online-service.nuernberg.de/viewer/api/v1/records/07114408/manifest/"$"https://nbn-resolving.de/urn:nbn:de:bvb:75-20240502123141"$"https://online-service.nuernberg.de/viewer/api/v1/records/07114408/files/images/75_cent_vi_44_005.tif/full/!400,400/0/default.jpg"$"Komplett"$"Original"$"bitonal"$"Einzelseite"$"21.12.2022"$"2024"$"Stadtbibliothek im Bildungscampus Nürnberg"$"https://d-nb.info/gnd/107529195X"$"Nürnberg"$"https://d-nb.info/gnd/4042742-0"$"Stadtbibliothek im Bildungscampus Nürnberg"$"https://d-nb.info/gnd/107529195X"$"Nürnberg"$"https://d-nb.info/gnd/4042742-0"
"95"$"Cent. VI, 46d"$"https://online-service.nuernberg.de/viewer/api/v1/records/07114644/manifest/"$"https://nbn-resolving.de/urn:nbn:de:bvb:75-20240503083800"$"https://online-service.nuernberg.de/viewer/api/v1/records/07114644/files/images/75_cent_vi_46d_005.tif/full/!400,400/0/default.jpg"$"Komplett"$"Original"$"bitonal"$"Einzelseite"$"21.12.2022"$"2024"$"Stadtbibliothek im Bildungscampus Nürnberg"$"https://d-nb.info/gnd/107529195X"$"Nürnberg"$"https://d-nb.info/gnd/4042742-0"$"Stadtbibliothek im Bildungscampus Nürnberg"$"https://d-nb.info/gnd/107529195X"$"Nürnberg"$"https://d-nb.info/gnd/4042742-0"
"96"$"Cent. VI, 46e"$"https://online-service.nuernberg.de/viewer/api/v1/records/07114647/manifest/"$"https://nbn-resolving.de/urn:nbn:de:bvb:75-20240503105045"$"https://online-service.nuernberg.de/viewer/api/v1/records/07114647/files/images/75_cent_vi_46e_038.tif/full/!400,400/0/default.jp"$"Komplett"$"Original"$"bitonal"$"Einzelseite"$"21.12.2022"$"2024"$"Stadtbibliothek im Bildungscampus Nürnberg"$"https://d-nb.info/gnd/107529195X"$"Nürnberg"$"https://d-nb.info/gnd/4042742-0"$"Stadtbibliothek im Bildungscampus Nürnberg"$"https://d-nb.info/gnd/107529195X"$"Nürnberg"$"https://d-nb.info/gnd/4042742-0"
"97"$"Cent. VI, 46f"$"https://online-service.nuernberg.de/viewer/api/v1/records/07114650/manifest/"$"https://nbn-resolving.de/urn:nbn:de:bvb:75-20240503113731"$"https://online-service.nuernberg.de/viewer/api/v1/records/07114650/files/images/75_cent_vi_46_f_009.tif/full/!400,400/0/default.jpg"$"Komplett"$"Original"$"bitonal"$"Einzelseite"$"21.12.2022"$"2024"$"Stadtbibliothek im Bildungscampus Nürnberg"$"https://d-nb.info/gnd/107529195X"$"Nürnberg"$"https://d-nb.info/gnd/4042742-0"$"Stadtbibliothek im Bildungscampus Nürnberg"$"https://d-nb.info/gnd/107529195X"$"Nürnberg"$"https://d-nb.info/gnd/4042742-0"
"98"$"Cent. VI, 51"$"https://online-service.nuernberg.de/viewer/api/v1/records/07114656/manifest/"$"https://nbn-resolving.de/urn:nbn:de:bvb:75-20240503125115"$"https://online-service.nuernberg.de/viewer/api/v1/records/07114656/files/images/75_cent_vi_51_015.tif/full/!400,400/0/default.jpg"$"Komplett"$"Original"$"bitonal"$"Einzelseite"$"21.12.2022"$"2024"$"Stadtbibliothek im Bildungscampus Nürnberg"$"https://d-nb.info/gnd/107529195X"$"Nürnberg"$"https://d-nb.info/gnd/4042742-0"$"Stadtbibliothek im Bildungscampus Nürnberg"$"https://d-nb.info/gnd/107529195X"$"Nürnberg"$"https://d-nb.info/gnd/4042742-0"
"99"$"Cent. VI, 52"$"https://online-service.nuernberg.de/viewer/api/v1/records/07114671/manifest/"$"https://nbn-resolving.de/urn:nbn:de:bvb:75-20240503154701"$"https://online-service.nuernberg.de/viewer/api/v1/records/07114671/files/images/75_cent_vi_52_030.tif/full/!400,400/0/default.jpg"$"Komplett"$"Original"$"bitonal"$"Einzelseite"$"21.12.2022"$"2024"$"Stadtbibliothek im Bildungscampus Nürnberg"$"https://d-nb.info/gnd/107529195X"$"Nürnberg"$"https://d-nb.info/gnd/4042742-0"$"Stadtbibliothek im Bildungscampus Nürnberg"$"https://d-nb.info/gnd/107529195X"$"Nürnberg"$"https://d-nb.info/gnd/4042742-0"
"100"$"Cent. VI, 53"$"https://online-service.nuernberg.de/viewer/api/v1/records/07114735/manifest/"$"https://nbn-resolving.de/urn:nbn:de:bvb:75-20240507094501"$"https://online-service.nuernberg.de/viewer/api/v1/records/07114735/files/images/75_cent_vi_53_003.tif/full/!400,400/0/default.jpg"$"Komplett"$"Original"$"bitonal"$"Doppelseite"$"21.12.2022"$"2024"$"Stadtbibliothek im Bildungscampus Nürnberg"$"https://d-nb.info/gnd/107529195X"$"Nürnberg"$"https://d-nb.info/gnd/4042742-0"$"Stadtbibliothek im Bildungscampus Nürnberg"$"https://d-nb.info/gnd/107529195X"$"Nürnberg"$"https://d-nb.info/gnd/4042742-0"
"101"$"Cent. VI, 54"$"https://online-service.nuernberg.de/viewer/api/v1/records/07114759/manifest/"$"https://nbn-resolving.de/urn:nbn:de:bvb:75-20240507114609"$"https://online-service.nuernberg.de/viewer/api/v1/records/07114759/files/images/75_cent_vi_54_005.tif/full/!400,400/0/default.jpg"$"Komplett"$"Original"$"bitonal"$"Doppelseite"$"21.12.2022"$"2024"$"Stadtbibliothek im Bildungscampus Nürnberg"$"https://d-nb.info/gnd/107529195X"$"Nürnberg"$"https://d-nb.info/gnd/4042742-0"$"Stadtbibliothek im Bildungscampus Nürnberg"$"https://d-nb.info/gnd/107529195X"$"Nürnberg"$"https://d-nb.info/gnd/4042742-0"
"102"$"Cent. VI, 55"$"https://online-service.nuernberg.de/viewer/api/v1/records/07114778/manifest/"$"https://nbn-resolving.de/urn:nbn:de:bvb:75-20240507125553"$"https://online-service.nuernberg.de/viewer/api/v1/records/07114778/files/images/75_cent_vi_55_007.tif/full/!400,400/0/default.jpg"$"Komplett"$"Original"$"bitonal"$"Einzelseite"$"21.12.2022"$"2024"$"Stadtbibliothek im Bildungscampus Nürnberg"$"https://d-nb.info/gnd/107529195X"$"Nürnberg"$"https://d-nb.info/gnd/4042742-0"$"Stadtbibliothek im Bildungscampus Nürnberg"$"https://d-nb.info/gnd/107529195X"$"Nürnberg"$"https://d-nb.info/gnd/4042742-0"
"103"$"Cent. VI, 56"$"https://online-service.nuernberg.de/viewer/api/v1/records/07114786/manifest/"$"https://nbn-resolving.de/urn:nbn:de:bvb:75-20240508092121"$"https://online-service.nuernberg.de/viewer/api/v1/records/07114786/files/images/75_cent_vi_56_006.tif/full/!400,400/0/default.jpg"$"Komplett"$"Original"$"bitonal"$"Einzelseite"$"21.12.2022"$"2024"$"Stadtbibliothek im Bildungscampus Nürnberg"$"https://d-nb.info/gnd/107529195X"$"Nürnberg"$"https://d-nb.info/gnd/4042742-0"$"Stadtbibliothek im Bildungscampus Nürnberg"$"https://d-nb.info/gnd/107529195X"$"Nürnberg"$"https://d-nb.info/gnd/4042742-0"
"104"$"Cent. II, 86"$"https://online-service.nuernberg.de/viewer/api/v1/records/07115623/manifest/"$"https://nbn-resolving.de/urn:nbn:de:bvb:75-20240522101751"$"https://online-service.nuernberg.de/viewer/api/v1/records/07115623/files/images/75_cent_ii_86_024.tif/full/!400,400/0/default.jpg"$"Komplett"$"Original"$"bitonal"$"Einzelseite"$"21.12.2022"$"2024"$"Stadtbibliothek im Bildungscampus Nürnberg"$"https://d-nb.info/gnd/107529195X"$"Nürnberg"$"https://d-nb.info/gnd/4042742-0"$"Stadtbibliothek im Bildungscampus Nürnberg"$"https://d-nb.info/gnd/107529195X"$"Nürnberg"$"https://d-nb.info/gnd/4042742-0"
"105"$"Cent. VI, 58"$"https://online-service.nuernberg.de/viewer/api/v1/records/07115624/manifest/"$"https://nbn-resolving.de/urn:nbn:de:bvb:75-20240522154031"$"https://online-service.nuernberg.de/viewer/api/v1/records/07115624/files/images/75_cent_vi_58_005.tif/full/!400,400/0/default.jpg"$"Komplett"$"Original"$"bitonal"$"Einzelseite"$"21.12.2022"$"2024"$"Stadtbibliothek im Bildungscampus Nürnberg"$"https://d-nb.info/gnd/107529195X"$"Nürnberg"$"https://d-nb.info/gnd/4042742-0"$"Stadtbibliothek im Bildungscampus Nürnberg"$"https://d-nb.info/gnd/107529195X"$"Nürnberg"$"https://d-nb.info/gnd/4042742-0"
"106"$"Cent. VI, 60"$"https://online-service.nuernberg.de/viewer/api/v1/records/07115625/manifest/"$"https://nbn-resolving.de/urn:nbn:de:bvb:75-20240523085231"$"https://online-service.nuernberg.de/viewer/api/v1/records/07115625/files/images/75_cent_vi_60_102.tif/full/!400,400/0/default.jp"$"Komplett"$"Original"$"bitonal"$"Einzelseite"$"21.12.2022"$"2024"$"Stadtbibliothek im Bildungscampus Nürnberg"$"https://d-nb.info/gnd/107529195X"$"Nürnberg"$"https://d-nb.info/gnd/4042742-0"$"Stadtbibliothek im Bildungscampus Nürnberg"$"https://d-nb.info/gnd/107529195X"$"Nürnberg"$"https://d-nb.info/gnd/4042742-0"
"107"$"Cent. VI, 69"$"https://online-service.nuernberg.de/viewer/api/v1/records/07115634/manifest/"$"https://nbn-resolving.de/urn:nbn:de:bvb:75-20240523101019"$"https://online-service.nuernberg.de/viewer/api/v1/records/07115634/files/images/75_cent_vi_69_007.tif/full/!400,400/0/default.jpg"$"Komplett"$"Original"$"bitonal"$"Einzelseite"$"21.12.2022"$"2024"$"Stadtbibliothek im Bildungscampus Nürnberg"$"https://d-nb.info/gnd/107529195X"$"Nürnberg"$"https://d-nb.info/gnd/4042742-0"$"Stadtbibliothek im Bildungscampus Nürnberg"$"https://d-nb.info/gnd/107529195X"$"Nürnberg"$"https://d-nb.info/gnd/4042742-0"
"108"$"Cent. VI, 70"$"https://online-service.nuernberg.de/viewer/api/v1/records/07115643/manifest/"$"https://nbn-resolving.de/urn:nbn:de:bvb:75-20240523110945"$"https://online-service.nuernberg.de/viewer/api/v1/records/07115643/files/images/75_cent_vi_70_002.tif/full/!400,400/0/default.jpg"$"Komplett"$"Original"$"bitonal"$"Einzelseite"$"21.12.2022"$"2024"$"Stadtbibliothek im Bildungscampus Nürnberg"$"https://d-nb.info/gnd/107529195X"$"Nürnberg"$"https://d-nb.info/gnd/4042742-0"$"Stadtbibliothek im Bildungscampus Nürnberg"$"https://d-nb.info/gnd/107529195X"$"Nürnberg"$"https://d-nb.info/gnd/4042742-0"
"109"$"Cent. VI, 81"$"https://online-service.nuernberg.de/viewer/api/v1/records/07115655/manifest/"$"https://nbn-resolving.de/urn:nbn:de:bvb:75-20240523120505"$"https://online-service.nuernberg.de/viewer/api/v1/records/07115655/files/images/75_cent_vi_81_004.tif/full/!400,400/0/default.jpg"$"Komplett"$"Original"$"bitonal"$"Einzelseite"$"21.12.2022"$"2024"$"Stadtbibliothek im Bildungscampus Nürnberg"$"https://d-nb.info/gnd/107529195X"$"Nürnberg"$"https://d-nb.info/gnd/4042742-0"$"Stadtbibliothek im Bildungscampus Nürnberg"$"https://d-nb.info/gnd/107529195X"$"Nürnberg"$"https://d-nb.info/gnd/4042742-0"
"110"$"Cent. VI, 82"$"https://online-service.nuernberg.de/viewer/api/v1/records/07115817/manifest/"$"https://nbn-resolving.de/urn:nbn:de:bvb:75-20240523124919"$"https://online-service.nuernberg.de/viewer/api/v1/records/07115817/files/images/75_cent_vi_82_003.tif/full/!400,400/0/default.jpg"$"Komplett"$"Original"$"bitonal"$"Einzelseite"$"21.12.2022"$"2024"$"Stadtbibliothek im Bildungscampus Nürnberg"$"https://d-nb.info/gnd/107529195X"$"Nürnberg"$"https://d-nb.info/gnd/4042742-0"$"Stadtbibliothek im Bildungscampus Nürnberg"$"https://d-nb.info/gnd/107529195X"$"Nürnberg"$"https://d-nb.info/gnd/4042742-0"
"111"$"Cent. VI, 84"$"https://online-service.nuernberg.de/viewer/api/v1/records/07115927/manifest/"$"https://nbn-resolving.de/urn:nbn:de:bvb:75-20240527131458"$"https://online-service.nuernberg.de/viewer/api/v1/records/07115927/files/images/75_cent_vi_84_006.tif/full/!400,400/0/default.jpg"$"Komplett"$"Original"$"bitonal"$"Einzelseite"$"21.12.2022"$"2024"$"Stadtbibliothek im Bildungscampus Nürnberg"$"https://d-nb.info/gnd/107529195X"$"Nürnberg"$"https://d-nb.info/gnd/4042742-0"$"Stadtbibliothek im Bildungscampus Nürnberg"$"https://d-nb.info/gnd/107529195X"$"Nürnberg"$"https://d-nb.info/gnd/4042742-0"
"112"$"Cent. VI, 91"$"https://online-service.nuernberg.de/viewer/api/v1/records/07116257/manifest/"$"https://nbn-resolving.de/urn:nbn:de:bvb:75-20240603132547"$"https://online-service.nuernberg.de/viewer/api/v1/records/07116257/files/images/75_cent_vi_91_019.tif/full/!400,400/0/default.jpg"$"Komplett"$"Original"$"bitonal"$"Einzelseite"$"21.12.2022"$"2024"$"Stadtbibliothek im Bildungscampus Nürnberg"$"https://d-nb.info/gnd/107529195X"$"Nürnberg"$"https://d-nb.info/gnd/4042742-0"$"Stadtbibliothek im Bildungscampus Nürnberg"$"https://d-nb.info/gnd/107529195X"$"Nürnberg"$"https://d-nb.info/gnd/4042742-0"
"113"$"Cent. VI, 96"$"https://online-service.nuernberg.de/viewer/api/v1/records/07116261/manifest/"$"https://nbn-resolving.de/urn:nbn:de:bvb:75-20240531071132"$"https://online-service.nuernberg.de/viewer/api/v1/records/07116261/files/images/75_cent_vi_96_028.tif/full/!400,400/0/default.jpg"$"Komplett"$"Original"$"bitonal"$"Einzelseite"$"21.12.2022"$"2024"$"Stadtbibliothek im Bildungscampus Nürnberg"$"https://d-nb.info/gnd/107529195X"$"Nürnberg"$"https://d-nb.info/gnd/4042742-0"$"Stadtbibliothek im Bildungscampus Nürnberg"$"https://d-nb.info/gnd/107529195X"$"Nürnberg"$"https://d-nb.info/gnd/4042742-0"
"114"$"Cent. VII, 21"$"https://online-service.nuernberg.de/viewer/api/v1/records/07116262/manifest/"$"https://nbn-resolving.de/urn:nbn:de:bvb:75-20240531083546"$"https://online-service.nuernberg.de/viewer/api/v1/records/07116262/files/images/75_cent_vii_21_007.tif/full/!400,400/0/default.jpg"$"Komplett"$"Original"$"bitonal"$"Einzelseite"$"21.12.2022"$"2024"$"Stadtbibliothek im Bildungscampus Nürnberg"$"https://d-nb.info/gnd/107529195X"$"Nürnberg"$"https://d-nb.info/gnd/4042742-0"$"Stadtbibliothek im Bildungscampus Nürnberg"$"https://d-nb.info/gnd/107529195X"$"Nürnberg"$"https://d-nb.info/gnd/4042742-0"
"115"$"Cent. VI, 92"$"https://online-service.nuernberg.de/viewer/api/v1/records/07116263/manifest/"$"https://nbn-resolving.de/urn:nbn:de:bvb:75-20240531085007"$"https://online-service.nuernberg.de/viewer/api/v1/records/07116263/files/images/75_cent_vi_92_006.tif/full/!400,400/0/default.jpg"$"Komplett"$"Original"$"bitonal"$"Einzelseite"$"21.12.2022"$"2024"$"Stadtbibliothek im Bildungscampus Nürnberg"$"https://d-nb.info/gnd/107529195X"$"Nürnberg"$"https://d-nb.info/gnd/4042742-0"$"Stadtbibliothek im Bildungscampus Nürnberg"$"https://d-nb.info/gnd/107529195X"$"Nürnberg"$"https://d-nb.info/gnd/4042742-0"
"116"$"Cent. VI, 97"$"https://online-service.nuernberg.de/viewer/api/v1/records/07116265/manifest/"$"https://nbn-resolving.de/urn:nbn:de:bvb:75-20240531094133"$"https://online-service.nuernberg.de/viewer/api/v1/records/07116265/files/images/75_cent_vi_97_034.tif/full/!400,400/0/default.jpg"$"Komplett"$"Original"$"bitonal"$"Einzelseite"$"21.12.2022"$"2024"$"Stadtbibliothek im Bildungscampus Nürnberg"$"https://d-nb.info/gnd/107529195X"$"Nürnberg"$"https://d-nb.info/gnd/4042742-0"$"Stadtbibliothek im Bildungscampus Nürnberg"$"https://d-nb.info/gnd/107529195X"$"Nürnberg"$"https://d-nb.info/gnd/4042742-0"
"117"$"Cent. VI, 98"$"https://online-service.nuernberg.de/viewer/api/v1/records/07116277/manifest/"$"https://nbn-resolving.de/urn:nbn:de:bvb:75-20240531105816"$"https://online-service.nuernberg.de/viewer/api/v1/records/07116277/files/images/75_cent_vi_98_004.tif/full/!400,400/0/default.jp"$"Komplett"$"Original"$"bitonal"$"Einzelseite"$"21.12.2022"$"2024"$"Stadtbibliothek im Bildungscampus Nürnberg"$"https://d-nb.info/gnd/107529195X"$"Nürnberg"$"https://d-nb.info/gnd/4042742-0"$"Stadtbibliothek im Bildungscampus Nürnberg"$"https://d-nb.info/gnd/107529195X"$"Nürnberg"$"https://d-nb.info/gnd/4042742-0"
"118"$"Cent. VI, 99"$"https://online-service.nuernberg.de/viewer/api/v1/records/07116282/manifest/"$"https://nbn-resolving.de/urn:nbn:de:bvb:75-20240603084918"$"https://online-service.nuernberg.de/viewer/api/v1/records/07116282/files/images/75_cent_vi_99_012.tif/full/!400,400/0/default.jpg"$"Komplett"$"Original"$"bitonal"$"Einzelseite"$"21.12.2022"$"2024"$"Stadtbibliothek im Bildungscampus Nürnberg"$"https://d-nb.info/gnd/107529195X"$"Nürnberg"$"https://d-nb.info/gnd/4042742-0"$"Stadtbibliothek im Bildungscampus Nürnberg"$"https://d-nb.info/gnd/107529195X"$"Nürnberg"$"https://d-nb.info/gnd/4042742-0"
"119"$"Cent. VI, 100"$"https://online-service.nuernberg.de/viewer/api/v1/records/07116435/manifest/"$"https://nbn-resolving.de/urn:nbn:de:bvb:75-20240603114918"$"https://online-service.nuernberg.de/viewer/api/v1/records/07116435/files/images/75_cent_vi_100_006.tif/full/!400,400/0/default.jpg"$"Komplett"$"Original"$"Standard"$"Einzelseite"$"21.12.2022"$"2024"$"Stadtbibliothek im Bildungscampus Nürnberg"$"https://d-nb.info/gnd/107529195X"$"Nürnberg"$"https://d-nb.info/gnd/4042742-0"$"Stadtbibliothek im Bildungscampus Nürnberg"$"https://d-nb.info/gnd/107529195X"$"Nürnberg"$"https://d-nb.info/gnd/4042742-0"
"120"$"Cent. IV, 35"$"https://online-service.nuernberg.de/viewer/api/v1/records/07109904/manifest/"$"https://nbn-resolving.de/urn:nbn:de:bvb:75-20240603144114"$"https://online-service.nuernberg.de/viewer/api/v1/records/07109904/files/images/75_cent_iv_35_004.tif/full/!400,400/0/default.jpg"$"Komplett"$"Original"$"bitonal"$"Einzelseite"$"21.12.2022"$"2024"$"Stadtbibliothek im Bildungscampus Nürnberg"$"https://d-nb.info/gnd/107529195X"$"Nürnberg"$"https://d-nb.info/gnd/4042742-0"$"Stadtbibliothek im Bildungscampus Nürnberg"$"https://d-nb.info/gnd/107529195X"$"Nürnberg"$"https://d-nb.info/gnd/4042742-0"
"121"$"Cent. VII, 3"$"https://online-service.nuernberg.de/viewer/api/v1/records/07116705/manifest/"$"https://nbn-resolving.de/urn:nbn:de:bvb:75-20240606114012"$"https://online-service.nuernberg.de/viewer/api/v1/records/07116705/files/images/75_cent_vii_3_013.tif/full/!400,400/0/default.jpg"$"Komplett"$"Original"$"bitonal"$"Einzelseite"$"21.12.2022"$"2024"$"Stadtbibliothek im Bildungscampus Nürnberg"$"https://d-nb.info/gnd/107529195X"$"Nürnberg"$"https://d-nb.info/gnd/4042742-0"$"Stadtbibliothek im Bildungscampus Nürnberg"$"https://d-nb.info/gnd/107529195X"$"Nürnberg"$"https://d-nb.info/gnd/4042742-0"
"122"$"Cent. VII, 7"$"https://online-service.nuernberg.de/viewer/api/v1/records/07116728/manifest/"$"https://nbn-resolving.de/urn:nbn:de:bvb:75-20240606122055"$"https://online-service.nuernberg.de/viewer/api/v1/records/07116728/files/images/75_cent_vii_7_007.tif/full/!400,400/0/default.jpg"$"Komplett"$"Original"$"bitonal"$"Einzelseite"$"21.12.2022"$"2024"$"Stadtbibliothek im Bildungscampus Nürnberg"$"https://d-nb.info/gnd/107529195X"$"Nürnberg"$"https://d-nb.info/gnd/4042742-0"$"Stadtbibliothek im Bildungscampus Nürnberg"$"https://d-nb.info/gnd/107529195X"$"Nürnberg"$"https://d-nb.info/gnd/4042742-0"
"123"$"Cent. VII, 35"$"https://online-service.nuernberg.de/viewer/api/v1/records/07116743/manifest/"$"https://nbn-resolving.de/urn:nbn:de:bvb:75-20240606132933"$"https://online-service.nuernberg.de/viewer/api/v1/records/07116743/files/images/75_cent_vii_35_003.tif/full/!400,400/0/default.jpg"$"Komplett"$"Original"$"bitonal"$"Einzelseite"$"21.12.2022"$"2024"$"Stadtbibliothek im Bildungscampus Nürnberg"$"https://d-nb.info/gnd/107529195X"$"Nürnberg"$"https://d-nb.info/gnd/4042742-0"$"Stadtbibliothek im Bildungscampus Nürnberg"$"https://d-nb.info/gnd/107529195X"$"Nürnberg"$"https://d-nb.info/gnd/4042742-0"
"124"$"Cent. VII, 90"$"https://online-service.nuernberg.de/viewer/api/v1/records/07116744/manifest/"$"https://nbn-resolving.de/urn:nbn:de:bvb:75-20240606141917"$"https://online-service.nuernberg.de/viewer/api/v1/records/07116744/files/images/75_cent_vii_90_003.tif/full/!400,400/0/default.jpg"$"Komplett"$"Original"$"bitonal"$"Doppelseite"$"21.12.2022"$"2024"$"Stadtbibliothek im Bildungscampus Nürnberg"$"https://d-nb.info/gnd/107529195X"$"Nürnberg"$"https://d-nb.info/gnd/4042742-0"$"Stadtbibliothek im Bildungscampus Nürnberg"$"https://d-nb.info/gnd/107529195X"$"Nürnberg"$"https://d-nb.info/gnd/4042742-0"
"125"$"Cent. VII, 9"$"https://online-service.nuernberg.de/viewer/api/v1/records/07117063/manifest/"$"https://nbn-resolving.de/urn:nbn:de:bvb:75-20240612142249"$"https://online-service.nuernberg.de/viewer/api/v1/records/07117063/files/images/75_cent_vii_9_003.tif/full/!400,400/0/default.jpg"$"Komplett"$"Original"$"bitonal"$"Doppelseite"$"21.12.2022"$"2024"$"Stadtbibliothek im Bildungscampus Nürnberg"$"https://d-nb.info/gnd/107529195X"$"Nürnberg"$"https://d-nb.info/gnd/4042742-0"$"Stadtbibliothek im Bildungscampus Nürnberg"$"https://d-nb.info/gnd/107529195X"$"Nürnberg"$"https://d-nb.info/gnd/4042742-0"
"126"$"Cent. VII, 10"$"https://online-service.nuernberg.de/viewer/api/v1/records/07117069/manifest/"$"https://nbn-resolving.de/urn:nbn:de:bvb:75-20240612152702"$"https://online-service.nuernberg.de/viewer/api/v1/records/07117069/files/images/75_cent_vii_10_026.tif/full/!400,400/0/default.jpg"$"Komplett"$"Original"$"bitonal"$"Einzelseite"$"21.12.2022"$"2024"$"Stadtbibliothek im Bildungscampus Nürnberg"$"https://d-nb.info/gnd/107529195X"$"Nürnberg"$"https://d-nb.info/gnd/4042742-0"$"Stadtbibliothek im Bildungscampus Nürnberg"$"https://d-nb.info/gnd/107529195X"$"Nürnberg"$"https://d-nb.info/gnd/4042742-0"
"127"$"Cent. VII, 11a"$"https://online-service.nuernberg.de/viewer/api/v1/records/07117095/manifest/"$"https://nbn-resolving.de/urn:nbn:de:bvb:75-20240612155448"$"https://online-service.nuernberg.de/viewer/api/v1/records/07117095/files/images/75_cent_vii_11a_005.tif/full/!400,400/0/default.jpg"$"Komplett"$"Original"$"bitonal"$"Einzelseite"$"21.12.2022"$"2024"$"Stadtbibliothek im Bildungscampus Nürnberg"$"https://d-nb.info/gnd/107529195X"$"Nürnberg"$"https://d-nb.info/gnd/4042742-0"$"Stadtbibliothek im Bildungscampus Nürnberg"$"https://d-nb.info/gnd/107529195X"$"Nürnberg"$"https://d-nb.info/gnd/4042742-0"
"128"$"Cent. VII, 13"$"https://online-service.nuernberg.de/viewer/api/v1/records/07117098/manifest/"$"https://nbn-resolving.de/urn:nbn:de:bvb:75-20240612163959"$"https://online-service.nuernberg.de/viewer/api/v1/records/07117098/files/images/75_cent_vii_13_004.tif/full/!400,400/0/default.jpg"$"Komplett"$"Original"$"bitonal"$"Doppelseite"$"21.12.2022"$"2024"$"Stadtbibliothek im Bildungscampus Nürnberg"$"https://d-nb.info/gnd/107529195X"$"Nürnberg"$"https://d-nb.info/gnd/4042742-0"$"Stadtbibliothek im Bildungscampus Nürnberg"$"https://d-nb.info/gnd/107529195X"$"Nürnberg"$"https://d-nb.info/gnd/4042742-0"
"129"$"Cent. VII, 22"$"https://online-service.nuernberg.de/viewer/api/v1/records/07117104/manifest/"$"https://nbn-resolving.de/urn:nbn:de:bvb:75-20240613073014"$"https://online-service.nuernberg.de/viewer/api/v1/records/07117104/files/images/75_cent_vii_22_005.tif/full/!400,400/0/default.jpg"$"Komplett"$"Original"$"bitonal"$"Einzelseite"$"21.12.2022"$"2024"$"Stadtbibliothek im Bildungscampus Nürnberg"$"https://d-nb.info/gnd/107529195X"$"Nürnberg"$"https://d-nb.info/gnd/4042742-0"$"Stadtbibliothek im Bildungscampus Nürnberg"$"https://d-nb.info/gnd/107529195X"$"Nürnberg"$"https://d-nb.info/gnd/4042742-0"
"130"$"Cent. VII, 24"$"https://online-service.nuernberg.de/viewer/api/v1/records/07117107/manifest/"$"https://nbn-resolving.de/urn:nbn:de:bvb:75-20240613083139"$"https://online-service.nuernberg.de/viewer/api/v1/records/07117107/files/images/75_cent_vii_24_005.tif/full/!400,400/0/default.jpg"$"Komplett"$"Original"$"Standard"$"Einzelseite"$"21.12.2022"$"2024"$"Stadtbibliothek im Bildungscampus Nürnberg"$"https://d-nb.info/gnd/107529195X"$"Nürnberg"$"https://d-nb.info/gnd/4042742-0"$"Stadtbibliothek im Bildungscampus Nürnberg"$"https://d-nb.info/gnd/107529195X"$"Nürnberg"$"https://d-nb.info/gnd/4042742-0"
"131"$"Cent. VII, 25"$"https://online-service.nuernberg.de/viewer/api/v1/records/07117116/manifest/"$"https://nbn-resolving.de/urn:nbn:de:bvb:75-20240613084804"$"https://online-service.nuernberg.de/viewer/api/v1/records/07117116/files/images/75_cent_vii_25_005.tif/full/!400,400/0/default.jpg"$"Komplett"$"Original"$"bitonal"$"Einzelseite"$"21.12.2022"$"2024"$"Stadtbibliothek im Bildungscampus Nürnberg"$"https://d-nb.info/gnd/107529195X"$"Nürnberg"$"https://d-nb.info/gnd/4042742-0"$"Stadtbibliothek im Bildungscampus Nürnberg"$"https://d-nb.info/gnd/107529195X"$"Nürnberg"$"https://d-nb.info/gnd/4042742-0"
"132"$"Cent. VII, 26"$"https://online-service.nuernberg.de/viewer/api/v1/records/07117126/manifest/"$"https://nbn-resolving.de/urn:nbn:de:bvb:75-20240613085926"$"https://online-service.nuernberg.de/viewer/api/v1/records/07117126/files/images/75_cent_vii_26_004.tif/full/!400,400/0/default.jpg"$"Komplett"$"Original"$"bitonal"$"Doppelseite"$"21.12.2022"$"2024"$"Stadtbibliothek im Bildungscampus Nürnberg"$"https://d-nb.info/gnd/107529195X"$"Nürnberg"$"https://d-nb.info/gnd/4042742-0"$"Stadtbibliothek im Bildungscampus Nürnberg"$"https://d-nb.info/gnd/107529195X"$"Nürnberg"$"https://d-nb.info/gnd/4042742-0"
"133"$"Cent. VII, 27"$"https://online-service.nuernberg.de/viewer/api/v1/records/07117128/manifest/"$"https://nbn-resolving.de/urn:nbn:de:bvb:75-20240613093218"$"https://online-service.nuernberg.de/viewer/api/v1/records/07117128/files/images/75_cent_vii_27_004.tif/full/!400,400/0/default.jp"$"Komplett"$"Original"$"bitonal"$"Doppelseite"$"21.12.2022"$"2024"$"Stadtbibliothek im Bildungscampus Nürnberg"$"https://d-nb.info/gnd/107529195X"$"Nürnberg"$"https://d-nb.info/gnd/4042742-0"$"Stadtbibliothek im Bildungscampus Nürnberg"$"https://d-nb.info/gnd/107529195X"$"Nürnberg"$"https://d-nb.info/gnd/4042742-0"
"134"$"Cent. VII, 29"$"https://online-service.nuernberg.de/viewer/api/v1/records/07117132/manifest/"$"https://nbn-resolving.de/urn:nbn:de:bvb:75-20240613102442"$"https://online-service.nuernberg.de/viewer/api/v1/records/07117132/files/images/75_cent_vii_29_007.tif/full/!400,400/0/default.jpg"$"Komplett"$"Original"$"bitonal"$"Einzelseite"$"21.12.2022"$"2024"$"Stadtbibliothek im Bildungscampus Nürnberg"$"https://d-nb.info/gnd/107529195X"$"Nürnberg"$"https://d-nb.info/gnd/4042742-0"$"Stadtbibliothek im Bildungscampus Nürnberg"$"https://d-nb.info/gnd/107529195X"$"Nürnberg"$"https://d-nb.info/gnd/4042742-0"
"135"$"Cent. VII, 31"$"https://online-service.nuernberg.de/viewer/api/v1/records/07117135/manifest/"$"https://nbn-resolving.de/urn:nbn:de:bvb:75-20240613104430"$"https://online-service.nuernberg.de/viewer/api/v1/records/07117135/files/images/75_cent_vii_31_005.tif/full/!400,400/0/default.jpg"$"Komplett"$"Original"$"bitonal"$"Einzelseite"$"21.12.2022"$"2024"$"Stadtbibliothek im Bildungscampus Nürnberg"$"https://d-nb.info/gnd/107529195X"$"Nürnberg"$"https://d-nb.info/gnd/4042742-0"$"Stadtbibliothek im Bildungscampus Nürnberg"$"https://d-nb.info/gnd/107529195X"$"Nürnberg"$"https://d-nb.info/gnd/4042742-0"
"136"$"Cent. VII, 32"$"https://online-service.nuernberg.de/viewer/api/v1/records/07117137/manifest/"$"https://nbn-resolving.de/urn:nbn:de:bvb:75-20240613113510"$"https://online-service.nuernberg.de/viewer/api/v1/records/07117137/files/images/75_cent_vii_32_004.tif/full/!400,400/0/default.jpg"$"Komplett"$"Original"$"bitonal"$"Einzelseite"$"21.12.2022"$"2024"$"Stadtbibliothek im Bildungscampus Nürnberg"$"https://d-nb.info/gnd/107529195X"$"Nürnberg"$"https://d-nb.info/gnd/4042742-0"$"Stadtbibliothek im Bildungscampus Nürnberg"$"https://d-nb.info/gnd/107529195X"$"Nürnberg"$"https://d-nb.info/gnd/4042742-0"
"137"$"Cent. VII, 34"$"https://online-service.nuernberg.de/viewer/api/v1/records/07117141/manifest/"$"https://nbn-resolving.de/urn:nbn:de:bvb:75-20240613123636"$"https://online-service.nuernberg.de/viewer/api/v1/records/07117141/files/images/75_cent_vii_34_008.tif/full/!400,400/0/default.jpg"$"Komplett"$"Original"$"bitonal"$"Einzelseite"$"21.12.2022"$"2024"$"Stadtbibliothek im Bildungscampus Nürnberg"$"https://d-nb.info/gnd/107529195X"$"Nürnberg"$"https://d-nb.info/gnd/4042742-0"$"Stadtbibliothek im Bildungscampus Nürnberg"$"https://d-nb.info/gnd/107529195X"$"Nürnberg"$"https://d-nb.info/gnd/4042742-0"