"1"$"Ms I, 2"$"https://digitale-sammlungen.gwlb.de/content/1694841162/manifest.json"$"https://digitale-sammlungen.gwlb.de/resolve?id=1694841162"$"https://digitale-sammlungen.gwlb.de/content/1694841162/jpgs/thumbs/00000001.jpg"$"Komplett"$"Original"$"Standard"$"Einzelseite"$"2020"$"2020"$"Gottfried Wilhelm Leibniz Bibliothek"$"https://d-nb.info/gnd/10095509-5"$"Hannover"$"https://d-nb.info/gnd/4023349-2"$"Gottfried Wilhelm Leibniz Bibliothek"$"https://d-nb.info/gnd/10095509-5"$"Hannover"$"https://d-nb.info/gnd/4023349-2"
"2"$"Ms I, 4"$"https://digitale-sammlungen.gwlb.de/content/1700244604/manifest.json"$"https://digitale-sammlungen.gwlb.de/resolve?id=1700244604"$"https://digitale-sammlungen.gwlb.de/content/1700244604/jpgs/thumbs/00000001.jpg"$"Komplett"$"Original"$"Standard"$"Einzelseite"$"2020"$"2020"$"Gottfried Wilhelm Leibniz Bibliothek"$"https://d-nb.info/gnd/10095509-5"$"Hannover"$"https://d-nb.info/gnd/4023349-2"$"Gottfried Wilhelm Leibniz Bibliothek"$"https://d-nb.info/gnd/10095509-5"$"Hannover"$"https://d-nb.info/gnd/4023349-2"
"3"$"Ms I, 9"$"https://digitale-sammlungen.gwlb.de/content/1691942308/manifest.json"$"https://digitale-sammlungen.gwlb.de/resolve?id=1691942308"$"https://digitale-sammlungen.gwlb.de/content/1691942308/jpgs/thumbs/00000001.jpg"$"Komplett"$"Original"$"Standard"$"Einzelseite"$"2020"$"2020"$"Gottfried Wilhelm Leibniz Bibliothek"$"https://d-nb.info/gnd/10095509-5"$"Hannover"$"https://d-nb.info/gnd/4023349-2"$"Gottfried Wilhelm Leibniz Bibliothek"$"https://d-nb.info/gnd/10095509-5"$"Hannover"$"https://d-nb.info/gnd/4023349-2"
"4"$"Ms I, 10"$"https://digitale-sammlungen.gwlb.de/content/1694842398/manifest.json"$"https://digitale-sammlungen.gwlb.de/resolve?id=1694842398"$"https://digitale-sammlungen.gwlb.de/content/1694842398/jpgs/thumbs/00000001.jpg"$"Komplett"$"Original"$"Standard"$"Einzelseite"$"2020"$"2020"$"Gottfried Wilhelm Leibniz Bibliothek"$"https://d-nb.info/gnd/10095509-5"$"Hannover"$"https://d-nb.info/gnd/4023349-2"$"Gottfried Wilhelm Leibniz Bibliothek"$"https://d-nb.info/gnd/10095509-5"$"Hannover"$"https://d-nb.info/gnd/4023349-2"
"5"$"Ms I, 17b"$"https://digitale-sammlungen.gwlb.de/content/1694658724/manifest.json"$"https://digitale-sammlungen.gwlb.de/resolve?id=1694658724"$"https://digitale-sammlungen.gwlb.de/content/1694658724/jpgs/thumbs/00000001.jpg"$"Komplett"$"Original"$"Standard"$"Einzelseite"$"2020"$"2020"$"Gottfried Wilhelm Leibniz Bibliothek"$"https://d-nb.info/gnd/10095509-5"$"Hannover"$"https://d-nb.info/gnd/4023349-2"$"Gottfried Wilhelm Leibniz Bibliothek"$"https://d-nb.info/gnd/10095509-5"$"Hannover"$"https://d-nb.info/gnd/4023349-2"
"6"$"Ms I, 17c"$"https://digitale-sammlungen.gwlb.de/content/1815260408/manifest.json"$"https://digitale-sammlungen.gwlb.de/resolve?id=1815260408"$"https://digitale-sammlungen.gwlb.de/content/1815260408/jpgs/thumbs/00000001.jpg"$"Komplett"$"Original"$"Standard"$"Einzelseite"$"2022"$"2022"$"Gottfried Wilhelm Leibniz Bibliothek"$"https://d-nb.info/gnd/10095509-5"$"Hannover"$"https://d-nb.info/gnd/4023349-2"$"Gottfried Wilhelm Leibniz Bibliothek"$"https://d-nb.info/gnd/10095509-5"$"Hannover"$"https://d-nb.info/gnd/4023349-2"
"7"$"Ms I, 20b"$"https://digitale-sammlungen.gwlb.de/content/1700316877/manifest.json"$"https://digitale-sammlungen.gwlb.de/resolve?id=1700316877"$"https://digitale-sammlungen.gwlb.de/content/1700316877/jpgs/thumbs/00000001.jpg"$"Komplett"$"Original"$"Standard"$"Einzelseite"$"2020"$"2020"$"Gottfried Wilhelm Leibniz Bibliothek"$"https://d-nb.info/gnd/10095509-5"$"Hannover"$"https://d-nb.info/gnd/4023349-2"$"Gottfried Wilhelm Leibniz Bibliothek"$"https://d-nb.info/gnd/10095509-5"$"Hannover"$"https://d-nb.info/gnd/4023349-2"
"8"$"Ms I, 31"$"https://digitale-sammlungen.gwlb.de/content/1703266676/manifest.json"$"https://digitale-sammlungen.gwlb.de/resolve?id=1703266676"$"https://digitale-sammlungen.gwlb.de/content/1703266676/jpgs/thumbs/00000001.jpg"$"Komplett"$"Original"$"Standard"$"Einzelseite"$"2020"$"2020"$"Gottfried Wilhelm Leibniz Bibliothek"$"https://d-nb.info/gnd/10095509-5"$"Hannover"$"https://d-nb.info/gnd/4023349-2"$"Gottfried Wilhelm Leibniz Bibliothek"$"https://d-nb.info/gnd/10095509-5"$"Hannover"$"https://d-nb.info/gnd/4023349-2"
"9"$"Ms I, 38"$"https://digitale-sammlungen.gwlb.de/content/1701112604/manifest.json"$"https://digitale-sammlungen.gwlb.de/resolve?id=1701112604"$"https://digitale-sammlungen.gwlb.de/content/1701112604/jpgs/thumbs/00000001.jpg"$"Komplett"$"Original"$"Standard"$"Einzelseite"$"2020"$"2020"$"Gottfried Wilhelm Leibniz Bibliothek"$"https://d-nb.info/gnd/10095509-5"$"Hannover"$"https://d-nb.info/gnd/4023349-2"$"Gottfried Wilhelm Leibniz Bibliothek"$"https://d-nb.info/gnd/10095509-5"$"Hannover"$"https://d-nb.info/gnd/4023349-2"
"10"$"Ms I, 57"$"https://digitale-sammlungen.gwlb.de/content/1727460049/manifest.json"$"https://digitale-sammlungen.gwlb.de/resolve?id=1727460049"$"https://digitale-sammlungen.gwlb.de/content/1727460049/jpgs/thumbs/00000001.jpg"$"Komplett"$"Original"$"Standard"$"Einzelseite"$"2020"$"2020"$"Gottfried Wilhelm Leibniz Bibliothek"$"https://d-nb.info/gnd/10095509-5"$"Hannover"$"https://d-nb.info/gnd/4023349-2"$"Gottfried Wilhelm Leibniz Bibliothek"$"https://d-nb.info/gnd/10095509-5"$"Hannover"$"https://d-nb.info/gnd/4023349-2"
"11"$"Ms I, 72"$"https://digitale-sammlungen.gwlb.de/content/1742798381/manifest.json"$"https://digitale-sammlungen.gwlb.de/resolve?id=1742798381"$"https://digitale-sammlungen.gwlb.de/content/1742798381/jpgs/thumbs/00000001.jpg"$"Komplett"$"Original"$"Standard"$"Einzelseite"$"2021"$"2021"$"Gottfried Wilhelm Leibniz Bibliothek"$"https://d-nb.info/gnd/10095509-5"$"Hannover"$"https://d-nb.info/gnd/4023349-2"$"Gottfried Wilhelm Leibniz Bibliothek"$"https://d-nb.info/gnd/10095509-5"$"Hannover"$"https://d-nb.info/gnd/4023349-2"
"12"$"Ms I, 73"$"https://digitale-sammlungen.gwlb.de/content/1736235656/manifest.json"$"https://digitale-sammlungen.gwlb.de/resolve?id=1736235656"$"https://digitale-sammlungen.gwlb.de/content/1736235656/jpgs/thumbs/00000001.jpg"$"Komplett"$"Original"$"Standard"$"Einzelseite"$"2020"$"2020"$"Gottfried Wilhelm Leibniz Bibliothek"$"https://d-nb.info/gnd/10095509-5"$"Hannover"$"https://d-nb.info/gnd/4023349-2"$"Gottfried Wilhelm Leibniz Bibliothek"$"https://d-nb.info/gnd/10095509-5"$"Hannover"$"https://d-nb.info/gnd/4023349-2"
"13"$"Ms I, 74"$"https://digitale-sammlungen.gwlb.de/content/1729045723/manifest.json"$"https://digitale-sammlungen.gwlb.de/resolve?id=1729045723"$"https://digitale-sammlungen.gwlb.de/content/1729045723/jpgs/thumbs/00000001.jpg"$"Komplett"$"Original"$"Standard"$"Einzelseite"$"2020"$"2020"$"Gottfried Wilhelm Leibniz Bibliothek"$"https://d-nb.info/gnd/10095509-5"$"Hannover"$"https://d-nb.info/gnd/4023349-2"$"Gottfried Wilhelm Leibniz Bibliothek"$"https://d-nb.info/gnd/10095509-5"$"Hannover"$"https://d-nb.info/gnd/4023349-2"
"14"$"Ms I, 75"$"https://digitale-sammlungen.gwlb.de/content/1734040300/manifest.json"$"https://digitale-sammlungen.gwlb.de/resolve?id=1734040300"$"https://digitale-sammlungen.gwlb.de/content/1734040300/jpgs/thumbs/00000001.jpg"$"Komplett"$"Original"$"Standard"$"Einzelseite"$"2021"$"2021"$"Gottfried Wilhelm Leibniz Bibliothek"$"https://d-nb.info/gnd/10095509-5"$"Hannover"$"https://d-nb.info/gnd/4023349-2"$"Gottfried Wilhelm Leibniz Bibliothek"$"https://d-nb.info/gnd/10095509-5"$"Hannover"$"https://d-nb.info/gnd/4023349-2"
"15"$"Ms I, 76"$"https://digitale-sammlungen.gwlb.de/content/1727461878/manifest.json"$"https://digitale-sammlungen.gwlb.de/resolve?id=1727461878"$"https://digitale-sammlungen.gwlb.de/content/1727461878/jpgs/thumbs/00000001.jpg"$"Komplett"$"Original"$"Standard"$"Einzelseite"$"2021"$"2021"$"Gottfried Wilhelm Leibniz Bibliothek"$"https://d-nb.info/gnd/10095509-5"$"Hannover"$"https://d-nb.info/gnd/4023349-2"$"Gottfried Wilhelm Leibniz Bibliothek"$"https://d-nb.info/gnd/10095509-5"$"Hannover"$"https://d-nb.info/gnd/4023349-2"
"16"$"Ms I, 77"$"https://digitale-sammlungen.gwlb.de/content/173900941X/manifest.json"$"https://digitale-sammlungen.gwlb.de/resolve?id=173900941X"$"https://digitale-sammlungen.gwlb.de/content/173900941X/jpgs/thumbs/00000001.jpg"$"Komplett"$"Original"$"Standard"$"Einzelseite"$"2020"$"2020"$"Gottfried Wilhelm Leibniz Bibliothek"$"https://d-nb.info/gnd/10095509-5"$"Hannover"$"https://d-nb.info/gnd/4023349-2"$"Gottfried Wilhelm Leibniz Bibliothek"$"https://d-nb.info/gnd/10095509-5"$"Hannover"$"https://d-nb.info/gnd/4023349-2"
"17"$"Ms I, 78"$"https://digitale-sammlungen.gwlb.de/content/1742799264/manifest.json"$"https://digitale-sammlungen.gwlb.de/resolve?id=1742799264"$"https://digitale-sammlungen.gwlb.de/content/1742799264/jpgs/thumbs/00000001.jpg"$"Komplett"$"Original"$"Standard"$"Einzelseite"$"2021"$"2021"$"Gottfried Wilhelm Leibniz Bibliothek"$"https://d-nb.info/gnd/10095509-5"$"Hannover"$"https://d-nb.info/gnd/4023349-2"$"Gottfried Wilhelm Leibniz Bibliothek"$"https://d-nb.info/gnd/10095509-5"$"Hannover"$"https://d-nb.info/gnd/4023349-2"
"18"$"Ms I, 79"$"https://digitale-sammlungen.gwlb.de/content/172850791X/manifest.json"$"https://digitale-sammlungen.gwlb.de/resolve?id=172850791X"$"https://digitale-sammlungen.gwlb.de/content/172850791X/jpgs/thumbs/00000001.jpg"$"Komplett"$"Original"$"Standard"$"Einzelseite"$"2020"$"2020"$"Gottfried Wilhelm Leibniz Bibliothek"$"https://d-nb.info/gnd/10095509-5"$"Hannover"$"https://d-nb.info/gnd/4023349-2"$"Gottfried Wilhelm Leibniz Bibliothek"$"https://d-nb.info/gnd/10095509-5"$"Hannover"$"https://d-nb.info/gnd/4023349-2"
"19"$"Ms I, 80"$"https://digitale-sammlungen.gwlb.de/content/1751891054/manifest.json"$"https://digitale-sammlungen.gwlb.de/resolve?id=1751891054"$"https://digitale-sammlungen.gwlb.de/content/1751891054/jpgs/thumbs/00000001.jpg"$"Komplett"$"Original"$"Standard"$"Einzelseite"$"2021"$"2021"$"Gottfried Wilhelm Leibniz Bibliothek"$"https://d-nb.info/gnd/10095509-5"$"Hannover"$"https://d-nb.info/gnd/4023349-2"$"Gottfried Wilhelm Leibniz Bibliothek"$"https://d-nb.info/gnd/10095509-5"$"Hannover"$"https://d-nb.info/gnd/4023349-2"
"20"$"Ms I, 80a"$"https://digitale-sammlungen.gwlb.de/content/1727463013/manifest.json"$"https://digitale-sammlungen.gwlb.de/resolve?id=1727463013"$"https://digitale-sammlungen.gwlb.de/content/1727463013/jpgs/thumbs/00000001.jpg"$"Komplett"$"Original"$"Standard"$"Einzelseite"$"2020"$"2020"$"Gottfried Wilhelm Leibniz Bibliothek"$"https://d-nb.info/gnd/10095509-5"$"Hannover"$"https://d-nb.info/gnd/4023349-2"$"Gottfried Wilhelm Leibniz Bibliothek"$"https://d-nb.info/gnd/10095509-5"$"Hannover"$"https://d-nb.info/gnd/4023349-2"
"21"$"Ms I, 81"$"https://digitale-sammlungen.gwlb.de/content/1743534795/manifest.json"$"https://digitale-sammlungen.gwlb.de/resolve?id=1743534795"$"https://digitale-sammlungen.gwlb.de/content/1743534795/jpgs/thumbs/00000001.jpg"$"Komplett"$"Original"$"Standard"$"Einzelseite"$"2021"$"2021"$"Gottfried Wilhelm Leibniz Bibliothek"$"https://d-nb.info/gnd/10095509-5"$"Hannover"$"https://d-nb.info/gnd/4023349-2"$"Gottfried Wilhelm Leibniz Bibliothek"$"https://d-nb.info/gnd/10095509-5"$"Hannover"$"https://d-nb.info/gnd/4023349-2"
"22"$"Ms I, 82"$"https://digitale-sammlungen.gwlb.de/content/1744268401/manifest.json"$"https://digitale-sammlungen.gwlb.de/resolve?id=1744268401"$"https://digitale-sammlungen.gwlb.de/content/1744268401/jpgs/thumbs/00000001.jpg"$"Komplett"$"Original"$"Standard"$"Einzelseite"$"2021"$"2021"$"Gottfried Wilhelm Leibniz Bibliothek"$"https://d-nb.info/gnd/10095509-5"$"Hannover"$"https://d-nb.info/gnd/4023349-2"$"Gottfried Wilhelm Leibniz Bibliothek"$"https://d-nb.info/gnd/10095509-5"$"Hannover"$"https://d-nb.info/gnd/4023349-2"
"23"$"Ms I, 83"$"https://digitale-sammlungen.gwlb.de/content/1753679206/manifest.json"$"https://digitale-sammlungen.gwlb.de/resolve?id=1753679206"$"https://digitale-sammlungen.gwlb.de/content/1753679206/jpgs/thumbs/00000001.jpg"$"Komplett"$"Original"$"Standard"$"Einzelseite"$"2021"$"2021"$"Gottfried Wilhelm Leibniz Bibliothek"$"https://d-nb.info/gnd/10095509-5"$"Hannover"$"https://d-nb.info/gnd/4023349-2"$"Gottfried Wilhelm Leibniz Bibliothek"$"https://d-nb.info/gnd/10095509-5"$"Hannover"$"https://d-nb.info/gnd/4023349-2"
"24"$"Ms I, 84"$"https://digitale-sammlungen.gwlb.de/content/1753679931/manifest.json"$"https://digitale-sammlungen.gwlb.de/resolve?id=1753679931"$"https://digitale-sammlungen.gwlb.de/content/1753679931/jpgs/thumbs/00000001.jpg"$"Komplett"$"Original"$"Standard"$"Einzelseite"$"2021"$"2021"$"Gottfried Wilhelm Leibniz Bibliothek"$"https://d-nb.info/gnd/10095509-5"$"Hannover"$"https://d-nb.info/gnd/4023349-2"$"Gottfried Wilhelm Leibniz Bibliothek"$"https://d-nb.info/gnd/10095509-5"$"Hannover"$"https://d-nb.info/gnd/4023349-2"
"25"$"Ms I, 84a"$"https://digitale-sammlungen.gwlb.de/content/1736238167/manifest.json"$"https://digitale-sammlungen.gwlb.de/resolve?id=1736238167"$"https://digitale-sammlungen.gwlb.de/content/1736238167/jpgs/thumbs/00000001.jpg"$"Komplett"$"Original"$"Standard"$"Einzelseite"$"2021"$"2021"$"Gottfried Wilhelm Leibniz Bibliothek"$"https://d-nb.info/gnd/10095509-5"$"Hannover"$"https://d-nb.info/gnd/4023349-2"$"Gottfried Wilhelm Leibniz Bibliothek"$"https://d-nb.info/gnd/10095509-5"$"Hannover"$"https://d-nb.info/gnd/4023349-2"
"26"$"Ms I, 85"$"https://digitale-sammlungen.gwlb.de/content/1694660036/manifest.json"$"https://digitale-sammlungen.gwlb.de/resolve?id=1694660036"$"https://digitale-sammlungen.gwlb.de/content/1694660036/jpgs/thumbs/00000001.jpg"$"Komplett"$"Original"$"Standard"$"Einzelseite"$"2020"$"2020"$"Gottfried Wilhelm Leibniz Bibliothek"$"https://d-nb.info/gnd/10095509-5"$"Hannover"$"https://d-nb.info/gnd/4023349-2"$"Gottfried Wilhelm Leibniz Bibliothek"$"https://d-nb.info/gnd/10095509-5"$"Hannover"$"https://d-nb.info/gnd/4023349-2"
"27"$"Ms I, 85b"$"https://digitale-sammlungen.gwlb.de/content/1743534248/manifest.json"$"https://digitale-sammlungen.gwlb.de/resolve?id=1743534248"$"https://digitale-sammlungen.gwlb.de/content/1743534248/jpgs/thumbs/00000001.jpg"$"Komplett"$"Original"$"Standard"$"Einzelseite"$"2020"$"2020"$"Gottfried Wilhelm Leibniz Bibliothek"$"https://d-nb.info/gnd/10095509-5"$"Hannover"$"https://d-nb.info/gnd/4023349-2"$"Gottfried Wilhelm Leibniz Bibliothek"$"https://d-nb.info/gnd/10095509-5"$"Hannover"$"https://d-nb.info/gnd/4023349-2"
"28"$"Ms I, 90"$"https://digitale-sammlungen.gwlb.de/content/1694662381/manifest.json"$"https://digitale-sammlungen.gwlb.de/resolve?id=1694662381"$"https://digitale-sammlungen.gwlb.de/content/1694662381/jpgs/thumbs/00000001.jpg"$"Komplett"$"Original"$"Standard"$"Einzelseite"$"2020"$"2020"$"Gottfried Wilhelm Leibniz Bibliothek"$"https://d-nb.info/gnd/10095509-5"$"Hannover"$"https://d-nb.info/gnd/4023349-2"$"Gottfried Wilhelm Leibniz Bibliothek"$"https://d-nb.info/gnd/10095509-5"$"Hannover"$"https://d-nb.info/gnd/4023349-2"
"29"$"Ms I, 91"$"https://digitale-sammlungen.gwlb.de/content/1750105233/manifest.json"$"https://digitale-sammlungen.gwlb.de/resolve?id=1750105233"$"https://digitale-sammlungen.gwlb.de/content/1750105233/jpgs/thumbs/00000001.jpg"$"Komplett"$"Original"$"Standard"$"Einzelseite"$"2021"$"2021"$"Gottfried Wilhelm Leibniz Bibliothek"$"https://d-nb.info/gnd/10095509-5"$"Hannover"$"https://d-nb.info/gnd/4023349-2"$"Gottfried Wilhelm Leibniz Bibliothek"$"https://d-nb.info/gnd/10095509-5"$"Hannover"$"https://d-nb.info/gnd/4023349-2"
"30"$"Ms I, 92"$"https://digitale-sammlungen.gwlb.de/content/1751234932/manifest.json"$"https://digitale-sammlungen.gwlb.de/resolve?id=1751234932"$"https://digitale-sammlungen.gwlb.de/content/1751234932/jpgs/thumbs/00000001.jpg"$"Komplett"$"Original"$"Standard"$"Einzelseite"$"2021"$"2021"$"Gottfried Wilhelm Leibniz Bibliothek"$"https://d-nb.info/gnd/10095509-5"$"Hannover"$"https://d-nb.info/gnd/4023349-2"$"Gottfried Wilhelm Leibniz Bibliothek"$"https://d-nb.info/gnd/10095509-5"$"Hannover"$"https://d-nb.info/gnd/4023349-2"
"31"$"Ms I, 94"$"https://digitale-sammlungen.gwlb.de/content/1729060285/manifest.json"$"https://digitale-sammlungen.gwlb.de/resolve?id=1729060285"$"https://digitale-sammlungen.gwlb.de/content/1729060285/jpgs/thumbs/00000001.jpg"$"Komplett"$"Original"$"Standard"$"Einzelseite"$"2020"$"2021"$"Gottfried Wilhelm Leibniz Bibliothek"$"https://d-nb.info/gnd/10095509-5"$"Hannover"$"https://d-nb.info/gnd/4023349-2"$"Gottfried Wilhelm Leibniz Bibliothek"$"https://d-nb.info/gnd/10095509-5"$"Hannover"$"https://d-nb.info/gnd/4023349-2"
"32"$"Ms I, 95"$"https://digitale-sammlungen.gwlb.de/content/1754713610/manifest.json"$"https://digitale-sammlungen.gwlb.de/resolve?id=1754713610"$"https://digitale-sammlungen.gwlb.de/content/1754713610/jpgs/thumbs/00000001.jpg"$"Komplett"$"Original"$"Standard"$"Einzelseite"$"2021"$"2021"$"Gottfried Wilhelm Leibniz Bibliothek"$"https://d-nb.info/gnd/10095509-5"$"Hannover"$"https://d-nb.info/gnd/4023349-2"$"Gottfried Wilhelm Leibniz Bibliothek"$"https://d-nb.info/gnd/10095509-5"$"Hannover"$"https://d-nb.info/gnd/4023349-2"
"33"$"Ms I, 96"$"https://digitale-sammlungen.gwlb.de/content/1775608395/manifest.json"$"https://digitale-sammlungen.gwlb.de/resolve?id=1775608395"$"https://digitale-sammlungen.gwlb.de/content/1775608395/jpgs/thumbs/00000001.jpg"$"Komplett"$"Original"$"Standard"$"Einzelseite"$"2021"$"2021"$"Gottfried Wilhelm Leibniz Bibliothek"$"https://d-nb.info/gnd/10095509-5"$"Hannover"$"https://d-nb.info/gnd/4023349-2"$"Gottfried Wilhelm Leibniz Bibliothek"$"https://d-nb.info/gnd/10095509-5"$"Hannover"$"https://d-nb.info/gnd/4023349-2"
"34"$"Ms I, 97"$"https://digitale-sammlungen.gwlb.de/content/1747368709/manifest.json"$"https://digitale-sammlungen.gwlb.de/resolve?id=1747368709"$"https://digitale-sammlungen.gwlb.de/content/1747368709/jpgs/thumbs/00000001.jpg"$"Komplett"$"Original"$"Standard"$"Einzelseite"$"2021"$"2021"$"Gottfried Wilhelm Leibniz Bibliothek"$"https://d-nb.info/gnd/10095509-5"$"Hannover"$"https://d-nb.info/gnd/4023349-2"$"Gottfried Wilhelm Leibniz Bibliothek"$"https://d-nb.info/gnd/10095509-5"$"Hannover"$"https://d-nb.info/gnd/4023349-2"
"35"$"Ms I, 98"$"https://digitale-sammlungen.gwlb.de/content/1747369039/manifest.json"$"https://digitale-sammlungen.gwlb.de/resolve?id=1747369039"$"https://digitale-sammlungen.gwlb.de/content/1747369039/jpgs/thumbs/00000001.jpg"$"Komplett"$"Original"$"Standard"$"Einzelseite"$"2021"$"2021"$"Gottfried Wilhelm Leibniz Bibliothek"$"https://d-nb.info/gnd/10095509-5"$"Hannover"$"https://d-nb.info/gnd/4023349-2"$"Gottfried Wilhelm Leibniz Bibliothek"$"https://d-nb.info/gnd/10095509-5"$"Hannover"$"https://d-nb.info/gnd/4023349-2"
"36"$"Ms I, 99"$"https://digitale-sammlungen.gwlb.de/content/174775756X/manifest.json"$"https://digitale-sammlungen.gwlb.de/resolve?id=174775756X"$"https://digitale-sammlungen.gwlb.de/content/174775756X/jpgs/thumbs/00000001.jpg"$"Komplett"$"Original"$"Standard"$"Einzelseite"$"2021"$"2021"$"Gottfried Wilhelm Leibniz Bibliothek"$"https://d-nb.info/gnd/10095509-5"$"Hannover"$"https://d-nb.info/gnd/4023349-2"$"Gottfried Wilhelm Leibniz Bibliothek"$"https://d-nb.info/gnd/10095509-5"$"Hannover"$"https://d-nb.info/gnd/4023349-2"
"37"$"Ms I, 100"$"https://digitale-sammlungen.gwlb.de/content/175189262X/manifest.json"$"https://digitale-sammlungen.gwlb.de/resolve?id=175189262X"$"https://digitale-sammlungen.gwlb.de/content/175189262X/jpgs/thumbs/00000001.jpg"$"Komplett"$"Original"$"Standard"$"Einzelseite"$"2021"$"2021"$"Gottfried Wilhelm Leibniz Bibliothek"$"https://d-nb.info/gnd/10095509-5"$"Hannover"$"https://d-nb.info/gnd/4023349-2"$"Gottfried Wilhelm Leibniz Bibliothek"$"https://d-nb.info/gnd/10095509-5"$"Hannover"$"https://d-nb.info/gnd/4023349-2"
"38"$"Ms I, 101"$"https://digitale-sammlungen.gwlb.de/content/1702176835/manifest.json"$"https://digitale-sammlungen.gwlb.de/resolve?id=1702176835"$"https://digitale-sammlungen.gwlb.de/content/1702176835/jpgs/thumbs/00000001.jpg"$"Komplett"$"Original"$"Standard"$"Einzelseite"$"2020"$"2020"$"Gottfried Wilhelm Leibniz Bibliothek"$"https://d-nb.info/gnd/10095509-5"$"Hannover"$"https://d-nb.info/gnd/4023349-2"$"Gottfried Wilhelm Leibniz Bibliothek"$"https://d-nb.info/gnd/10095509-5"$"Hannover"$"https://d-nb.info/gnd/4023349-2"
"39"$"Ms I, 101a"$"https://digitale-sammlungen.gwlb.de/content/1698340494/manifest.json"$"https://digitale-sammlungen.gwlb.de/resolve?id=1698340494"$"https://digitale-sammlungen.gwlb.de/content/1698340494/jpgs/thumbs/00000001.jpg"$"Komplett"$"Original"$"Standard"$"Einzelseite"$"2020"$"2020"$"Gottfried Wilhelm Leibniz Bibliothek"$"https://d-nb.info/gnd/10095509-5"$"Hannover"$"https://d-nb.info/gnd/4023349-2"$"Gottfried Wilhelm Leibniz Bibliothek"$"https://d-nb.info/gnd/10095509-5"$"Hannover"$"https://d-nb.info/gnd/4023349-2"
"40"$"Ms I, 101b"$"https://digitale-sammlungen.gwlb.de/content/1747369470/manifest.json"$"https://digitale-sammlungen.gwlb.de/resolve?id=1747369470"$"https://digitale-sammlungen.gwlb.de/content/1747369470/jpgs/thumbs/00000001.jpg"$"Komplett"$"Original"$"Standard"$"Einzelseite"$"2021"$"2021"$"Gottfried Wilhelm Leibniz Bibliothek"$"https://d-nb.info/gnd/10095509-5"$"Hannover"$"https://d-nb.info/gnd/4023349-2"$"Gottfried Wilhelm Leibniz Bibliothek"$"https://d-nb.info/gnd/10095509-5"$"Hannover"$"https://d-nb.info/gnd/4023349-2"
"41"$"Ms I, 101c"$"https://digitale-sammlungen.gwlb.de/content/175189519X/manifest.json"$"https://digitale-sammlungen.gwlb.de/resolve?id=175189519X"$"https://digitale-sammlungen.gwlb.de/content/175189519X/jpgs/thumbs/00000001.jpg"$"Komplett"$"Original"$"Standard"$"Einzelseite"$"2021"$"2021"$"Gottfried Wilhelm Leibniz Bibliothek"$"https://d-nb.info/gnd/10095509-5"$"Hannover"$"https://d-nb.info/gnd/4023349-2"$"Gottfried Wilhelm Leibniz Bibliothek"$"https://d-nb.info/gnd/10095509-5"$"Hannover"$"https://d-nb.info/gnd/4023349-2"
"42"$"Ms I, 101d"$"https://digitale-sammlungen.gwlb.de/content/1756552789/manifest.json"$"https://digitale-sammlungen.gwlb.de/resolve?id=1756552789"$"https://digitale-sammlungen.gwlb.de/content/1756552789/jpgs/thumbs/00000001.jpg"$"Komplett"$"Original"$"Standard"$"Einzelseite"$"2021"$"2021"$"Gottfried Wilhelm Leibniz Bibliothek"$"https://d-nb.info/gnd/10095509-5"$"Hannover"$"https://d-nb.info/gnd/4023349-2"$"Gottfried Wilhelm Leibniz Bibliothek"$"https://d-nb.info/gnd/10095509-5"$"Hannover"$"https://d-nb.info/gnd/4023349-2"
"43"$"Ms I, 102"$"https://digitale-sammlungen.gwlb.de/content/174737024X/manifest.json"$"https://digitale-sammlungen.gwlb.de/resolve?id=174737024X"$"https://digitale-sammlungen.gwlb.de/content/174737024X/jpgs/thumbs/00000001.jpg"$"Komplett"$"Original"$"Standard"$"Einzelseite"$"2021"$"2021"$"Gottfried Wilhelm Leibniz Bibliothek"$"https://d-nb.info/gnd/10095509-5"$"Hannover"$"https://d-nb.info/gnd/4023349-2"$"Gottfried Wilhelm Leibniz Bibliothek"$"https://d-nb.info/gnd/10095509-5"$"Hannover"$"https://d-nb.info/gnd/4023349-2"
"44"$"Ms I, 103"$"https://digitale-sammlungen.gwlb.de/content/1754715842/manifest.json"$"https://digitale-sammlungen.gwlb.de/resolve?id=1754715842"$"https://digitale-sammlungen.gwlb.de/content/1754715842/jpgs/thumbs/00000001.jpg"$"Komplett"$"Original"$"Standard"$"Einzelseite"$"2021"$"2021"$"Gottfried Wilhelm Leibniz Bibliothek"$"https://d-nb.info/gnd/10095509-5"$"Hannover"$"https://d-nb.info/gnd/4023349-2"$"Gottfried Wilhelm Leibniz Bibliothek"$"https://d-nb.info/gnd/10095509-5"$"Hannover"$"https://d-nb.info/gnd/4023349-2"
"45"$"Ms I, 104"$"https://digitale-sammlungen.gwlb.de/content/174807282X/manifest.json"$"https://digitale-sammlungen.gwlb.de/resolve?id=174807282X"$"https://digitale-sammlungen.gwlb.de/content/174807282X/jpgs/thumbs/00000001.jpg"$"Komplett"$"Original"$"Standard"$"Einzelseite"$"2021"$"2021"$"Gottfried Wilhelm Leibniz Bibliothek"$"https://d-nb.info/gnd/10095509-5"$"Hannover"$"https://d-nb.info/gnd/4023349-2"$"Gottfried Wilhelm Leibniz Bibliothek"$"https://d-nb.info/gnd/10095509-5"$"Hannover"$"https://d-nb.info/gnd/4023349-2"
"46"$"Ms I, 165i"$"https://digitale-sammlungen.gwlb.de/content/1815521074/manifest.json"$"https://digitale-sammlungen.gwlb.de/resolve?id=1815521074"$"https://digitale-sammlungen.gwlb.de/content/1815521074/jpgs/thumbs/00000001.jpg"$"Komplett"$"Original"$"Standard"$"Einzelseite"$"2022"$"2022"$"Gottfried Wilhelm Leibniz Bibliothek"$"https://d-nb.info/gnd/10095509-5"$"Hannover"$"https://d-nb.info/gnd/4023349-2"$"Gottfried Wilhelm Leibniz Bibliothek"$"https://d-nb.info/gnd/10095509-5"$"Hannover"$"https://d-nb.info/gnd/4023349-2"
"47"$"Ms I, 174"$"https://digitale-sammlungen.gwlb.de/content/1747378046/manifest.json"$"https://digitale-sammlungen.gwlb.de/resolve?id=1747378046"$"https://digitale-sammlungen.gwlb.de/content/1747378046/jpgs/thumbs/00000001.jpg"$"Komplett"$"Original"$"Standard"$"Einzelseite"$"2021"$"2021"$"Gottfried Wilhelm Leibniz Bibliothek"$"https://d-nb.info/gnd/10095509-5"$"Hannover"$"https://d-nb.info/gnd/4023349-2"$"Gottfried Wilhelm Leibniz Bibliothek"$"https://d-nb.info/gnd/10095509-5"$"Hannover"$"https://d-nb.info/gnd/4023349-2"
"48"$"Ms I, 176a"$"https://digitale-sammlungen.gwlb.de/content/175144533X/manifest.json"$"https://digitale-sammlungen.gwlb.de/resolve?id=175144533X"$"https://digitale-sammlungen.gwlb.de/content/175144533X/jpgs/thumbs/00000001.jpg"$"Komplett"$"Original"$"Standard"$"Einzelseite"$"2021"$"2021"$"Gottfried Wilhelm Leibniz Bibliothek"$"https://d-nb.info/gnd/10095509-5"$"Hannover"$"https://d-nb.info/gnd/4023349-2"$"Gottfried Wilhelm Leibniz Bibliothek"$"https://d-nb.info/gnd/10095509-5"$"Hannover"$"https://d-nb.info/gnd/4023349-2"
"49"$"Ms I, 182"$"https://digitale-sammlungen.gwlb.de/content/1702177602/manifest.json"$"https://digitale-sammlungen.gwlb.de/resolve?id=1702177602"$"https://digitale-sammlungen.gwlb.de/content/1702177602/jpgs/thumbs/00000001.jpg"$"Komplett"$"Original"$"Standard"$"Einzelseite"$"2020"$"2020"$"Gottfried Wilhelm Leibniz Bibliothek"$"https://d-nb.info/gnd/10095509-5"$"Hannover"$"https://d-nb.info/gnd/4023349-2"$"Gottfried Wilhelm Leibniz Bibliothek"$"https://d-nb.info/gnd/10095509-5"$"Hannover"$"https://d-nb.info/gnd/4023349-2"
"50"$"Ms I, 184"$"https://digitale-sammlungen.gwlb.de/content/1750106248/manifest.json"$"https://digitale-sammlungen.gwlb.de/resolve?id=1750106248"$"https://digitale-sammlungen.gwlb.de/content/1750106248/jpgs/thumbs/00000001.jpg"$"Komplett"$"Original"$"Standard"$"Einzelseite"$"2021"$"2021"$"Gottfried Wilhelm Leibniz Bibliothek"$"https://d-nb.info/gnd/10095509-5"$"Hannover"$"https://d-nb.info/gnd/4023349-2"$"Gottfried Wilhelm Leibniz Bibliothek"$"https://d-nb.info/gnd/10095509-5"$"Hannover"$"https://d-nb.info/gnd/4023349-2"
"51"$"Ms I, 186"$"https://digitale-sammlungen.gwlb.de/content/1756553696/manifest.json"$"https://digitale-sammlungen.gwlb.de/resolve?id=1756553696"$"https://digitale-sammlungen.gwlb.de/content/1756553696/jpgs/thumbs/00000001.jpg"$"Komplett"$"Original"$"Standard"$"Einzelseite"$"2021"$"2021"$"Gottfried Wilhelm Leibniz Bibliothek"$"https://d-nb.info/gnd/10095509-5"$"Hannover"$"https://d-nb.info/gnd/4023349-2"$"Gottfried Wilhelm Leibniz Bibliothek"$"https://d-nb.info/gnd/10095509-5"$"Hannover"$"https://d-nb.info/gnd/4023349-2"
"52"$"Ms I, 188"$"https://digitale-sammlungen.gwlb.de/content/1751235173/manifest.json"$"https://digitale-sammlungen.gwlb.de/resolve?id=1751235173"$"https://digitale-sammlungen.gwlb.de/content/1751235173/jpgs/thumbs/00000001.jpg"$"Komplett"$"Original"$"Standard"$"Einzelseite"$"2021"$"2021"$"Gottfried Wilhelm Leibniz Bibliothek"$"https://d-nb.info/gnd/10095509-5"$"Hannover"$"https://d-nb.info/gnd/4023349-2"$"Gottfried Wilhelm Leibniz Bibliothek"$"https://d-nb.info/gnd/10095509-5"$"Hannover"$"https://d-nb.info/gnd/4023349-2"
"53"$"Ms I, 189"$"https://digitale-sammlungen.gwlb.de/content/1734041420/manifest.json"$"https://digitale-sammlungen.gwlb.de/resolve?id=1734041420"$"https://digitale-sammlungen.gwlb.de/content/1734041420/jpgs/thumbs/00000001.jpg"$"Komplett"$"Original"$"Standard"$"Einzelseite"$"2020"$"2020"$"Gottfried Wilhelm Leibniz Bibliothek"$"https://d-nb.info/gnd/10095509-5"$"Hannover"$"https://d-nb.info/gnd/4023349-2"$"Gottfried Wilhelm Leibniz Bibliothek"$"https://d-nb.info/gnd/10095509-5"$"Hannover"$"https://d-nb.info/gnd/4023349-2"
"54"$"Ms I, 189a"$"https://digitale-sammlungen.gwlb.de/content/1728565367/manifest.json"$"https://digitale-sammlungen.gwlb.de/resolve?id=1728565367"$"https://digitale-sammlungen.gwlb.de/content/1728565367/jpgs/thumbs/00000001.jpg"$"Komplett"$"Original"$"Standard"$"Einzelseite"$"2020"$"2020"$"Gottfried Wilhelm Leibniz Bibliothek"$"https://d-nb.info/gnd/10095509-5"$"Hannover"$"https://d-nb.info/gnd/4023349-2"$"Gottfried Wilhelm Leibniz Bibliothek"$"https://d-nb.info/gnd/10095509-5"$"Hannover"$"https://d-nb.info/gnd/4023349-2"
"55"$"Ms I, 190"$"https://digitale-sammlungen.gwlb.de/content/1757010858/manifest.json"$"https://digitale-sammlungen.gwlb.de/resolve?id=1757010858"$"https://digitale-sammlungen.gwlb.de/content/1757010858/jpgs/thumbs/00000001.jpg"$"Komplett"$"Original"$"Standard"$"Einzelseite"$"2021"$"2021"$"Gottfried Wilhelm Leibniz Bibliothek"$"https://d-nb.info/gnd/10095509-5"$"Hannover"$"https://d-nb.info/gnd/4023349-2"$"Gottfried Wilhelm Leibniz Bibliothek"$"https://d-nb.info/gnd/10095509-5"$"Hannover"$"https://d-nb.info/gnd/4023349-2"
"56"$"Ms I, 193i"$"https://digitale-sammlungen.gwlb.de/content/1749094886/manifest.json"$"https://digitale-sammlungen.gwlb.de/resolve?id=1749094886"$"https://digitale-sammlungen.gwlb.de/content/1749094886/jpgs/thumbs/00000001.jpg"$"Komplett"$"Original"$"Standard"$"Einzelseite"$"2021"$"2021"$"Gottfried Wilhelm Leibniz Bibliothek"$"https://d-nb.info/gnd/10095509-5"$"Hannover"$"https://d-nb.info/gnd/4023349-2"$"Gottfried Wilhelm Leibniz Bibliothek"$"https://d-nb.info/gnd/10095509-5"$"Hannover"$"https://d-nb.info/gnd/4023349-2"
"57"$"Ms I, 195a"$"https://digitale-sammlungen.gwlb.de/content/1815807210/manifest.json"$"https://digitale-sammlungen.gwlb.de/resolve?id=1815807210"$"https://digitale-sammlungen.gwlb.de/content/1815807210/jpgs/thumbs/00000001.jpg"$"Komplett"$"Original"$"Standard"$"Einzelseite"$"2022"$"2022"$"Gottfried Wilhelm Leibniz Bibliothek"$"https://d-nb.info/gnd/10095509-5"$"Hannover"$"https://d-nb.info/gnd/4023349-2"$"Gottfried Wilhelm Leibniz Bibliothek"$"https://d-nb.info/gnd/10095509-5"$"Hannover"$"https://d-nb.info/gnd/4023349-2"
"58"$"Ms I, 198"$"https://digitale-sammlungen.gwlb.de/content/1751896501/manifest.json"$"https://digitale-sammlungen.gwlb.de/resolve?id=1751896501"$"https://digitale-sammlungen.gwlb.de/content/1751896501/jpgs/thumbs/00000001.jpg"$"Komplett"$"Original"$"Standard"$"Einzelseite"$"2021"$"2021"$"Gottfried Wilhelm Leibniz Bibliothek"$"https://d-nb.info/gnd/10095509-5"$"Hannover"$"https://d-nb.info/gnd/4023349-2"$"Gottfried Wilhelm Leibniz Bibliothek"$"https://d-nb.info/gnd/10095509-5"$"Hannover"$"https://d-nb.info/gnd/4023349-2"
"59"$"Ms I, 200"$"https://digitale-sammlungen.gwlb.de/content/1754717810/manifest.json"$"https://digitale-sammlungen.gwlb.de/resolve?id=1754717810"$"https://digitale-sammlungen.gwlb.de/content/1754717810/jpgs/thumbs/00000001.jpg"$"Komplett"$"Original"$"Standard"$"Einzelseite"$"2021"$"2021"$"Gottfried Wilhelm Leibniz Bibliothek"$"https://d-nb.info/gnd/10095509-5"$"Hannover"$"https://d-nb.info/gnd/4023349-2"$"Gottfried Wilhelm Leibniz Bibliothek"$"https://d-nb.info/gnd/10095509-5"$"Hannover"$"https://d-nb.info/gnd/4023349-2"
"60"$"Ms I, 205"$"https://digitale-sammlungen.gwlb.de/content/1752012453/manifest.json"$"https://digitale-sammlungen.gwlb.de/resolve?id=1752012453"$"https://digitale-sammlungen.gwlb.de/content/1752012453/jpgs/thumbs/00000001.jpg"$"Komplett"$"Original"$"Standard"$"Einzelseite"$"2021"$"2021"$"Gottfried Wilhelm Leibniz Bibliothek"$"https://d-nb.info/gnd/10095509-5"$"Hannover"$"https://d-nb.info/gnd/4023349-2"$"Gottfried Wilhelm Leibniz Bibliothek"$"https://d-nb.info/gnd/10095509-5"$"Hannover"$"https://d-nb.info/gnd/4023349-2"
"61"$"Ms I, 210"$"https://digitale-sammlungen.gwlb.de/content/1763718263/manifest.json"$"https://digitale-sammlungen.gwlb.de/resolve?id=1763718263"$"https://digitale-sammlungen.gwlb.de/content/1763718263/jpgs/thumbs/00000001.jpg"$"Komplett"$"Original"$"Standard"$"Einzelseite"$"2021"$"2021"$"Gottfried Wilhelm Leibniz Bibliothek"$"https://d-nb.info/gnd/10095509-5"$"Hannover"$"https://d-nb.info/gnd/4023349-2"$"Gottfried Wilhelm Leibniz Bibliothek"$"https://d-nb.info/gnd/10095509-5"$"Hannover"$"https://d-nb.info/gnd/4023349-2"
"62"$"Ms I, 237"$"https://digitale-sammlungen.gwlb.de/content/1754718825/manifest.json"$"https://digitale-sammlungen.gwlb.de/resolve?id=1754718825"$"https://digitale-sammlungen.gwlb.de/content/1754718825/jpgs/thumbs/00000001.jpg"$"Komplett"$"Original"$"Standard"$"Einzelseite"$"2021"$"2021"$"Gottfried Wilhelm Leibniz Bibliothek"$"https://d-nb.info/gnd/10095509-5"$"Hannover"$"https://d-nb.info/gnd/4023349-2"$"Gottfried Wilhelm Leibniz Bibliothek"$"https://d-nb.info/gnd/10095509-5"$"Hannover"$"https://d-nb.info/gnd/4023349-2"
"63"$"Ms I, 238"$"https://digitale-sammlungen.gwlb.de/content/1759209902/manifest.json"$"https://digitale-sammlungen.gwlb.de/resolve?id=1759209902"$"https://digitale-sammlungen.gwlb.de/content/1759209902/jpgs/thumbs/00000001.jpg"$"Komplett"$"Original"$"Standard"$"Einzelseite"$"2021"$"2021"$"Gottfried Wilhelm Leibniz Bibliothek"$"https://d-nb.info/gnd/10095509-5"$"Hannover"$"https://d-nb.info/gnd/4023349-2"$"Gottfried Wilhelm Leibniz Bibliothek"$"https://d-nb.info/gnd/10095509-5"$"Hannover"$"https://d-nb.info/gnd/4023349-2"
"64"$"Ms I, 239"$"https://digitale-sammlungen.gwlb.de/content/1742814875/manifest.json"$"https://digitale-sammlungen.gwlb.de/resolve?id=1742814875"$"https://digitale-sammlungen.gwlb.de/content/1742814875/jpgs/thumbs/00000001.jpg"$"Komplett"$"Original"$"Standard"$"Einzelseite"$"2020"$"2021"$"Gottfried Wilhelm Leibniz Bibliothek"$"https://d-nb.info/gnd/10095509-5"$"Hannover"$"https://d-nb.info/gnd/4023349-2"$"Gottfried Wilhelm Leibniz Bibliothek"$"https://d-nb.info/gnd/10095509-5"$"Hannover"$"https://d-nb.info/gnd/4023349-2"
"65"$"Ms I, 239a"$"https://digitale-sammlungen.gwlb.de/content/1754737188/manifest.json"$"https://digitale-sammlungen.gwlb.de/resolve?id=1754737188"$"https://digitale-sammlungen.gwlb.de/content/1754737188/jpgs/thumbs/00000001.jpg"$"Komplett"$"Original"$"Standard"$"Einzelseite"$"2021"$"2021"$"Gottfried Wilhelm Leibniz Bibliothek"$"https://d-nb.info/gnd/10095509-5"$"Hannover"$"https://d-nb.info/gnd/4023349-2"$"Gottfried Wilhelm Leibniz Bibliothek"$"https://d-nb.info/gnd/10095509-5"$"Hannover"$"https://d-nb.info/gnd/4023349-2"
"66"$"Ms I, 246"$"https://digitale-sammlungen.gwlb.de/content/1760795135/manifest.json"$"https://digitale-sammlungen.gwlb.de/resolve?id=1760795135"$"https://digitale-sammlungen.gwlb.de/content/1760795135/jpgs/thumbs/00000001.jpg"$"Komplett"$"Original"$"Standard"$"Einzelseite"$"2021"$"2021"$"Gottfried Wilhelm Leibniz Bibliothek"$"https://d-nb.info/gnd/10095509-5"$"Hannover"$"https://d-nb.info/gnd/4023349-2"$"Gottfried Wilhelm Leibniz Bibliothek"$"https://d-nb.info/gnd/10095509-5"$"Hannover"$"https://d-nb.info/gnd/4023349-2"
"67"$"Ms I, 247"$"https://digitale-sammlungen.gwlb.de/content/181580811X/manifest.json"$"https://digitale-sammlungen.gwlb.de/resolve?id=181580811X"$"https://digitale-sammlungen.gwlb.de/content/181580811X/jpgs/thumbs/00000001.jpg"$"Komplett"$"Original"$"Standard"$"Einzelseite"$"2022"$"2022"$"Gottfried Wilhelm Leibniz Bibliothek"$"https://d-nb.info/gnd/10095509-5"$"Hannover"$"https://d-nb.info/gnd/4023349-2"$"Gottfried Wilhelm Leibniz Bibliothek"$"https://d-nb.info/gnd/10095509-5"$"Hannover"$"https://d-nb.info/gnd/4023349-2"
"68"$"Ms I, 251a"$"https://digitale-sammlungen.gwlb.de/content/1756554137/manifest.json"$"https://digitale-sammlungen.gwlb.de/resolve?id=1756554137"$"https://digitale-sammlungen.gwlb.de/content/1756554137/jpgs/thumbs/00000001.jpg"$"Komplett"$"Original"$"Standard"$"Einzelseite"$"2021"$"2021"$"Gottfried Wilhelm Leibniz Bibliothek"$"https://d-nb.info/gnd/10095509-5"$"Hannover"$"https://d-nb.info/gnd/4023349-2"$"Gottfried Wilhelm Leibniz Bibliothek"$"https://d-nb.info/gnd/10095509-5"$"Hannover"$"https://d-nb.info/gnd/4023349-2"
"69"$"Ms I, 251b"$"https://digitale-sammlungen.gwlb.de/content/1759213012/manifest.json"$"https://digitale-sammlungen.gwlb.de/resolve?id=1759213012"$"https://digitale-sammlungen.gwlb.de/content/1759213012/jpgs/thumbs/00000001.jpg"$"Komplett"$"Original"$"Standard"$"Einzelseite"$"2021"$"2021"$"Gottfried Wilhelm Leibniz Bibliothek"$"https://d-nb.info/gnd/10095509-5"$"Hannover"$"https://d-nb.info/gnd/4023349-2"$"Gottfried Wilhelm Leibniz Bibliothek"$"https://d-nb.info/gnd/10095509-5"$"Hannover"$"https://d-nb.info/gnd/4023349-2"
"70"$"Ms I, 256"$"https://digitale-sammlungen.gwlb.de/content/1760795550/manifest.json"$"https://digitale-sammlungen.gwlb.de/resolve?id=1760795550"$"https://digitale-sammlungen.gwlb.de/content/1760795550/jpgs/thumbs/00000001.jpg"$"Komplett"$"Original"$"Standard"$"Einzelseite"$"2021"$"2021"$"Gottfried Wilhelm Leibniz Bibliothek"$"https://d-nb.info/gnd/10095509-5"$"Hannover"$"https://d-nb.info/gnd/4023349-2"$"Gottfried Wilhelm Leibniz Bibliothek"$"https://d-nb.info/gnd/10095509-5"$"Hannover"$"https://d-nb.info/gnd/4023349-2"
"71"$"Ms II, 272"$"https://digitale-sammlungen.gwlb.de/content/1759221759/manifest.json"$"https://digitale-sammlungen.gwlb.de/resolve?id=1759221759"$"https://digitale-sammlungen.gwlb.de/content/1759221759/jpgs/thumbs/00000001.jpg"$"Komplett"$"Original"$"Standard"$"Einzelseite"$"2021"$"2021"$"Gottfried Wilhelm Leibniz Bibliothek"$"https://d-nb.info/gnd/10095509-5"$"Hannover"$"https://d-nb.info/gnd/4023349-2"$"Gottfried Wilhelm Leibniz Bibliothek"$"https://d-nb.info/gnd/10095509-5"$"Hannover"$"https://d-nb.info/gnd/4023349-2"
"72"$"Ms II, 279"$"https://digitale-sammlungen.gwlb.de/content/1760796034/manifest.json"$"https://digitale-sammlungen.gwlb.de/resolve?id=1760796034"$"https://digitale-sammlungen.gwlb.de/content/1760796034/jpgs/thumbs/00000001.jpg"$"Komplett"$"Original"$"Standard"$"Einzelseite"$"2021"$"2021"$"Gottfried Wilhelm Leibniz Bibliothek"$"https://d-nb.info/gnd/10095509-5"$"Hannover"$"https://d-nb.info/gnd/4023349-2"$"Gottfried Wilhelm Leibniz Bibliothek"$"https://d-nb.info/gnd/10095509-5"$"Hannover"$"https://d-nb.info/gnd/4023349-2"
"73"$"Ms II, 280"$"https://digitale-sammlungen.gwlb.de/content/1760796409/manifest.json"$"https://digitale-sammlungen.gwlb.de/resolve?id=1760796409"$"https://digitale-sammlungen.gwlb.de/content/1760796409/jpgs/thumbs/00000001.jpg"$"Komplett"$"Original"$"Standard"$"Einzelseite"$"2021"$"2021"$"Gottfried Wilhelm Leibniz Bibliothek"$"https://d-nb.info/gnd/10095509-5"$"Hannover"$"https://d-nb.info/gnd/4023349-2"$"Gottfried Wilhelm Leibniz Bibliothek"$"https://d-nb.info/gnd/10095509-5"$"Hannover"$"https://d-nb.info/gnd/4023349-2"
"74"$"Ms II, 282"$"https://digitale-sammlungen.gwlb.de/content/1738083519/manifest.json"$"https://digitale-sammlungen.gwlb.de/resolve?id=1738083519"$"https://digitale-sammlungen.gwlb.de/content/1738083519/jpgs/thumbs/00000001.jpg"$"Komplett"$"Original"$"Standard"$"Einzelseite"$"2020"$"2020"$"Gottfried Wilhelm Leibniz Bibliothek"$"https://d-nb.info/gnd/10095509-5"$"Hannover"$"https://d-nb.info/gnd/4023349-2"$"Gottfried Wilhelm Leibniz Bibliothek"$"https://d-nb.info/gnd/10095509-5"$"Hannover"$"https://d-nb.info/gnd/4023349-2"
"75"$"Ms IV, 339"$"https://digitale-sammlungen.gwlb.de/content/1727501551/manifest.json"$"https://digitale-sammlungen.gwlb.de/resolve?id=1727501551"$"https://digitale-sammlungen.gwlb.de/content/1727501551/jpgs/thumbs/00000001.jpg"$"Komplett"$"Original"$"Standard"$"Einzelseite"$"2020"$"2020"$"Gottfried Wilhelm Leibniz Bibliothek"$"https://d-nb.info/gnd/10095509-5"$"Hannover"$"https://d-nb.info/gnd/4023349-2"$"Gottfried Wilhelm Leibniz Bibliothek"$"https://d-nb.info/gnd/10095509-5"$"Hannover"$"https://d-nb.info/gnd/4023349-2"
"76"$"Ms IV, 369"$"https://digitale-sammlungen.gwlb.de/content/1756555699/manifest.json"$"https://digitale-sammlungen.gwlb.de/resolve?id=1756555699"$"https://digitale-sammlungen.gwlb.de/content/1756555699/jpgs/thumbs/00000001.jpg"$"Komplett"$"Original"$"Standard"$"Einzelseite"$"2021"$"2021"$"Gottfried Wilhelm Leibniz Bibliothek"$"https://d-nb.info/gnd/10095509-5"$"Hannover"$"https://d-nb.info/gnd/4023349-2"$"Gottfried Wilhelm Leibniz Bibliothek"$"https://d-nb.info/gnd/10095509-5"$"Hannover"$"https://d-nb.info/gnd/4023349-2"
"77"$"Ms IV, 373"$"https://digitale-sammlungen.gwlb.de/content/1760796964/manifest.json"$"https://digitale-sammlungen.gwlb.de/resolve?id=1760796964"$"https://digitale-sammlungen.gwlb.de/content/1760796964/jpgs/thumbs/00000001.jpg"$"Komplett"$"Original"$"Standard"$"Einzelseite"$"2021"$"2021"$"Gottfried Wilhelm Leibniz Bibliothek"$"https://d-nb.info/gnd/10095509-5"$"Hannover"$"https://d-nb.info/gnd/4023349-2"$"Gottfried Wilhelm Leibniz Bibliothek"$"https://d-nb.info/gnd/10095509-5"$"Hannover"$"https://d-nb.info/gnd/4023349-2"
"78"$"Ms IV, 389"$"https://digitale-sammlungen.gwlb.de/content/1815557095/manifest.json"$"https://digitale-sammlungen.gwlb.de/resolve?id=1815557095"$"https://digitale-sammlungen.gwlb.de/content/1815557095/jpgs/thumbs/00000001.jpg"$"Komplett"$"Original"$"Standard"$"Einzelseite"$"2022"$"2022"$"Gottfried Wilhelm Leibniz Bibliothek"$"https://d-nb.info/gnd/10095509-5"$"Hannover"$"https://d-nb.info/gnd/4023349-2"$"Gottfried Wilhelm Leibniz Bibliothek"$"https://d-nb.info/gnd/10095509-5"$"Hannover"$"https://d-nb.info/gnd/4023349-2"
"79"$"Ms IV, 394"$"https://digitale-sammlungen.gwlb.de/content/1759220817/manifest.json"$"https://digitale-sammlungen.gwlb.de/resolve?id=1759220817"$"https://digitale-sammlungen.gwlb.de/content/1759220817/jpgs/thumbs/00000001.jpg"$"Komplett"$"Original"$"Standard"$"Einzelseite"$"2021"$"2021"$"Gottfried Wilhelm Leibniz Bibliothek"$"https://d-nb.info/gnd/10095509-5"$"Hannover"$"https://d-nb.info/gnd/4023349-2"$"Gottfried Wilhelm Leibniz Bibliothek"$"https://d-nb.info/gnd/10095509-5"$"Hannover"$"https://d-nb.info/gnd/4023349-2"
"80"$"Ms IV, 485i"$"https://digitale-sammlungen.gwlb.de/content/176079726X/manifest.json"$"https://digitale-sammlungen.gwlb.de/resolve?id=176079726X"$"https://digitale-sammlungen.gwlb.de/content/176079726X/jpgs/thumbs/00000001.jpg"$"Komplett"$"Original"$"Standard"$"Einzelseite"$"2021"$"2021"$"Gottfried Wilhelm Leibniz Bibliothek"$"https://d-nb.info/gnd/10095509-5"$"Hannover"$"https://d-nb.info/gnd/4023349-2"$"Gottfried Wilhelm Leibniz Bibliothek"$"https://d-nb.info/gnd/10095509-5"$"Hannover"$"https://d-nb.info/gnd/4023349-2"
"81"$"Ms IV, 486"$"https://digitale-sammlungen.gwlb.de/content/1760797618/manifest.json"$"https://digitale-sammlungen.gwlb.de/resolve?id=1760797618"$"https://digitale-sammlungen.gwlb.de/content/1760797618/jpgs/thumbs/00000001.jpg"$"Komplett"$"Original"$"Standard"$"Einzelseite"$"2021"$"2022"$"Gottfried Wilhelm Leibniz Bibliothek"$"https://d-nb.info/gnd/10095509-5"$"Hannover"$"https://d-nb.info/gnd/4023349-2"$"Gottfried Wilhelm Leibniz Bibliothek"$"https://d-nb.info/gnd/10095509-5"$"Hannover"$"https://d-nb.info/gnd/4023349-2"
"82"$"Ms IV, 488"$"https://digitale-sammlungen.gwlb.de/content/1728568730/manifest.json"$"https://digitale-sammlungen.gwlb.de/resolve?id=1728568730"$"https://digitale-sammlungen.gwlb.de/content/1728568730/jpgs/thumbs/00000001.jpg"$"Komplett"$"Original"$"Standard"$"Einzelseite"$"2020"$"2020"$"Gottfried Wilhelm Leibniz Bibliothek"$"https://d-nb.info/gnd/10095509-5"$"Hannover"$"https://d-nb.info/gnd/4023349-2"$"Gottfried Wilhelm Leibniz Bibliothek"$"https://d-nb.info/gnd/10095509-5"$"Hannover"$"https://d-nb.info/gnd/4023349-2"
"83"$"Ms IV, 489"$"https://digitale-sammlungen.gwlb.de/content/1694664473/manifest.json"$"https://digitale-sammlungen.gwlb.de/resolve?id=1694664473"$"https://digitale-sammlungen.gwlb.de/content/1694664473/jpgs/thumbs/00000001.jpg"$"Komplett"$"Original"$"Standard"$"Einzelseite"$"2020"$"2020"$"Gottfried Wilhelm Leibniz Bibliothek"$"https://d-nb.info/gnd/10095509-5"$"Hannover"$"https://d-nb.info/gnd/4023349-2"$"Gottfried Wilhelm Leibniz Bibliothek"$"https://d-nb.info/gnd/10095509-5"$"Hannover"$"https://d-nb.info/gnd/4023349-2"
"84"$"Ms IV, 498"$"https://digitale-sammlungen.gwlb.de/content/1772158836/manifest.json"$"https://digitale-sammlungen.gwlb.de/resolve?id=1772158836"$"https://digitale-sammlungen.gwlb.de/content/1772158836/jpgs/thumbs/00000001.jpg"$"Komplett"$"Original"$"Standard"$"Einzelseite"$"2021"$"2021"$"Gottfried Wilhelm Leibniz Bibliothek"$"https://d-nb.info/gnd/10095509-5"$"Hannover"$"https://d-nb.info/gnd/4023349-2"$"Gottfried Wilhelm Leibniz Bibliothek"$"https://d-nb.info/gnd/10095509-5"$"Hannover"$"https://d-nb.info/gnd/4023349-2"
"85"$"Ms IV, 501"$"https://digitale-sammlungen.gwlb.de/content/1760798266/manifest.json"$"https://digitale-sammlungen.gwlb.de/resolve?id=1760798266"$"https://digitale-sammlungen.gwlb.de/content/1760798266/jpgs/thumbs/00000001.jpg"$"Komplett"$"Original"$"Standard"$"Einzelseite"$"2021"$"2021"$"Gottfried Wilhelm Leibniz Bibliothek"$"https://d-nb.info/gnd/10095509-5"$"Hannover"$"https://d-nb.info/gnd/4023349-2"$"Gottfried Wilhelm Leibniz Bibliothek"$"https://d-nb.info/gnd/10095509-5"$"Hannover"$"https://d-nb.info/gnd/4023349-2"
"86"$"Ms IV, 505"$"https://digitale-sammlungen.gwlb.de/content/1760798797/manifest.json"$"https://digitale-sammlungen.gwlb.de/resolve?id=1760798797"$"https://digitale-sammlungen.gwlb.de/content/1760798797/jpgs/thumbs/00000001.jpg"$"Komplett"$"Original"$"Standard"$"Einzelseite"$"2021"$"2021"$"Gottfried Wilhelm Leibniz Bibliothek"$"https://d-nb.info/gnd/10095509-5"$"Hannover"$"https://d-nb.info/gnd/4023349-2"$"Gottfried Wilhelm Leibniz Bibliothek"$"https://d-nb.info/gnd/10095509-5"$"Hannover"$"https://d-nb.info/gnd/4023349-2"
"87"$"Ms IV, 506"$"https://digitale-sammlungen.gwlb.de/content/1760858625/manifest.json"$"https://digitale-sammlungen.gwlb.de/resolve?id=1760858625"$"https://digitale-sammlungen.gwlb.de/content/1760858625/jpgs/thumbs/00000001.jpg"$"Komplett"$"Original"$"Standard"$"Einzelseite"$"2021"$"2021"$"Gottfried Wilhelm Leibniz Bibliothek"$"https://d-nb.info/gnd/10095509-5"$"Hannover"$"https://d-nb.info/gnd/4023349-2"$"Gottfried Wilhelm Leibniz Bibliothek"$"https://d-nb.info/gnd/10095509-5"$"Hannover"$"https://d-nb.info/gnd/4023349-2"
"88"$"Ms IV, 506a"$"https://digitale-sammlungen.gwlb.de/content/1760864056/manifest.json"$"https://digitale-sammlungen.gwlb.de/resolve?id=1760864056"$"https://digitale-sammlungen.gwlb.de/content/1760864056/jpgs/thumbs/00000001.jpg"$"Komplett"$"Original"$"Standard"$"Einzelseite"$"2021"$"2021"$"Gottfried Wilhelm Leibniz Bibliothek"$"https://d-nb.info/gnd/10095509-5"$"Hannover"$"https://d-nb.info/gnd/4023349-2"$"Gottfried Wilhelm Leibniz Bibliothek"$"https://d-nb.info/gnd/10095509-5"$"Hannover"$"https://d-nb.info/gnd/4023349-2"
"89"$"Ms IV, 518"$"https://digitale-sammlungen.gwlb.de/content/1772163155/manifest.json"$"https://digitale-sammlungen.gwlb.de/resolve?id=1772163155"$"https://digitale-sammlungen.gwlb.de/content/1772163155/jpgs/thumbs/00000001.jpg"$"Komplett"$"Original"$"Standard"$"Einzelseite"$"2021"$"2021"$"Gottfried Wilhelm Leibniz Bibliothek"$"https://d-nb.info/gnd/10095509-5"$"Hannover"$"https://d-nb.info/gnd/4023349-2"$"Gottfried Wilhelm Leibniz Bibliothek"$"https://d-nb.info/gnd/10095509-5"$"Hannover"$"https://d-nb.info/gnd/4023349-2"
"90"$"Ms IV, 524"$"https://digitale-sammlungen.gwlb.de/content/1772163295/manifest.json"$"https://digitale-sammlungen.gwlb.de/resolve?id=1772163295"$"https://digitale-sammlungen.gwlb.de/content/1772163295/jpgs/thumbs/00000001.jpg"$"Komplett"$"Original"$"Standard"$"Einzelseite"$"2021"$"2021"$"Gottfried Wilhelm Leibniz Bibliothek"$"https://d-nb.info/gnd/10095509-5"$"Hannover"$"https://d-nb.info/gnd/4023349-2"$"Gottfried Wilhelm Leibniz Bibliothek"$"https://d-nb.info/gnd/10095509-5"$"Hannover"$"https://d-nb.info/gnd/4023349-2"
"91"$"Ms IV, 533"$"https://digitale-sammlungen.gwlb.de/content/1772219061/manifest.json"$"https://digitale-sammlungen.gwlb.de/resolve?id=1772219061"$"https://digitale-sammlungen.gwlb.de/content/1772219061/jpgs/thumbs/00000001.jpg"$"Komplett"$"Original"$"Standard"$"Einzelseite"$"2021"$"2021"$"Gottfried Wilhelm Leibniz Bibliothek"$"https://d-nb.info/gnd/10095509-5"$"Hannover"$"https://d-nb.info/gnd/4023349-2"$"Gottfried Wilhelm Leibniz Bibliothek"$"https://d-nb.info/gnd/10095509-5"$"Hannover"$"https://d-nb.info/gnd/4023349-2"
"92"$"Ms IV, 538"$"https://digitale-sammlungen.gwlb.de/content/1773313622/manifest.json"$"https://digitale-sammlungen.gwlb.de/resolve?id=1773313622"$"https://digitale-sammlungen.gwlb.de/content/1773313622/jpgs/thumbs/00000001.jpg"$"Komplett"$"Original"$"Standard"$"Einzelseite"$"2021"$"2021"$"Gottfried Wilhelm Leibniz Bibliothek"$"https://d-nb.info/gnd/10095509-5"$"Hannover"$"https://d-nb.info/gnd/4023349-2"$"Gottfried Wilhelm Leibniz Bibliothek"$"https://d-nb.info/gnd/10095509-5"$"Hannover"$"https://d-nb.info/gnd/4023349-2"
"93"$"Ms IV, 546"$"https://digitale-sammlungen.gwlb.de/content/1761335995/manifest.json"$"https://digitale-sammlungen.gwlb.de/resolve?id=1761335995"$"https://digitale-sammlungen.gwlb.de/content/1761335995/jpgs/thumbs/00000001.jpg"$"Komplett"$"Original"$"Standard"$"Einzelseite"$"2021"$"2021"$"Gottfried Wilhelm Leibniz Bibliothek"$"https://d-nb.info/gnd/10095509-5"$"Hannover"$"https://d-nb.info/gnd/4023349-2"$"Gottfried Wilhelm Leibniz Bibliothek"$"https://d-nb.info/gnd/10095509-5"$"Hannover"$"https://d-nb.info/gnd/4023349-2"
"94"$"Ms IV, 576"$"https://digitale-sammlungen.gwlb.de/content/1775137295/manifest.json"$"https://digitale-sammlungen.gwlb.de/resolve?id=1775137295"$"https://digitale-sammlungen.gwlb.de/content/1775137295/jpgs/thumbs/00000001.jpg"$"Komplett"$"Original"$"Standard"$"Einzelseite"$"2021"$"2021"$"Gottfried Wilhelm Leibniz Bibliothek"$"https://d-nb.info/gnd/10095509-5"$"Hannover"$"https://d-nb.info/gnd/4023349-2"$"Gottfried Wilhelm Leibniz Bibliothek"$"https://d-nb.info/gnd/10095509-5"$"Hannover"$"https://d-nb.info/gnd/4023349-2"
"95"$"Ms IV, 578"$"https://digitale-sammlungen.gwlb.de/content/1775164926/manifest.json"$"https://digitale-sammlungen.gwlb.de/resolve?id=1775164926"$"https://digitale-sammlungen.gwlb.de/content/1775164926/jpgs/thumbs/00000001.jpg"$"Komplett"$"Original"$"Standard"$"Einzelseite"$"2021"$"2021"$"Gottfried Wilhelm Leibniz Bibliothek"$"https://d-nb.info/gnd/10095509-5"$"Hannover"$"https://d-nb.info/gnd/4023349-2"$"Gottfried Wilhelm Leibniz Bibliothek"$"https://d-nb.info/gnd/10095509-5"$"Hannover"$"https://d-nb.info/gnd/4023349-2"
"96"$"Ms IV, 581"$"https://digitale-sammlungen.gwlb.de/content/1778275443/manifest.json"$"https://digitale-sammlungen.gwlb.de/resolve?id=1778275443"$"https://digitale-sammlungen.gwlb.de/content/1778275443/jpgs/thumbs/00000001.jpg"$"Komplett"$"Original"$"Standard"$"Einzelseite"$"2021"$"2021"$"Gottfried Wilhelm Leibniz Bibliothek"$"https://d-nb.info/gnd/10095509-5"$"Hannover"$"https://d-nb.info/gnd/4023349-2"$"Gottfried Wilhelm Leibniz Bibliothek"$"https://d-nb.info/gnd/10095509-5"$"Hannover"$"https://d-nb.info/gnd/4023349-2"
"97"$"Ms IV, 616"$"https://digitale-sammlungen.gwlb.de/content/1762341794/manifest.json"$"https://digitale-sammlungen.gwlb.de/resolve?id=1762341794"$"https://digitale-sammlungen.gwlb.de/content/1762341794/jpgs/thumbs/00000001.jpg"$"Komplett"$"Original"$"Standard"$"Einzelseite"$"2021"$"2021"$"Gottfried Wilhelm Leibniz Bibliothek"$"https://d-nb.info/gnd/10095509-5"$"Hannover"$"https://d-nb.info/gnd/4023349-2"$"Gottfried Wilhelm Leibniz Bibliothek"$"https://d-nb.info/gnd/10095509-5"$"Hannover"$"https://d-nb.info/gnd/4023349-2"
"98"$"Ms VII, 626"$"https://digitale-sammlungen.gwlb.de/content/1762343541/manifest.json"$"https://digitale-sammlungen.gwlb.de/resolve?id=1762343541"$"https://digitale-sammlungen.gwlb.de/content/1762343541/jpgs/thumbs/00000001.jpg"$"Komplett"$"Original"$"Standard"$"Einzelseite"$"2021"$"2021"$"Gottfried Wilhelm Leibniz Bibliothek"$"https://d-nb.info/gnd/10095509-5"$"Hannover"$"https://d-nb.info/gnd/4023349-2"$"Gottfried Wilhelm Leibniz Bibliothek"$"https://d-nb.info/gnd/10095509-5"$"Hannover"$"https://d-nb.info/gnd/4023349-2"
"99"$"Ms XI, 667"$"https://digitale-sammlungen.gwlb.de/content/1763789853/manifest.json"$"https://digitale-sammlungen.gwlb.de/resolve?id=1763789853"$"https://digitale-sammlungen.gwlb.de/content/1763789853/jpgs/thumbs/00000001.jpg"$"Komplett"$"Original"$"Standard"$"Einzelseite"$"2021"$"2021"$"Gottfried Wilhelm Leibniz Bibliothek"$"https://d-nb.info/gnd/10095509-5"$"Hannover"$"https://d-nb.info/gnd/4023349-2"$"Gottfried Wilhelm Leibniz Bibliothek"$"https://d-nb.info/gnd/10095509-5"$"Hannover"$"https://d-nb.info/gnd/4023349-2"
"100"$"Ms XI, 673"$"https://digitale-sammlungen.gwlb.de/content/1762344106/manifest.json"$"https://digitale-sammlungen.gwlb.de/resolve?id=1762344106"$"https://digitale-sammlungen.gwlb.de/content/1762344106/jpgs/thumbs/00000001.jpg"$"Komplett"$"Original"$"Standard"$"Einzelseite"$"2021"$"2021"$"Gottfried Wilhelm Leibniz Bibliothek"$"https://d-nb.info/gnd/10095509-5"$"Hannover"$"https://d-nb.info/gnd/4023349-2"$"Gottfried Wilhelm Leibniz Bibliothek"$"https://d-nb.info/gnd/10095509-5"$"Hannover"$"https://d-nb.info/gnd/4023349-2"
"101"$"Ms XI, 674"$"https://digitale-sammlungen.gwlb.de/content/1763790231/manifest.json"$"https://digitale-sammlungen.gwlb.de/resolve?id=1763790231"$"https://digitale-sammlungen.gwlb.de/content/1763790231/jpgs/thumbs/00000001.jpg"$"Komplett"$"Original"$"Standard"$"Einzelseite"$"2021"$"2021"$"Gottfried Wilhelm Leibniz Bibliothek"$"https://d-nb.info/gnd/10095509-5"$"Hannover"$"https://d-nb.info/gnd/4023349-2"$"Gottfried Wilhelm Leibniz Bibliothek"$"https://d-nb.info/gnd/10095509-5"$"Hannover"$"https://d-nb.info/gnd/4023349-2"
"102"$"Ms XI, 675"$"https://digitale-sammlungen.gwlb.de/content/1767903219/manifest.json"$"https://digitale-sammlungen.gwlb.de/resolve?id=1767903219"$"https://digitale-sammlungen.gwlb.de/content/1767903219/jpgs/thumbs/00000001.jpg"$"Komplett"$"Original"$"Standard"$"Einzelseite"$"2021"$"2021"$"Gottfried Wilhelm Leibniz Bibliothek"$"https://d-nb.info/gnd/10095509-5"$"Hannover"$"https://d-nb.info/gnd/4023349-2"$"Gottfried Wilhelm Leibniz Bibliothek"$"https://d-nb.info/gnd/10095509-5"$"Hannover"$"https://d-nb.info/gnd/4023349-2"
"103"$"Ms XII, 712a"$"https://digitale-sammlungen.gwlb.de/content/1778275672/manifest.json"$"https://digitale-sammlungen.gwlb.de/resolve?id=1778275672"$"https://digitale-sammlungen.gwlb.de/content/1778275672/jpgs/thumbs/00000001.jpg"$"Komplett"$"Original"$"Standard"$"Einzelseite"$"2021"$"2021"$"Gottfried Wilhelm Leibniz Bibliothek"$"https://d-nb.info/gnd/10095509-5"$"Hannover"$"https://d-nb.info/gnd/4023349-2"$"Gottfried Wilhelm Leibniz Bibliothek"$"https://d-nb.info/gnd/10095509-5"$"Hannover"$"https://d-nb.info/gnd/4023349-2"
"104"$"Ms XIII, 748"$"https://digitale-sammlungen.gwlb.de/content/1788712005/manifest.json"$"https://digitale-sammlungen.gwlb.de/resolve?id=1788712005"$"https://digitale-sammlungen.gwlb.de/content/1788712005/jpgs/thumbs/00000001.jpg"$"Komplett"$"Original"$"Standard"$"Einzelseite"$"2022"$"2022"$"Gottfried Wilhelm Leibniz Bibliothek"$"https://d-nb.info/gnd/10095509-5"$"Hannover"$"https://d-nb.info/gnd/4023349-2"$"Gottfried Wilhelm Leibniz Bibliothek"$"https://d-nb.info/gnd/10095509-5"$"Hannover"$"https://d-nb.info/gnd/4023349-2"
"105"$"Ms XIII, 753"$"https://digitale-sammlungen.gwlb.de/content/173754878X/manifest.json"$"https://digitale-sammlungen.gwlb.de/resolve?id=173754878X"$"https://digitale-sammlungen.gwlb.de/content/173754878X/jpgs/thumbs/00000001.jpg"$"Komplett"$"Original"$"Standard"$"Einzelseite"$"2020"$"2020"$"Gottfried Wilhelm Leibniz Bibliothek"$"https://d-nb.info/gnd/10095509-5"$"Hannover"$"https://d-nb.info/gnd/4023349-2"$"Gottfried Wilhelm Leibniz Bibliothek"$"https://d-nb.info/gnd/10095509-5"$"Hannover"$"https://d-nb.info/gnd/4023349-2"
"106"$"Ms XIII, 757"$"https://digitale-sammlungen.gwlb.de/content/1769358870/manifest.json"$"https://digitale-sammlungen.gwlb.de/resolve?id=1769358870"$"https://digitale-sammlungen.gwlb.de/content/1769358870/jpgs/thumbs/00000001.jpg"$"Komplett"$"Original"$"Standard"$"Einzelseite"$"2021"$"2021"$"Gottfried Wilhelm Leibniz Bibliothek"$"https://d-nb.info/gnd/10095509-5"$"Hannover"$"https://d-nb.info/gnd/4023349-2"$"Gottfried Wilhelm Leibniz Bibliothek"$"https://d-nb.info/gnd/10095509-5"$"Hannover"$"https://d-nb.info/gnd/4023349-2"
"107"$"Ms XIII, 764"$"https://digitale-sammlungen.gwlb.de/content/1769362312/manifest.json"$"https://digitale-sammlungen.gwlb.de/resolve?id=1769362312"$"https://digitale-sammlungen.gwlb.de/content/1769362312/jpgs/thumbs/00000001.jpg"$"Komplett"$"Original"$"Standard"$"Einzelseite"$"2021"$"2021"$"Gottfried Wilhelm Leibniz Bibliothek"$"https://d-nb.info/gnd/10095509-5"$"Hannover"$"https://d-nb.info/gnd/4023349-2"$"Gottfried Wilhelm Leibniz Bibliothek"$"https://d-nb.info/gnd/10095509-5"$"Hannover"$"https://d-nb.info/gnd/4023349-2"
"108"$"Ms XIII, 765"$"https://digitale-sammlungen.gwlb.de/content/1736240110/manifest.json"$"https://digitale-sammlungen.gwlb.de/resolve?id=1736240110"$"https://digitale-sammlungen.gwlb.de/content/1736240110/jpgs/thumbs/00000001.jpg"$"Komplett"$"Original"$"Standard"$"Einzelseite"$"2020"$"2022"$"Gottfried Wilhelm Leibniz Bibliothek"$"https://d-nb.info/gnd/10095509-5"$"Hannover"$"https://d-nb.info/gnd/4023349-2"$"Gottfried Wilhelm Leibniz Bibliothek"$"https://d-nb.info/gnd/10095509-5"$"Hannover"$"https://d-nb.info/gnd/4023349-2"
"109"$"Ms XIII, 766"$"https://digitale-sammlungen.gwlb.de/content/1769363394/manifest.json"$"https://digitale-sammlungen.gwlb.de/resolve?id=1769363394"$"https://digitale-sammlungen.gwlb.de/content/1769363394/jpgs/thumbs/00000001.jpg"$"Komplett"$"Original"$"Standard"$"Einzelseite"$"2021"$"2021"$"Gottfried Wilhelm Leibniz Bibliothek"$"https://d-nb.info/gnd/10095509-5"$"Hannover"$"https://d-nb.info/gnd/4023349-2"$"Gottfried Wilhelm Leibniz Bibliothek"$"https://d-nb.info/gnd/10095509-5"$"Hannover"$"https://d-nb.info/gnd/4023349-2"
"110"$"Ms XIII, 777"$"https://digitale-sammlungen.gwlb.de/content/1769379096/manifest.json"$"https://digitale-sammlungen.gwlb.de/resolve?id=1769379096"$"https://digitale-sammlungen.gwlb.de/content/1769379096/jpgs/thumbs/00000001.jpg"$"Komplett"$"Original"$"Standard"$"Einzelseite"$"2021"$"2021"$"Gottfried Wilhelm Leibniz Bibliothek"$"https://d-nb.info/gnd/10095509-5"$"Hannover"$"https://d-nb.info/gnd/4023349-2"$"Gottfried Wilhelm Leibniz Bibliothek"$"https://d-nb.info/gnd/10095509-5"$"Hannover"$"https://d-nb.info/gnd/4023349-2"
"111"$"Ms XIII, 783"$"https://digitale-sammlungen.gwlb.de/content/1769379509/manifest.json"$"https://digitale-sammlungen.gwlb.de/resolve?id=1769379509"$"https://digitale-sammlungen.gwlb.de/content/1769379509/jpgs/thumbs/00000001.jpg"$"Komplett"$"Original"$"Standard"$"Einzelseite"$"2021"$"2021"$"Gottfried Wilhelm Leibniz Bibliothek"$"https://d-nb.info/gnd/10095509-5"$"Hannover"$"https://d-nb.info/gnd/4023349-2"$"Gottfried Wilhelm Leibniz Bibliothek"$"https://d-nb.info/gnd/10095509-5"$"Hannover"$"https://d-nb.info/gnd/4023349-2"
"112"$"Ms XIII, 857"$"https://digitale-sammlungen.gwlb.de/content/1773314157/manifest.json"$"https://digitale-sammlungen.gwlb.de/resolve?id=1773314157"$"https://digitale-sammlungen.gwlb.de/content/1773314157/jpgs/thumbs/00000001.jpg"$"Komplett"$"Original"$"Standard"$"Einzelseite"$"2021"$"2021"$"Gottfried Wilhelm Leibniz Bibliothek"$"https://d-nb.info/gnd/10095509-5"$"Hannover"$"https://d-nb.info/gnd/4023349-2"$"Gottfried Wilhelm Leibniz Bibliothek"$"https://d-nb.info/gnd/10095509-5"$"Hannover"$"https://d-nb.info/gnd/4023349-2"
"113"$"Ms XIII, 858"$"https://digitale-sammlungen.gwlb.de/content/1778275842/manifest.json"$"https://digitale-sammlungen.gwlb.de/resolve?id=1778275842"$"https://digitale-sammlungen.gwlb.de/content/1778275842/jpgs/thumbs/00000001.jpg"$"Komplett"$"Original"$"Standard"$"Einzelseite"$"2021"$"2021"$"Gottfried Wilhelm Leibniz Bibliothek"$"https://d-nb.info/gnd/10095509-5"$"Hannover"$"https://d-nb.info/gnd/4023349-2"$"Gottfried Wilhelm Leibniz Bibliothek"$"https://d-nb.info/gnd/10095509-5"$"Hannover"$"https://d-nb.info/gnd/4023349-2"
"114"$"Ms XIII, 859"$"https://digitale-sammlungen.gwlb.de/content/1729061117/manifest.json"$"https://digitale-sammlungen.gwlb.de/resolve?id=1729061117"$"https://digitale-sammlungen.gwlb.de/content/1729061117/jpgs/thumbs/00000001.jpg"$"Komplett"$"Original"$"Standard"$"Einzelseite"$"2020"$"2020"$"Gottfried Wilhelm Leibniz Bibliothek"$"https://d-nb.info/gnd/10095509-5"$"Hannover"$"https://d-nb.info/gnd/4023349-2"$"Gottfried Wilhelm Leibniz Bibliothek"$"https://d-nb.info/gnd/10095509-5"$"Hannover"$"https://d-nb.info/gnd/4023349-2"
"115"$"Ms XIII, 913"$"https://digitale-sammlungen.gwlb.de/content/1769379851/manifest.json"$"https://digitale-sammlungen.gwlb.de/resolve?id=1769379851"$"https://digitale-sammlungen.gwlb.de/content/1769379851/jpgs/thumbs/00000001.jpg"$"Komplett"$"Original"$"Standard"$"Einzelseite"$"2021"$"2021"$"Gottfried Wilhelm Leibniz Bibliothek"$"https://d-nb.info/gnd/10095509-5"$"Hannover"$"https://d-nb.info/gnd/4023349-2"$"Gottfried Wilhelm Leibniz Bibliothek"$"https://d-nb.info/gnd/10095509-5"$"Hannover"$"https://d-nb.info/gnd/4023349-2"
"116"$"Ms XIII, 917"$"https://digitale-sammlungen.gwlb.de/content/1769380140/manifest.json"$"https://digitale-sammlungen.gwlb.de/resolve?id=1769380140"$"https://digitale-sammlungen.gwlb.de/content/1769380140/jpgs/thumbs/00000001.jpg"$"Komplett"$"Original"$"Standard"$"Einzelseite"$"2021"$"2021"$"Gottfried Wilhelm Leibniz Bibliothek"$"https://d-nb.info/gnd/10095509-5"$"Hannover"$"https://d-nb.info/gnd/4023349-2"$"Gottfried Wilhelm Leibniz Bibliothek"$"https://d-nb.info/gnd/10095509-5"$"Hannover"$"https://d-nb.info/gnd/4023349-2"
"117"$"Ms XIV, 934"$"https://digitale-sammlungen.gwlb.de/content/1769381481/manifest.json"$"https://digitale-sammlungen.gwlb.de/resolve?id=1769381481"$"https://digitale-sammlungen.gwlb.de/content/1769381481/jpgs/thumbs/00000001.jpg"$"Komplett"$"Original"$"Standard"$"Einzelseite"$"2021"$"2021"$"Gottfried Wilhelm Leibniz Bibliothek"$"https://d-nb.info/gnd/10095509-5"$"Hannover"$"https://d-nb.info/gnd/4023349-2"$"Gottfried Wilhelm Leibniz Bibliothek"$"https://d-nb.info/gnd/10095509-5"$"Hannover"$"https://d-nb.info/gnd/4023349-2"
"118"$"Ms XIV, 942"$"https://digitale-sammlungen.gwlb.de/content/1769381910/manifest.json"$"https://digitale-sammlungen.gwlb.de/resolve?id=1769381910"$"https://digitale-sammlungen.gwlb.de/content/1769381910/jpgs/thumbs/00000001.jpg"$"Komplett"$"Original"$"Standard"$"Einzelseite"$"2021"$"2021"$"Gottfried Wilhelm Leibniz Bibliothek"$"https://d-nb.info/gnd/10095509-5"$"Hannover"$"https://d-nb.info/gnd/4023349-2"$"Gottfried Wilhelm Leibniz Bibliothek"$"https://d-nb.info/gnd/10095509-5"$"Hannover"$"https://d-nb.info/gnd/4023349-2"
"119"$"Ms XVIII, 1006"$"https://digitale-sammlungen.gwlb.de/content/1778276105/manifest.json"$"https://digitale-sammlungen.gwlb.de/resolve?id=1778276105"$"https://digitale-sammlungen.gwlb.de/content/1778276105/jpgs/thumbs/00000001.jpg"$"Komplett"$"Original"$"Standard"$"Einzelseite"$"2021"$"2021"$"Gottfried Wilhelm Leibniz Bibliothek"$"https://d-nb.info/gnd/10095509-5"$"Hannover"$"https://d-nb.info/gnd/4023349-2"$"Gottfried Wilhelm Leibniz Bibliothek"$"https://d-nb.info/gnd/10095509-5"$"Hannover"$"https://d-nb.info/gnd/4023349-2"
"120"$"Ms XVIII, 1020"$"https://digitale-sammlungen.gwlb.de/content/1703280512/manifest.json"$"https://digitale-sammlungen.gwlb.de/resolve?id=1703280512"$"https://digitale-sammlungen.gwlb.de/content/1703280512/jpgs/thumbs/00000001.jpg"$"Komplett"$"Original"$"Standard"$"Einzelseite"$"2020"$"2020"$"Gottfried Wilhelm Leibniz Bibliothek"$"https://d-nb.info/gnd/10095509-5"$"Hannover"$"https://d-nb.info/gnd/4023349-2"$"Gottfried Wilhelm Leibniz Bibliothek"$"https://d-nb.info/gnd/10095509-5"$"Hannover"$"https://d-nb.info/gnd/4023349-2"
"121"$"Ms XIX, 1083"$"https://digitale-sammlungen.gwlb.de/content/1815522941/manifest.json"$"https://digitale-sammlungen.gwlb.de/resolve?id=1815522941"$"https://digitale-sammlungen.gwlb.de/content/1815522941/jpgs/thumbs/00000001.jpg"$"Komplett"$"Original"$"Standard"$"Einzelseite"$"2022"$"2022"$"Gottfried Wilhelm Leibniz Bibliothek"$"https://d-nb.info/gnd/10095509-5"$"Hannover"$"https://d-nb.info/gnd/4023349-2"$"Gottfried Wilhelm Leibniz Bibliothek"$"https://d-nb.info/gnd/10095509-5"$"Hannover"$"https://d-nb.info/gnd/4023349-2"
"122"$"Ms XIX, 1103a"$"https://digitale-sammlungen.gwlb.de/content/1769386882/manifest.json"$"https://digitale-sammlungen.gwlb.de/resolve?id=1769386882"$"https://digitale-sammlungen.gwlb.de/content/1769386882/jpgs/thumbs/00000001.jpg"$"Komplett"$"Original"$"Standard"$"Einzelseite"$"2021"$"2021"$"Gottfried Wilhelm Leibniz Bibliothek"$"https://d-nb.info/gnd/10095509-5"$"Hannover"$"https://d-nb.info/gnd/4023349-2"$"Gottfried Wilhelm Leibniz Bibliothek"$"https://d-nb.info/gnd/10095509-5"$"Hannover"$"https://d-nb.info/gnd/4023349-2"
"123"$"Ms XIX, 1105"$"https://digitale-sammlungen.gwlb.de/content/177434050X/manifest.json"$"https://digitale-sammlungen.gwlb.de/resolve?id=177434050X"$"https://digitale-sammlungen.gwlb.de/content/177434050X/jpgs/thumbs/00000001.jpg"$"Komplett"$"Original"$"Standard"$"Einzelseite"$"2021"$"2021"$"Gottfried Wilhelm Leibniz Bibliothek"$"https://d-nb.info/gnd/10095509-5"$"Hannover"$"https://d-nb.info/gnd/4023349-2"$"Gottfried Wilhelm Leibniz Bibliothek"$"https://d-nb.info/gnd/10095509-5"$"Hannover"$"https://d-nb.info/gnd/4023349-2"
"124"$"Ms XIX, 1119"$"https://digitale-sammlungen.gwlb.de/content/1769388281/manifest.json"$"https://digitale-sammlungen.gwlb.de/resolve?id=1769388281"$"https://digitale-sammlungen.gwlb.de/content/1769388281/jpgs/thumbs/00000001.jpg"$"Komplett"$"Original"$"Standard"$"Einzelseite"$"2021"$"2021"$"Gottfried Wilhelm Leibniz Bibliothek"$"https://d-nb.info/gnd/10095509-5"$"Hannover"$"https://d-nb.info/gnd/4023349-2"$"Gottfried Wilhelm Leibniz Bibliothek"$"https://d-nb.info/gnd/10095509-5"$"Hannover"$"https://d-nb.info/gnd/4023349-2"
"125"$"Ms XIX, 1129"$"https://digitale-sammlungen.gwlb.de/content/1773314343/manifest.json"$"https://digitale-sammlungen.gwlb.de/resolve?id=1773314343"$"https://digitale-sammlungen.gwlb.de/content/1773314343/jpgs/thumbs/00000001.jpg"$"Komplett"$"Original"$"Standard"$"Einzelseite"$"2021"$"2021"$"Gottfried Wilhelm Leibniz Bibliothek"$"https://d-nb.info/gnd/10095509-5"$"Hannover"$"https://d-nb.info/gnd/4023349-2"$"Gottfried Wilhelm Leibniz Bibliothek"$"https://d-nb.info/gnd/10095509-5"$"Hannover"$"https://d-nb.info/gnd/4023349-2"
"126"$"Ms XIX, 1133"$"https://digitale-sammlungen.gwlb.de/content/1780430159/manifest.json"$"https://digitale-sammlungen.gwlb.de/resolve?id=1780430159"$"https://digitale-sammlungen.gwlb.de/content/1780430159/jpgs/thumbs/00000001.jpg"$"Komplett"$"Original"$"Standard"$"Einzelseite"$"2021"$"2022"$"Gottfried Wilhelm Leibniz Bibliothek"$"https://d-nb.info/gnd/10095509-5"$"Hannover"$"https://d-nb.info/gnd/4023349-2"$"Gottfried Wilhelm Leibniz Bibliothek"$"https://d-nb.info/gnd/10095509-5"$"Hannover"$"https://d-nb.info/gnd/4023349-2"
"127"$"Ms XX, 1173"$"https://digitale-sammlungen.gwlb.de/content/1773314610/manifest.json"$"https://digitale-sammlungen.gwlb.de/resolve?id=1773314610"$"https://digitale-sammlungen.gwlb.de/content/1773314610/jpgs/thumbs/00000001.jpg"$"Komplett"$"Original"$"Standard"$"Einzelseite"$"2021"$"2021"$"Gottfried Wilhelm Leibniz Bibliothek"$"https://d-nb.info/gnd/10095509-5"$"Hannover"$"https://d-nb.info/gnd/4023349-2"$"Gottfried Wilhelm Leibniz Bibliothek"$"https://d-nb.info/gnd/10095509-5"$"Hannover"$"https://d-nb.info/gnd/4023349-2"
"128"$"Ms XXI, 1209"$"https://digitale-sammlungen.gwlb.de/content/1773527908/manifest.json"$"https://digitale-sammlungen.gwlb.de/resolve?id=1773527908"$"https://digitale-sammlungen.gwlb.de/content/1773527908/jpgs/thumbs/00000001.jpg"$"Komplett"$"Original"$"Standard"$"Einzelseite"$"2021"$"2021"$"Gottfried Wilhelm Leibniz Bibliothek"$"https://d-nb.info/gnd/10095509-5"$"Hannover"$"https://d-nb.info/gnd/4023349-2"$"Gottfried Wilhelm Leibniz Bibliothek"$"https://d-nb.info/gnd/10095509-5"$"Hannover"$"https://d-nb.info/gnd/4023349-2"
"129"$"Ms XXI, 1233"$"https://digitale-sammlungen.gwlb.de/content/1773528947/manifest.json"$"https://digitale-sammlungen.gwlb.de/resolve?id=1773528947"$"https://digitale-sammlungen.gwlb.de/content/1773528947/jpgs/thumbs/00000001.jpg"$"Komplett"$"Original"$"Standard"$"Einzelseite"$"2021"$"2021"$"Gottfried Wilhelm Leibniz Bibliothek"$"https://d-nb.info/gnd/10095509-5"$"Hannover"$"https://d-nb.info/gnd/4023349-2"$"Gottfried Wilhelm Leibniz Bibliothek"$"https://d-nb.info/gnd/10095509-5"$"Hannover"$"https://d-nb.info/gnd/4023349-2"
"130"$"Ms XXI, 1234"$"https://digitale-sammlungen.gwlb.de/content/1773314858/manifest.json"$"https://digitale-sammlungen.gwlb.de/resolve?id=1773314858"$"https://digitale-sammlungen.gwlb.de/content/1773314858/jpgs/thumbs/00000001.jpg"$"Komplett"$"Original"$"Standard"$"Einzelseite"$"2021"$"2021"$"Gottfried Wilhelm Leibniz Bibliothek"$"https://d-nb.info/gnd/10095509-5"$"Hannover"$"https://d-nb.info/gnd/4023349-2"$"Gottfried Wilhelm Leibniz Bibliothek"$"https://d-nb.info/gnd/10095509-5"$"Hannover"$"https://d-nb.info/gnd/4023349-2"
"131"$"Ms XXI, 1236"$"https://digitale-sammlungen.gwlb.de/content/1778276202/manifest.json"$"https://digitale-sammlungen.gwlb.de/resolve?id=1778276202"$"https://digitale-sammlungen.gwlb.de/content/1778276202/jpgs/thumbs/00000001.jpg"$"Komplett"$"Original"$"Standard"$"Einzelseite"$"2021"$"2021"$"Gottfried Wilhelm Leibniz Bibliothek"$"https://d-nb.info/gnd/10095509-5"$"Hannover"$"https://d-nb.info/gnd/4023349-2"$"Gottfried Wilhelm Leibniz Bibliothek"$"https://d-nb.info/gnd/10095509-5"$"Hannover"$"https://d-nb.info/gnd/4023349-2"
"132"$"Ms XXI, 1238"$"https://digitale-sammlungen.gwlb.de/content/1773529706/manifest.json"$"https://digitale-sammlungen.gwlb.de/resolve?id=1773529706"$"https://digitale-sammlungen.gwlb.de/content/1773529706/jpgs/thumbs/00000001.jpg"$"Komplett"$"Original"$"Standard"$"Einzelseite"$"2021"$"2021"$"Gottfried Wilhelm Leibniz Bibliothek"$"https://d-nb.info/gnd/10095509-5"$"Hannover"$"https://d-nb.info/gnd/4023349-2"$"Gottfried Wilhelm Leibniz Bibliothek"$"https://d-nb.info/gnd/10095509-5"$"Hannover"$"https://d-nb.info/gnd/4023349-2"
"133"$"Ms XXI, 1243"$"https://digitale-sammlungen.gwlb.de/content/1775165272/manifest.json"$"https://digitale-sammlungen.gwlb.de/resolve?id=1775165272"$"https://digitale-sammlungen.gwlb.de/content/1775165272/jpgs/thumbs/00000001.jpg"$"Komplett"$"Original"$"Standard"$"Einzelseite"$"2021"$"2021"$"Gottfried Wilhelm Leibniz Bibliothek"$"https://d-nb.info/gnd/10095509-5"$"Hannover"$"https://d-nb.info/gnd/4023349-2"$"Gottfried Wilhelm Leibniz Bibliothek"$"https://d-nb.info/gnd/10095509-5"$"Hannover"$"https://d-nb.info/gnd/4023349-2"
"134"$"Ms XXI, 1283"$"https://digitale-sammlungen.gwlb.de/content/1775166406/manifest.json"$"https://digitale-sammlungen.gwlb.de/resolve?id=1775166406"$"https://digitale-sammlungen.gwlb.de/content/1775166406/jpgs/thumbs/00000001.jpg"$"Komplett"$"Original"$"Standard"$"Einzelseite"$"2021"$"2021"$"Gottfried Wilhelm Leibniz Bibliothek"$"https://d-nb.info/gnd/10095509-5"$"Hannover"$"https://d-nb.info/gnd/4023349-2"$"Gottfried Wilhelm Leibniz Bibliothek"$"https://d-nb.info/gnd/10095509-5"$"Hannover"$"https://d-nb.info/gnd/4023349-2"
"135"$"Ms XXII, 1373"$"https://digitale-sammlungen.gwlb.de/content/1775166589/manifest.json"$"https://digitale-sammlungen.gwlb.de/resolve?id=1775166589"$"https://digitale-sammlungen.gwlb.de/content/1775166589/jpgs/thumbs/00000001.jpg"$"Komplett"$"Original"$"Standard"$"Einzelseite"$"2021"$"2021"$"Gottfried Wilhelm Leibniz Bibliothek"$"https://d-nb.info/gnd/10095509-5"$"Hannover"$"https://d-nb.info/gnd/4023349-2"$"Gottfried Wilhelm Leibniz Bibliothek"$"https://d-nb.info/gnd/10095509-5"$"Hannover"$"https://d-nb.info/gnd/4023349-2"
"136"$"Ms XXII, 1420"$"https://digitale-sammlungen.gwlb.de/content/1778276334/manifest.json"$"https://digitale-sammlungen.gwlb.de/resolve?id=1778276334"$"https://digitale-sammlungen.gwlb.de/content/1778276334/jpgs/thumbs/00000001.jpg"$"Komplett"$"Original"$"Standard"$"Einzelseite"$"2021"$"2021"$"Gottfried Wilhelm Leibniz Bibliothek"$"https://d-nb.info/gnd/10095509-5"$"Hannover"$"https://d-nb.info/gnd/4023349-2"$"Gottfried Wilhelm Leibniz Bibliothek"$"https://d-nb.info/gnd/10095509-5"$"Hannover"$"https://d-nb.info/gnd/4023349-2"
"137"$"Ms XXII, 1421"$"https://digitale-sammlungen.gwlb.de/content/1778276547/manifest.json"$"https://digitale-sammlungen.gwlb.de/resolve?id=1778276547"$"https://digitale-sammlungen.gwlb.de/content/1778276547/jpgs/thumbs/00000001.jpg"$"Komplett"$"Original"$"Standard"$"Einzelseite"$"2021"$"2021"$"Gottfried Wilhelm Leibniz Bibliothek"$"https://d-nb.info/gnd/10095509-5"$"Hannover"$"https://d-nb.info/gnd/4023349-2"$"Gottfried Wilhelm Leibniz Bibliothek"$"https://d-nb.info/gnd/10095509-5"$"Hannover"$"https://d-nb.info/gnd/4023349-2"
"138"$"Ms XXII, 1423"$"https://digitale-sammlungen.gwlb.de/content/1780431767/manifest.json"$"https://digitale-sammlungen.gwlb.de/resolve?id=1780431767"$"https://digitale-sammlungen.gwlb.de/content/1780431767/jpgs/thumbs/00000001.jpg"$"Komplett"$"Original"$"Standard"$"Einzelseite"$"2021"$"2021"$"Gottfried Wilhelm Leibniz Bibliothek"$"https://d-nb.info/gnd/10095509-5"$"Hannover"$"https://d-nb.info/gnd/4023349-2"$"Gottfried Wilhelm Leibniz Bibliothek"$"https://d-nb.info/gnd/10095509-5"$"Hannover"$"https://d-nb.info/gnd/4023349-2"
"139"$"Ms XXII, 1424"$"https://digitale-sammlungen.gwlb.de/content/1780432453/manifest.json"$"https://digitale-sammlungen.gwlb.de/resolve?id=1780432453"$"https://digitale-sammlungen.gwlb.de/content/1780432453/jpgs/thumbs/00000001.jpg"$"Komplett"$"Original"$"Standard"$"Einzelseite"$"2021"$"2021"$"Gottfried Wilhelm Leibniz Bibliothek"$"https://d-nb.info/gnd/10095509-5"$"Hannover"$"https://d-nb.info/gnd/4023349-2"$"Gottfried Wilhelm Leibniz Bibliothek"$"https://d-nb.info/gnd/10095509-5"$"Hannover"$"https://d-nb.info/gnd/4023349-2"
"140"$"Ms XXXVII, 1806"$"https://digitale-sammlungen.gwlb.de/content/1782033572/manifest.json"$"https://digitale-sammlungen.gwlb.de/resolve?id=1782033572"$"https://digitale-sammlungen.gwlb.de/content/1782033572/jpgs/thumbs/00000001.jpg"$"Komplett"$"Original"$"Standard"$"Einzelseite"$"2021"$"2021"$"Gottfried Wilhelm Leibniz Bibliothek"$"https://d-nb.info/gnd/10095509-5"$"Hannover"$"https://d-nb.info/gnd/4023349-2"$"Gottfried Wilhelm Leibniz Bibliothek"$"https://d-nb.info/gnd/10095509-5"$"Hannover"$"https://d-nb.info/gnd/4023349-2"
"141"$"Ms XXXVII, 1807"$"https://digitale-sammlungen.gwlb.de/content/1780437714/manifest.json"$"https://digitale-sammlungen.gwlb.de/resolve?id=1780437714"$"https://digitale-sammlungen.gwlb.de/content/1780437714/jpgs/thumbs/00000001.jpg"$"Komplett"$"Original"$"Standard"$"Einzelseite"$"2021"$"2021"$"Gottfried Wilhelm Leibniz Bibliothek"$"https://d-nb.info/gnd/10095509-5"$"Hannover"$"https://d-nb.info/gnd/4023349-2"$"Gottfried Wilhelm Leibniz Bibliothek"$"https://d-nb.info/gnd/10095509-5"$"Hannover"$"https://d-nb.info/gnd/4023349-2"
"142"$"Ms XXXVII, 1808"$"https://digitale-sammlungen.gwlb.de/content/1785358839/manifest.json"$"https://digitale-sammlungen.gwlb.de/resolve?id=1785358839"$"https://digitale-sammlungen.gwlb.de/content/1785358839/jpgs/thumbs/00000001.jpg"$"Komplett"$"Original"$"Standard"$"Einzelseite"$"2022"$"2022"$"Gottfried Wilhelm Leibniz Bibliothek"$"https://d-nb.info/gnd/10095509-5"$"Hannover"$"https://d-nb.info/gnd/4023349-2"$"Gottfried Wilhelm Leibniz Bibliothek"$"https://d-nb.info/gnd/10095509-5"$"Hannover"$"https://d-nb.info/gnd/4023349-2"
"143"$"Ms XXIII, 219"$"https://digitale-sammlungen.gwlb.de/content/1785362178/manifest.json"$"https://digitale-sammlungen.gwlb.de/resolve?id=1785362178"$"https://digitale-sammlungen.gwlb.de/content/1785362178/jpgs/thumbs/00000001.jpg"$"Komplett"$"Original"$"Standard"$"Einzelseite"$"2021"$"2022"$"Gottfried Wilhelm Leibniz Bibliothek"$"https://d-nb.info/gnd/10095509-5"$"Hannover"$"https://d-nb.info/gnd/4023349-2"$"Gottfried Wilhelm Leibniz Bibliothek"$"https://d-nb.info/gnd/10095509-5"$"Hannover"$"https://d-nb.info/gnd/4023349-2"
"144"$"Ms XXIII, 566"$"https://digitale-sammlungen.gwlb.de/content/1780440812/manifest.json"$"https://digitale-sammlungen.gwlb.de/resolve?id=1780440812"$"https://digitale-sammlungen.gwlb.de/content/1780440812/jpgs/thumbs/00000001.jpg"$"Komplett"$"Original"$"Standard"$"Einzelseite"$"2021"$"2021"$"Gottfried Wilhelm Leibniz Bibliothek"$"https://d-nb.info/gnd/10095509-5"$"Hannover"$"https://d-nb.info/gnd/4023349-2"$"Gottfried Wilhelm Leibniz Bibliothek"$"https://d-nb.info/gnd/10095509-5"$"Hannover"$"https://d-nb.info/gnd/4023349-2"
"145"$"Ms XXIII, 570"$"https://digitale-sammlungen.gwlb.de/content/178044141X/manifest.json"$"https://digitale-sammlungen.gwlb.de/resolve?id=178044141X"$"https://digitale-sammlungen.gwlb.de/content/178044141X/jpgs/thumbs/00000001.jpg"$"Komplett"$"Original"$"Standard"$"Einzelseite"$"2021"$"2021"$"Gottfried Wilhelm Leibniz Bibliothek"$"https://d-nb.info/gnd/10095509-5"$"Hannover"$"https://d-nb.info/gnd/4023349-2"$"Gottfried Wilhelm Leibniz Bibliothek"$"https://d-nb.info/gnd/10095509-5"$"Hannover"$"https://d-nb.info/gnd/4023349-2"
"146"$"Ms XXIII, 766"$"https://digitale-sammlungen.gwlb.de/content/1780441886/manifest.json"$"https://digitale-sammlungen.gwlb.de/resolve?id=1780441886"$"https://digitale-sammlungen.gwlb.de/content/1780441886/jpgs/thumbs/00000001.jpg"$"Komplett"$"Original"$"Standard"$"Einzelseite"$"2021"$"2021"$"Gottfried Wilhelm Leibniz Bibliothek"$"https://d-nb.info/gnd/10095509-5"$"Hannover"$"https://d-nb.info/gnd/4023349-2"$"Gottfried Wilhelm Leibniz Bibliothek"$"https://d-nb.info/gnd/10095509-5"$"Hannover"$"https://d-nb.info/gnd/4023349-2"
"147"$"Ms XXIII, 767"$"https://digitale-sammlungen.gwlb.de/content/1785363360/manifest.json"$"https://digitale-sammlungen.gwlb.de/resolve?id=1785363360"$"https://digitale-sammlungen.gwlb.de/content/1785363360/jpgs/thumbs/00000001.jpg"$"Komplett"$"Original"$"Standard"$"Einzelseite"$"2021"$"2021"$"Gottfried Wilhelm Leibniz Bibliothek"$"https://d-nb.info/gnd/10095509-5"$"Hannover"$"https://d-nb.info/gnd/4023349-2"$"Gottfried Wilhelm Leibniz Bibliothek"$"https://d-nb.info/gnd/10095509-5"$"Hannover"$"https://d-nb.info/gnd/4023349-2"
"148"$"Ms XXIII, 800"$"https://digitale-sammlungen.gwlb.de/content/1811490417/manifest.json"$"https://digitale-sammlungen.gwlb.de/resolve?id=1811490417"$"https://digitale-sammlungen.gwlb.de/content/1811490417/jpgs/thumbs/00000001.jpg"$"Komplett"$"Original"$"Standard"$"Einzelseite"$"2022"$"2022"$"Gottfried Wilhelm Leibniz Bibliothek"$"https://d-nb.info/gnd/10095509-5"$"Hannover"$"https://d-nb.info/gnd/4023349-2"$"Gottfried Wilhelm Leibniz Bibliothek"$"https://d-nb.info/gnd/10095509-5"$"Hannover"$"https://d-nb.info/gnd/4023349-2"
"149"$"Ms XXIII, 806"$"https://digitale-sammlungen.gwlb.de/content/1785487736/manifest.json"$"https://digitale-sammlungen.gwlb.de/resolve?id=1785487736"$"https://digitale-sammlungen.gwlb.de/content/1785487736/jpgs/thumbs/00000001.jpg"$"Komplett"$"Original"$"Standard"$"Einzelseite"$"2022"$"2022"$"Gottfried Wilhelm Leibniz Bibliothek"$"https://d-nb.info/gnd/10095509-5"$"Hannover"$"https://d-nb.info/gnd/4023349-2"$"Gottfried Wilhelm Leibniz Bibliothek"$"https://d-nb.info/gnd/10095509-5"$"Hannover"$"https://d-nb.info/gnd/4023349-2"
"150"$"Ms XXIII, 896"$"https://digitale-sammlungen.gwlb.de/content/1729062040/manifest.json"$"https://digitale-sammlungen.gwlb.de/resolve?id=1729062040"$"https://digitale-sammlungen.gwlb.de/content/1729062040/jpgs/thumbs/00000001.jpg"$"Komplett"$"Original"$"Standard"$"Einzelseite"$"2020"$"2020"$"Gottfried Wilhelm Leibniz Bibliothek"$"https://d-nb.info/gnd/10095509-5"$"Hannover"$"https://d-nb.info/gnd/4023349-2"$"Gottfried Wilhelm Leibniz Bibliothek"$"https://d-nb.info/gnd/10095509-5"$"Hannover"$"https://d-nb.info/gnd/4023349-2"
"151"$"Ms XXIII, 932"$"https://digitale-sammlungen.gwlb.de/content/178548897X/manifest.json"$"https://digitale-sammlungen.gwlb.de/resolve?id=178548897X"$"https://digitale-sammlungen.gwlb.de/content/178548897X/jpgs/thumbs/00000001.jpg"$"Komplett"$"Original"$"Standard"$"Einzelseite"$"2022"$"2022"$"Gottfried Wilhelm Leibniz Bibliothek"$"https://d-nb.info/gnd/10095509-5"$"Hannover"$"https://d-nb.info/gnd/4023349-2"$"Gottfried Wilhelm Leibniz Bibliothek"$"https://d-nb.info/gnd/10095509-5"$"Hannover"$"https://d-nb.info/gnd/4023349-2"
"152"$"Ms XXIII, 935"$"https://digitale-sammlungen.gwlb.de/content/1785489496/manifest.json"$"https://digitale-sammlungen.gwlb.de/resolve?id=1785489496"$"https://digitale-sammlungen.gwlb.de/content/1785489496/jpgs/thumbs/00000001.jpg"$"Komplett"$"Original"$"Standard"$"Einzelseite"$"2022"$"2022"$"Gottfried Wilhelm Leibniz Bibliothek"$"https://d-nb.info/gnd/10095509-5"$"Hannover"$"https://d-nb.info/gnd/4023349-2"$"Gottfried Wilhelm Leibniz Bibliothek"$"https://d-nb.info/gnd/10095509-5"$"Hannover"$"https://d-nb.info/gnd/4023349-2"
"153"$"Ms XXIII, 1144"$"https://digitale-sammlungen.gwlb.de/content/1815765739/manifest.json"$"https://digitale-sammlungen.gwlb.de/resolve?id=1815765739"$"https://digitale-sammlungen.gwlb.de/content/1815765739/jpgs/thumbs/00000001.jpg"$"Komplett"$"Original"$"Standard"$"Einzelseite"$"2022"$"2022"$"Gottfried Wilhelm Leibniz Bibliothek"$"https://d-nb.info/gnd/10095509-5"$"Hannover"$"https://d-nb.info/gnd/4023349-2"$"Gottfried Wilhelm Leibniz Bibliothek"$"https://d-nb.info/gnd/10095509-5"$"Hannover"$"https://d-nb.info/gnd/4023349-2"
"154"$"Ms XXIII, 1259"$"https://digitale-sammlungen.gwlb.de/content/1815659203/manifest.json"$"https://digitale-sammlungen.gwlb.de/resolve?id=1815659203"$"https://digitale-sammlungen.gwlb.de/content/1815659203/jpgs/thumbs/00000001.jpg"$"Komplett"$"Original"$"Standard"$"Einzelseite"$"2022"$"2022"$"Gottfried Wilhelm Leibniz Bibliothek"$"https://d-nb.info/gnd/10095509-5"$"Hannover"$"https://d-nb.info/gnd/4023349-2"$"Gottfried Wilhelm Leibniz Bibliothek"$"https://d-nb.info/gnd/10095509-5"$"Hannover"$"https://d-nb.info/gnd/4023349-2"
"155"$"Noviss. 63"$"https://digitale-sammlungen.gwlb.de/content/1815659599/manifest.json"$"https://digitale-sammlungen.gwlb.de/resolve?id=1815659599"$"https://digitale-sammlungen.gwlb.de/content/1815659599/jpgs/thumbs/00000001.jpg"$"Komplett"$"Original"$"Standard"$"Einzelseite"$"2022"$"2022"$"Gottfried Wilhelm Leibniz Bibliothek"$"https://d-nb.info/gnd/10095509-5"$"Hannover"$"https://d-nb.info/gnd/4023349-2"$"Gottfried Wilhelm Leibniz Bibliothek"$"https://d-nb.info/gnd/10095509-5"$"Hannover"$"https://d-nb.info/gnd/4023349-2"
"156"$"Noviss. 64"$"https://digitale-sammlungen.gwlb.de/content/1815768932/manifest.json"$"https://digitale-sammlungen.gwlb.de/resolve?id=1815768932"$"https://digitale-sammlungen.gwlb.de/content/1815768932/jpgs/thumbs/00000001.jpg"$"Komplett"$"Original"$"Standard"$"Einzelseite"$"2022"$"2022"$"Gottfried Wilhelm Leibniz Bibliothek"$"https://d-nb.info/gnd/10095509-5"$"Hannover"$"https://d-nb.info/gnd/4023349-2"$"Gottfried Wilhelm Leibniz Bibliothek"$"https://d-nb.info/gnd/10095509-5"$"Hannover"$"https://d-nb.info/gnd/4023349-2"
"157"$"Ms XVIII, 1036"$"https://digitale-sammlungen.gwlb.de/content/1815561033/manifest.json"$"https://digitale-sammlungen.gwlb.de/resolve?id=1815561033"$"https://digitale-sammlungen.gwlb.de/content/1815561033/jpgs/thumbs/00000001.jpg"$"Komplett"$"Original"$"Standard"$"Einzelseite"$"2021"$"2022"$"Gottfried Wilhelm Leibniz Bibliothek"$"https://d-nb.info/gnd/10095509-5"$"Hannover"$"https://d-nb.info/gnd/4023349-2"$"Gottfried Wilhelm Leibniz Bibliothek"$"https://d-nb.info/gnd/10095509-5"$"Hannover"$"https://d-nb.info/gnd/4023349-2"
"158"$"Ms XX, 1186"$"https://digitale-sammlungen.gwlb.de/content/1815589531/manifest.json"$"https://digitale-sammlungen.gwlb.de/resolve?id=1815589531"$"https://digitale-sammlungen.gwlb.de/content/1815589531/jpgs/thumbs/00000001.jpg"$"Komplett"$"Original"$"Standard"$"Einzelseite"$"2021"$"2022"$"Gottfried Wilhelm Leibniz Bibliothek"$"https://d-nb.info/gnd/10095509-5"$"Hannover"$"https://d-nb.info/gnd/4023349-2"$"Gottfried Wilhelm Leibniz Bibliothek"$"https://d-nb.info/gnd/10095509-5"$"Hannover"$"https://d-nb.info/gnd/4023349-2"
"159"$"Ms XXI, 1276"$"https://digitale-sammlungen.gwlb.de/content/1815590955/manifest.json"$"https://digitale-sammlungen.gwlb.de/resolve?id=1815590955"$"https://digitale-sammlungen.gwlb.de/content/1815590955/jpgs/thumbs/00000001.jpg"$"Komplett"$"Original"$"Standard"$"Einzelseite"$"2021"$"2022"$"Gottfried Wilhelm Leibniz Bibliothek"$"https://d-nb.info/gnd/10095509-5"$"Hannover"$"https://d-nb.info/gnd/4023349-2"$"Gottfried Wilhelm Leibniz Bibliothek"$"https://d-nb.info/gnd/10095509-5"$"Hannover"$"https://d-nb.info/gnd/4023349-2"
"160"$"Ms XXII, 1348"$"https://digitale-sammlungen.gwlb.de/content/1815749016/manifest.json"$"https://digitale-sammlungen.gwlb.de/resolve?id=1815749016"$"https://digitale-sammlungen.gwlb.de/content/1815749016/jpgs/thumbs/00000001.jpg"$"Komplett"$"Original"$"Standard"$"Einzelseite"$"2021"$"2022"$"Gottfried Wilhelm Leibniz Bibliothek"$"https://d-nb.info/gnd/10095509-5"$"Hannover"$"https://d-nb.info/gnd/4023349-2"$"Gottfried Wilhelm Leibniz Bibliothek"$"https://d-nb.info/gnd/10095509-5"$"Hannover"$"https://d-nb.info/gnd/4023349-2"
"161"$"Ms XXII, 1349"$"https://digitale-sammlungen.gwlb.de/content/1815749040/manifest.json"$"https://digitale-sammlungen.gwlb.de/resolve?id=1815749040"$"https://digitale-sammlungen.gwlb.de/content/1815749040/jpgs/thumbs/00000001.jpg"$"Komplett"$"Original"$"Standard"$"Einzelseite"$"2021"$"2022"$"Gottfried Wilhelm Leibniz Bibliothek"$"https://d-nb.info/gnd/10095509-5"$"Hannover"$"https://d-nb.info/gnd/4023349-2"$"Gottfried Wilhelm Leibniz Bibliothek"$"https://d-nb.info/gnd/10095509-5"$"Hannover"$"https://d-nb.info/gnd/4023349-2"
"162"$"Ms XXIII, 80"$"https://digitale-sammlungen.gwlb.de/content/1815749113/manifest.json"$"https://digitale-sammlungen.gwlb.de/resolve?id=1815749113"$"https://digitale-sammlungen.gwlb.de/content/1815749113/jpgs/thumbs/00000001.jpg"$"Komplett"$"Original"$"Standard"$"Einzelseite"$"2021"$"2022"$"Gottfried Wilhelm Leibniz Bibliothek"$"https://d-nb.info/gnd/10095509-5"$"Hannover"$"https://d-nb.info/gnd/4023349-2"$"Gottfried Wilhelm Leibniz Bibliothek"$"https://d-nb.info/gnd/10095509-5"$"Hannover"$"https://d-nb.info/gnd/4023349-2"
"163"$"Ms XXIII, 107"$"https://digitale-sammlungen.gwlb.de/content/1815749180/manifest.json"$"https://digitale-sammlungen.gwlb.de/resolve?id=1815749180"$"https://digitale-sammlungen.gwlb.de/content/1815749180/jpgs/thumbs/00000001.jpg"$"Komplett"$"Original"$"Standard"$"Einzelseite"$"2021"$"2022"$"Gottfried Wilhelm Leibniz Bibliothek"$"https://d-nb.info/gnd/10095509-5"$"Hannover"$"https://d-nb.info/gnd/4023349-2"$"Gottfried Wilhelm Leibniz Bibliothek"$"https://d-nb.info/gnd/10095509-5"$"Hannover"$"https://d-nb.info/gnd/4023349-2"
"164"$"Ms XXIII, 155"$"https://digitale-sammlungen.gwlb.de/content/1815749229/manifest.json"$"https://digitale-sammlungen.gwlb.de/resolve?id=1815749229"$"https://digitale-sammlungen.gwlb.de/content/1815749229/jpgs/thumbs/00000001.jpg"$"Komplett"$"Original"$"Standard"$"Einzelseite"$"2021"$"2022"$"Gottfried Wilhelm Leibniz Bibliothek"$"https://d-nb.info/gnd/10095509-5"$"Hannover"$"https://d-nb.info/gnd/4023349-2"$"Gottfried Wilhelm Leibniz Bibliothek"$"https://d-nb.info/gnd/10095509-5"$"Hannover"$"https://d-nb.info/gnd/4023349-2"
"165"$"Ms XXIII, 156"$"https://digitale-sammlungen.gwlb.de/content/1815749431/manifest.json"$"https://digitale-sammlungen.gwlb.de/resolve?id=1815749431"$"https://digitale-sammlungen.gwlb.de/content/1815749431/jpgs/thumbs/00000001.jpg"$"Komplett"$"Original"$"Standard"$"Einzelseite"$"2021"$"2022"$"Gottfried Wilhelm Leibniz Bibliothek"$"https://d-nb.info/gnd/10095509-5"$"Hannover"$"https://d-nb.info/gnd/4023349-2"$"Gottfried Wilhelm Leibniz Bibliothek"$"https://d-nb.info/gnd/10095509-5"$"Hannover"$"https://d-nb.info/gnd/4023349-2"
"166"$"Ms XXIII, 559"$"https://digitale-sammlungen.gwlb.de/content/1815749385/manifest.json"$"https://digitale-sammlungen.gwlb.de/resolve?id=1815749385"$"https://digitale-sammlungen.gwlb.de/content/1815749385/jpgs/thumbs/00000001.jpg"$"Komplett"$"Original"$"Standard"$"Einzelseite"$"2021"$"2022"$"Gottfried Wilhelm Leibniz Bibliothek"$"https://d-nb.info/gnd/10095509-5"$"Hannover"$"https://d-nb.info/gnd/4023349-2"$"Gottfried Wilhelm Leibniz Bibliothek"$"https://d-nb.info/gnd/10095509-5"$"Hannover"$"https://d-nb.info/gnd/4023349-2"
"167"$"Ms XXIII, 569"$"https://digitale-sammlungen.gwlb.de/content/1815749458/manifest.json"$"https://digitale-sammlungen.gwlb.de/resolve?id=1815749458"$"https://digitale-sammlungen.gwlb.de/content/1815749458/jpgs/thumbs/00000001.jpg"$"Komplett"$"Original"$"Standard"$"Einzelseite"$"2021"$"2022"$"Gottfried Wilhelm Leibniz Bibliothek"$"https://d-nb.info/gnd/10095509-5"$"Hannover"$"https://d-nb.info/gnd/4023349-2"$"Gottfried Wilhelm Leibniz Bibliothek"$"https://d-nb.info/gnd/10095509-5"$"Hannover"$"https://d-nb.info/gnd/4023349-2"
"168"$"Ms XXIII, 594"$"https://digitale-sammlungen.gwlb.de/content/1815749490/manifest.json"$"https://digitale-sammlungen.gwlb.de/resolve?id=1815749490"$"https://digitale-sammlungen.gwlb.de/content/1815749490/jpgs/thumbs/00000001.jpg"$"Komplett"$"Original"$"Standard"$"Einzelseite"$"2021"$"2022"$"Gottfried Wilhelm Leibniz Bibliothek"$"https://d-nb.info/gnd/10095509-5"$"Hannover"$"https://d-nb.info/gnd/4023349-2"$"Gottfried Wilhelm Leibniz Bibliothek"$"https://d-nb.info/gnd/10095509-5"$"Hannover"$"https://d-nb.info/gnd/4023349-2"
"169"$"Ms XXIII, 699"$"https://digitale-sammlungen.gwlb.de/content/1815749520/manifest.json"$"https://digitale-sammlungen.gwlb.de/resolve?id=1815749520"$"https://digitale-sammlungen.gwlb.de/content/1815749520/jpgs/thumbs/00000001.jpg"$"Komplett"$"Original"$"Standard"$"Einzelseite"$"2022"$"2022"$"Gottfried Wilhelm Leibniz Bibliothek"$"https://d-nb.info/gnd/10095509-5"$"Hannover"$"https://d-nb.info/gnd/4023349-2"$"Gottfried Wilhelm Leibniz Bibliothek"$"https://d-nb.info/gnd/10095509-5"$"Hannover"$"https://d-nb.info/gnd/4023349-2"
"170"$"Ms XXIII, 731"$"https://digitale-sammlungen.gwlb.de/content/1815749555/manifest.json"$"https://digitale-sammlungen.gwlb.de/resolve?id=1815749555"$"https://digitale-sammlungen.gwlb.de/content/1815749555/jpgs/thumbs/00000001.jpg"$"Komplett"$"Original"$"Standard"$"Einzelseite"$"2021"$"2022"$"Gottfried Wilhelm Leibniz Bibliothek"$"https://d-nb.info/gnd/10095509-5"$"Hannover"$"https://d-nb.info/gnd/4023349-2"$"Gottfried Wilhelm Leibniz Bibliothek"$"https://d-nb.info/gnd/10095509-5"$"Hannover"$"https://d-nb.info/gnd/4023349-2"
"171"$"Ms XXIII, 775"$"https://digitale-sammlungen.gwlb.de/content/1815749571/manifest.json"$"https://digitale-sammlungen.gwlb.de/resolve?id=1815749571"$"https://digitale-sammlungen.gwlb.de/content/1815749571/jpgs/thumbs/00000001.jpg"$"Komplett"$"Original"$"Standard"$"Einzelseite"$"2021"$"2022"$"Gottfried Wilhelm Leibniz Bibliothek"$"https://d-nb.info/gnd/10095509-5"$"Hannover"$"https://d-nb.info/gnd/4023349-2"$"Gottfried Wilhelm Leibniz Bibliothek"$"https://d-nb.info/gnd/10095509-5"$"Hannover"$"https://d-nb.info/gnd/4023349-2"
"172"$"Ms XXIII, 779, Konvolut I"$"https://digitale-sammlungen.gwlb.de/content/1815749598/manifest.json"$"https://digitale-sammlungen.gwlb.de/resolve?id=1815749598"$"https://digitale-sammlungen.gwlb.de/content/1815749598/jpgs/thumbs/00000001.jpg"$"Komplett"$"Original"$"Standard"$"Einzelseite"$"2021"$"2022"$"Gottfried Wilhelm Leibniz Bibliothek"$"https://d-nb.info/gnd/10095509-5"$"Hannover"$"https://d-nb.info/gnd/4023349-2"$"Gottfried Wilhelm Leibniz Bibliothek"$"https://d-nb.info/gnd/10095509-5"$"Hannover"$"https://d-nb.info/gnd/4023349-2"
"173"$"Ms XXIII, 779, Konvolut VI"$"https://digitale-sammlungen.gwlb.de/content/181574961X/manifest.json"$"https://digitale-sammlungen.gwlb.de/resolve?id=181574961X"$"https://digitale-sammlungen.gwlb.de/content/181574961X/jpgs/thumbs/00000001.jpg"$"Komplett"$"Original"$"Standard"$"Einzelseite"$"2021"$"2022"$"Gottfried Wilhelm Leibniz Bibliothek"$"https://d-nb.info/gnd/10095509-5"$"Hannover"$"https://d-nb.info/gnd/4023349-2"$"Gottfried Wilhelm Leibniz Bibliothek"$"https://d-nb.info/gnd/10095509-5"$"Hannover"$"https://d-nb.info/gnd/4023349-2"
"174"$"Ms XXIII, 826"$"https://digitale-sammlungen.gwlb.de/content/1815760753/manifest.json"$"https://digitale-sammlungen.gwlb.de/resolve?id=1815760753"$"https://digitale-sammlungen.gwlb.de/content/1815760753/jpgs/thumbs/00000001.jpg"$"Komplett"$"Original"$"Standard"$"Einzelseite"$"2021"$"2022"$"Gottfried Wilhelm Leibniz Bibliothek"$"https://d-nb.info/gnd/10095509-5"$"Hannover"$"https://d-nb.info/gnd/4023349-2"$"Gottfried Wilhelm Leibniz Bibliothek"$"https://d-nb.info/gnd/10095509-5"$"Hannover"$"https://d-nb.info/gnd/4023349-2"
"175"$"Ms XXIII, 848"$"https://digitale-sammlungen.gwlb.de/content/00070007/manifest.json"$"https://digitale-sammlungen.gwlb.de/resolve?id=00070007"$"https://digitale-sammlungen.gwlb.de/content/00070007/jpgs/thumbs/00000001.jpg"$"Komplett"$"Original"$"Standard"$"Einzelseite"$"2021"$"2022"$"Gottfried Wilhelm Leibniz Bibliothek"$"https://d-nb.info/gnd/10095509-5"$"Hannover"$"https://d-nb.info/gnd/4023349-2"$"Gottfried Wilhelm Leibniz Bibliothek"$"https://d-nb.info/gnd/10095509-5"$"Hannover"$"https://d-nb.info/gnd/4023349-2"
"176"$"Ms XXIII, 833, Konvolut III"$"https://digitale-sammlungen.gwlb.de/content/181576113X/manifest.json"$"https://digitale-sammlungen.gwlb.de/resolve?id=181576113X"$"https://digitale-sammlungen.gwlb.de/content/181576113X/jpgs/thumbs/00000001.jpg"$"Komplett"$"Original"$"Standard"$"Einzelseite"$"2021"$"2022"$"Gottfried Wilhelm Leibniz Bibliothek"$"https://d-nb.info/gnd/10095509-5"$"Hannover"$"https://d-nb.info/gnd/4023349-2"$"Gottfried Wilhelm Leibniz Bibliothek"$"https://d-nb.info/gnd/10095509-5"$"Hannover"$"https://d-nb.info/gnd/4023349-2"
"177"$"Ms XXIII, 870"$"https://digitale-sammlungen.gwlb.de/content/1815762098/manifest.json"$"https://digitale-sammlungen.gwlb.de/resolve?id=1815762098"$"https://digitale-sammlungen.gwlb.de/content/1815762098/jpgs/thumbs/00000001.jpg"$"Komplett"$"Original"$"Standard"$"Einzelseite"$"2021"$"2022"$"Gottfried Wilhelm Leibniz Bibliothek"$"https://d-nb.info/gnd/10095509-5"$"Hannover"$"https://d-nb.info/gnd/4023349-2"$"Gottfried Wilhelm Leibniz Bibliothek"$"https://d-nb.info/gnd/10095509-5"$"Hannover"$"https://d-nb.info/gnd/4023349-2"
"178"$"Ms XXIII, 920"$"https://digitale-sammlungen.gwlb.de/content/1815764716/manifest.json"$"https://digitale-sammlungen.gwlb.de/resolve?id=1815764716"$"https://digitale-sammlungen.gwlb.de/content/1815764716/jpgs/thumbs/00000001.jpg"$"Komplett"$"Original"$"Standard"$"Einzelseite"$"2021"$"2022"$"Gottfried Wilhelm Leibniz Bibliothek"$"https://d-nb.info/gnd/10095509-5"$"Hannover"$"https://d-nb.info/gnd/4023349-2"$"Gottfried Wilhelm Leibniz Bibliothek"$"https://d-nb.info/gnd/10095509-5"$"Hannover"$"https://d-nb.info/gnd/4023349-2"