"1"$"2 Cod 104"$"https://api.digitale-sammlungen.de/iiif/presentation/v2/bsb00087340/manifest"$"https://mdz-nbn-resolving.de/urn:nbn:de:bvb:12-bsb00087340-5"$"https://api.digitale-sammlungen.de/iiif/image/v2/bsb00087340_00001/full/280,/0/default.jpg"$"Komplett"$"Original"$"Standard"$"Einzelseite"$""$""$"Staats- und Stadtbibliothek Augsburg"$"https://d-nb.info/gnd/2022500-3"$"Augsburg"$"https://d-nb.info/gnd/4003614-5"$"Bayerische Staatsbibliothek"$"https://d-nb.info/gnd/2031351-2"$"München"$"https://d-nb.info/gnd/4127793-4"
"2"$"2 Cod 15"$""$"https://nbn-resolving.org/urn:nbn:de:bvb:37-dtl-0000000368"$"https://digipool.bib-bvb.de/bvb/extdeliv/thumb/13850991.gif"$"Komplett"$"Original"$"Standard"$"Einzelseite"$"2018"$""$"Staats- und Stadtbibliothek Augsburg"$"https://d-nb.info/gnd/2022500-3"$"Augsburg"$"https://d-nb.info/gnd/4003614-5"$"Staats- und Stadtbibliothek Augsburg"$"https://d-nb.info/gnd/2022500-3"$"Augsburg"$"https://d-nb.info/gnd/4003614-5"
"3"$"2 Cod 154"$"https://api.digitale-sammlungen.de/iiif/presentation/v2/bsb00087192/manifest"$"https://mdz-nbn-resolving.de/urn:nbn:de:bvb:12-bsb00087192-7"$"https://api.digitale-sammlungen.de/iiif/image/v2/bsb00087192_00001/full/280,/0/default.jpg"$"Komplett"$"Original"$"Standard"$"Einzelseite"$""$""$"Staats- und Stadtbibliothek Augsburg"$"https://d-nb.info/gnd/2022500-3"$"Augsburg"$"https://d-nb.info/gnd/4003614-5"$"Bayerische Staatsbibliothek"$"https://d-nb.info/gnd/2031351-2"$"München"$"https://d-nb.info/gnd/4127793-4"
"4"$"2 Cod 157"$""$"https://nbn-resolving.org/urn:nbn:de:bvb:37-dtl-0000000261"$"https://digipool.bib-bvb.de/bvb/extdeliv/thumb/13402811.gif"$"Komplett"$"Original"$"Standard"$"Einzelseite"$"2018"$""$"Staats- und Stadtbibliothek Augsburg"$"https://d-nb.info/gnd/2022500-3"$"Augsburg"$"https://d-nb.info/gnd/4003614-5"$"Staats- und Stadtbibliothek Augsburg"$"https://d-nb.info/gnd/2022500-3"$"Augsburg"$"https://d-nb.info/gnd/4003614-5"
"5"$"2 Cod 158"$""$"https://nbn-resolving.org/urn:nbn:de:bvb:37-dtl-0000000249"$"https://digipool.bib-bvb.de/bvb/extdeliv/thumb/13485386.gif"$"Komplett"$"Original"$"Standard"$"Einzelseite"$"2018"$""$"Staats- und Stadtbibliothek Augsburg"$"https://d-nb.info/gnd/2022500-3"$"Augsburg"$"https://d-nb.info/gnd/4003614-5"$"Staats- und Stadtbibliothek Augsburg"$"https://d-nb.info/gnd/2022500-3"$"Augsburg"$"https://d-nb.info/gnd/4003614-5"
"6"$"2 Cod 170"$""$"https://nbn-resolving.org/urn:nbn:de:bvb:37-dtl-0000000304"$"https://digipool.bib-bvb.de/bvb/extdeliv/thumb/13035998.gif"$"Komplett"$"Original"$"Standard"$"Einzelseite"$"2017"$""$"Staats- und Stadtbibliothek Augsburg"$"https://d-nb.info/gnd/2022500-3"$"Augsburg"$"https://d-nb.info/gnd/4003614-5"$"Staats- und Stadtbibliothek Augsburg"$"https://d-nb.info/gnd/2022500-3"$"Augsburg"$"https://d-nb.info/gnd/4003614-5"
"7"$"2 Cod 217"$""$"http://digital.bib-bvb.de/webclient/DeliveryManager?custom_att_2=simple_viewer&pid=16734114"$"https://digipool.bib-bvb.de/bvb/extdeliv/thumb/16734884.gif"$"Komplett"$"Original"$"Standard"$"Einzelseite"$"2020"$""$"Staats- und Stadtbibliothek Augsburg"$"https://d-nb.info/gnd/2022500-3"$"Augsburg"$"https://d-nb.info/gnd/4003614-5"$"Bayerische Staatsbibliothek"$"https://d-nb.info/gnd/2031351-2"$"München"$"https://d-nb.info/gnd/4127793-4"
"8"$"2 Cod 23"$""$"https://nbn-resolving.org/urn:nbn:de:bvb:37-dtl-0000000312"$"https://digipool.bib-bvb.de/bvb/extdeliv/thumb/13417049.gif"$"Komplett"$"Original"$"Standard"$"Einzelseite"$"2018"$""$"Staats- und Stadtbibliothek Augsburg"$"https://d-nb.info/gnd/2022500-3"$"Augsburg"$"https://d-nb.info/gnd/4003614-5"$"Staats- und Stadtbibliothek Augsburg"$"https://d-nb.info/gnd/2022500-3"$"Augsburg"$"https://d-nb.info/gnd/4003614-5"
"9"$"2 Cod 25"$""$"https://nbn-resolving.org/urn:nbn:de:bvb:37-dtl-0000000425"$"https://digipool.bib-bvb.de/bvb/extdeliv/thumb/13988017.gif"$"Komplett"$"Original"$"Standard"$"Einzelseite"$"2018"$""$"Staats- und Stadtbibliothek Augsburg"$"https://d-nb.info/gnd/2022500-3"$"Augsburg"$"https://d-nb.info/gnd/4003614-5"$"Staats- und Stadtbibliothek Augsburg"$"https://d-nb.info/gnd/2022500-3"$"Augsburg"$"https://d-nb.info/gnd/4003614-5"
"10"$"2 Cod 254"$""$"https://nbn-resolving.org/urn:nbn:de:bvb:37-dtl-0000000099"$"https://digipool.bib-bvb.de/bvb/extdeliv/thumb/9180810.gif"$"Komplett"$"Original"$"Standard"$"Einzelseite"$"2015"$""$"Staats- und Stadtbibliothek Augsburg"$"https://d-nb.info/gnd/2022500-3"$"Augsburg"$"https://d-nb.info/gnd/4003614-5"$"Staats- und Stadtbibliothek Augsburg"$"https://d-nb.info/gnd/2022500-3"$"Augsburg"$"https://d-nb.info/gnd/4003614-5"
"11"$"2 Cod 3"$"https://api.digitale-sammlungen.de/iiif/presentation/v2/bsb00087191/manifest"$"https://mdz-nbn-resolving.de/urn:nbn:de:bvb:12-bsb00087191-2"$"https://api.digitale-sammlungen.de/iiif/image/v2/bsb00087191_00003/full/280,/0/default.jpg"$"Komplett"$"Original"$"Standard"$"Einzelseite"$""$""$"Staats- und Stadtbibliothek Augsburg"$"https://d-nb.info/gnd/2022500-3"$"Augsburg"$"https://d-nb.info/gnd/4003614-5"$"Bayerische Staatsbibliothek"$"https://d-nb.info/gnd/2031351-2"$"München"$"https://d-nb.info/gnd/4127793-4"
"12"$"2 Cod 36"$"https://api.digitale-sammlungen.de/iiif/presentation/v2/bsb00087188/manifest"$"https://mdz-nbn-resolving.de/urn:nbn:de:bvb:12-bsb00087188-9"$"https://api.digitale-sammlungen.de/iiif/image/v2/bsb00087188_00003/full/280,/0/default.jpg"$"Komplett"$"Original"$"Standard"$"Einzelseite"$""$""$"Staats- und Stadtbibliothek Augsburg"$"https://d-nb.info/gnd/2022500-3"$"Augsburg"$"https://d-nb.info/gnd/4003614-5"$"Bayerische Staatsbibliothek"$"https://d-nb.info/gnd/2031351-2"$"München"$"https://d-nb.info/gnd/4127793-4"
"13"$"2 Cod 5"$"https://api.digitale-sammlungen.de/iiif/presentation/v2/bsb00106114/manifest"$"https://mdz-nbn-resolving.de/urn:nbn:de:bvb:12-bsb00106114-1"$"https://api.digitale-sammlungen.de/iiif/image/v2/bsb00106114_00003/full/280,/0/default.jpg"$"Komplett"$"Original"$"Standard"$"Einzelseite"$""$""$"Staats- und Stadtbibliothek Augsburg"$"https://d-nb.info/gnd/2022500-3"$"Augsburg"$"https://d-nb.info/gnd/4003614-5"$"Bayerische Staatsbibliothek"$"https://d-nb.info/gnd/2031351-2"$"München"$"https://d-nb.info/gnd/4127793-4"
"14"$"2 Cod 50"$"https://api.digitale-sammlungen.de/iiif/presentation/v2/bsb00087190/manifest"$"https://mdz-nbn-resolving.de/urn:nbn:de:bvb:12-bsb00087190-7"$"https://api.digitale-sammlungen.de/iiif/image/v2/bsb00087190_00001/full/280,/0/default.jpg"$"Komplett"$"Original"$"Standard"$"Einzelseite"$""$""$"Staats- und Stadtbibliothek Augsburg"$"https://d-nb.info/gnd/2022500-3"$"Augsburg"$"https://d-nb.info/gnd/4003614-5"$"Bayerische Staatsbibliothek"$"https://d-nb.info/gnd/2031351-2"$"München"$"https://d-nb.info/gnd/4127793-4"
"15"$"2 Cod 6"$"https://api.digitale-sammlungen.de/iiif/presentation/v2/bsb00087339/manifest"$"https://mdz-nbn-resolving.de/urn:nbn:de:bvb:12-bsb00087339-3"$"https://api.digitale-sammlungen.de/iiif/image/v2/bsb00087339_00003/full/280,/0/default.jpg"$"Komplett"$"Original"$"Standard"$"Einzelseite"$""$""$"Staats- und Stadtbibliothek Augsburg"$"https://d-nb.info/gnd/2022500-3"$"Augsburg"$"https://d-nb.info/gnd/4003614-5"$"Bayerische Staatsbibliothek"$"https://d-nb.info/gnd/2031351-2"$"München"$"https://d-nb.info/gnd/4127793-4"
"16"$"2 Cod Aug 14"$"https://api.digitale-sammlungen.de/iiif/presentation/v2/bsb00057492/manifest"$"https://mdz-nbn-resolving.de/urn:nbn:de:bvb:12-bsb00057492-8"$"https://api.digitale-sammlungen.de/iiif/image/v2/bsb00057492_00005/full/280,/0/default.jpg"$"Komplett"$"Original"$"Standard"$"Einzelseite"$""$""$"Staats- und Stadtbibliothek Augsburg"$"https://d-nb.info/gnd/2022500-3"$"Augsburg"$"https://d-nb.info/gnd/4003614-5"$"Bayerische Staatsbibliothek"$"https://d-nb.info/gnd/2031351-2"$"München"$"https://d-nb.info/gnd/4127793-4"
"17"$"2 Cod Aug 332"$"https://api.digitale-sammlungen.de/iiif/presentation/v2/bsb00113213/manifest"$"https://mdz-nbn-resolving.de/urn:nbn:de:bvb:12-bsb00113213-1"$"https://api.digitale-sammlungen.de/iiif/image/v2/bsb00113213_00003/full/280,/0/default.jpg"$"Komplett"$"Original"$"Standard"$"Einzelseite"$""$""$"Staats- und Stadtbibliothek Augsburg"$"https://d-nb.info/gnd/2022500-3"$"Augsburg"$"https://d-nb.info/gnd/4003614-5"$"Bayerische Staatsbibliothek"$"https://d-nb.info/gnd/2031351-2"$"München"$"https://d-nb.info/gnd/4127793-4"
"18"$"2 Cod Aug 341"$"https://api.digitale-sammlungen.de/iiif/presentation/v2/bsb00092607/manifest"$"https://mdz-nbn-resolving.de/urn:nbn:de:bvb:12-bsb00092607-6"$"https://api.digitale-sammlungen.de/iiif/image/v2/bsb00092607_00001/full/280,/0/default.jpg"$"Komplett"$"Original"$"Standard"$"Einzelseite"$""$""$"Staats- und Stadtbibliothek Augsburg"$"https://d-nb.info/gnd/2022500-3"$"Augsburg"$"https://d-nb.info/gnd/4003614-5"$"Bayerische Staatsbibliothek"$"https://d-nb.info/gnd/2031351-2"$"München"$"https://d-nb.info/gnd/4127793-4"
"19"$"2 Cod Aug 342"$"https://api.digitale-sammlungen.de/iiif/presentation/v2/bsb00092608/manifest"$"https://mdz-nbn-resolving.de/urn:nbn:de:bvb:12-bsb00092608-1"$"https://api.digitale-sammlungen.de/iiif/image/v2/bsb00092608_00009/full/280,/0/default.jpg"$"Komplett"$"Original"$"Standard"$"Einzelseite"$""$""$"Staats- und Stadtbibliothek Augsburg"$"https://d-nb.info/gnd/2022500-3"$"Augsburg"$"https://d-nb.info/gnd/4003614-5"$"Bayerische Staatsbibliothek"$"https://d-nb.info/gnd/2031351-2"$"München"$"https://d-nb.info/gnd/4127793-4"
"20"$"2 Cod Aug 56"$""$"https://nbn-resolving.org/urn:nbn:de:bvb:37-dtl-0000000659"$"https://digipool.bib-bvb.de/bvb/extdeliv/thumb/14853528.gif"$"Komplett"$"Original"$"Standard"$"Einzelseite"$"2019"$""$"Staats- und Stadtbibliothek Augsburg"$"https://d-nb.info/gnd/2022500-3"$"Augsburg"$"https://d-nb.info/gnd/4003614-5"$"Staats- und Stadtbibliothek Augsburg"$"https://d-nb.info/gnd/2022500-3"$"Augsburg"$"https://d-nb.info/gnd/4003614-5"
"21"$"2 Cod Aug 57"$""$"https://nbn-resolving.org/urn:nbn:de:bvb:37-dtl-0000000660"$"https://digipool.bib-bvb.de/bvb/extdeliv/thumb/14854988.gif"$"Komplett"$"Original"$"Standard"$"Einzelseite"$"2019"$""$"Staats- und Stadtbibliothek Augsburg"$"https://d-nb.info/gnd/2022500-3"$"Augsburg"$"https://d-nb.info/gnd/4003614-5"$"Staats- und Stadtbibliothek Augsburg"$"https://d-nb.info/gnd/2022500-3"$"Augsburg"$"https://d-nb.info/gnd/4003614-5"
"22"$"2 Cod Aug 58"$""$"https://nbn-resolving.org/urn:nbn:de:bvb:37-dtl-0000000639"$"https://digipool.bib-bvb.de/bvb/extdeliv/thumb/14851157.gif"$"Komplett"$"Original"$"Standard"$"Einzelseite"$"2019"$""$"Staats- und Stadtbibliothek Augsburg"$"https://d-nb.info/gnd/2022500-3"$"Augsburg"$"https://d-nb.info/gnd/4003614-5"$"Staats- und Stadtbibliothek Augsburg"$"https://d-nb.info/gnd/2022500-3"$"Augsburg"$"https://d-nb.info/gnd/4003614-5"
"23"$"2 Cod Aug 60"$"https://api.digitale-sammlungen.de/iiif/presentation/v2/bsb00090374/manifest"$"https://mdz-nbn-resolving.de/urn:nbn:de:bvb:12-bsb00090374-1"$"https://api.digitale-sammlungen.de/iiif/image/v2/bsb00090373_00003/full/280,/0/default.jpg"$"Komplett"$"Original"$"Standard"$"Einzelseite"$""$""$"Staats- und Stadtbibliothek Augsburg"$"https://d-nb.info/gnd/2022500-3"$"Augsburg"$"https://d-nb.info/gnd/4003614-5"$"Bayerische Staatsbibliothek"$"https://d-nb.info/gnd/2031351-2"$"München"$"https://d-nb.info/gnd/4127793-4"
"24"$"2 Cod H 1"$"https://api.digitale-sammlungen.de/iiif/presentation/v2/bsb00090375/manifest"$"https://mdz-nbn-resolving.de/urn:nbn:de:bvb:12-bsb00090375-7"$"https://api.digitale-sammlungen.de/iiif/image/v2/bsb00090375_00003/full/280,/0/default.jpg"$"Komplett"$"Original"$"Standard"$"Einzelseite"$""$""$"Staats- und Stadtbibliothek Augsburg"$"https://d-nb.info/gnd/2022500-3"$"Augsburg"$"https://d-nb.info/gnd/4003614-5"$"Bayerische Staatsbibliothek"$"https://d-nb.info/gnd/2031351-2"$"München"$"https://d-nb.info/gnd/4127793-4"
"25"$"2 Cod H 3"$""$"https://nbn-resolving.org/urn:nbn:de:bvb:37-dtl-0000000049"$"https://digipool.bib-bvb.de/bvb/extdeliv/thumb/8989861.gig"$"Komplett"$"Original"$"Standard"$"Einzelseite"$"2015"$""$"Staats- und Stadtbibliothek Augsburg"$"https://d-nb.info/gnd/2022500-3"$"Augsburg"$"https://d-nb.info/gnd/4003614-5"$"Staats- und Stadtbibliothek Augsburg"$"https://d-nb.info/gnd/2022500-3"$"Augsburg"$"https://d-nb.info/gnd/4003614-5"
"26"$"2 Cod S 228"$"https://api.digitale-sammlungen.de/iiif/presentation/v2/bsb00087337/manifest"$"https://mdz-nbn-resolving.de/urn:nbn:de:bvb:12-bsb00087337-7"$"https://api.digitale-sammlungen.de/iiif/image/v2/bsb00087337_00003/full/280,/0/default.jpg"$"Komplett"$"Original"$"Standard"$"Einzelseite"$""$""$"Staats- und Stadtbibliothek Augsburg"$"https://d-nb.info/gnd/2022500-3"$"Augsburg"$"https://d-nb.info/gnd/4003614-5"$"Bayerische Staatsbibliothek"$"https://d-nb.info/gnd/2031351-2"$"München"$"https://d-nb.info/gnd/4127793-4"
"27"$"2 Cod S 98"$"https://api.digitale-sammlungen.de/iiif/presentation/v2/bsb00090378/manifest"$"https://mdz-nbn-resolving.de/urn:nbn:de:bvb:12-bsb00090378-3"$"https://api.digitale-sammlungen.de/iiif/image/v2/bsb00090378_00001/full/280,/0/default.jpg"$"Komplett"$"Original"$"Standard"$"Einzelseite"$""$""$"Staats- und Stadtbibliothek Augsburg"$"https://d-nb.info/gnd/2022500-3"$"Augsburg"$"https://d-nb.info/gnd/4003614-5"$"Bayerische Staatsbibliothek"$"https://d-nb.info/gnd/2031351-2"$"München"$"https://d-nb.info/gnd/4127793-4"
"28"$"4 Cod 107"$""$"https://nbn-resolving.org/urn:nbn:de:bvb:37-dtl-0000000449"$"https://digipool.bib-bvb.de/bvb/extdeliv/thumb/14017558.gif"$"Komplett"$"Original"$"Standard"$"Einzelseite"$"2018"$""$"Staats- und Stadtbibliothek Augsburg"$"https://d-nb.info/gnd/2022500-3"$"Augsburg"$"https://d-nb.info/gnd/4003614-5"$"Staats- und Stadtbibliothek Augsburg"$"https://d-nb.info/gnd/2022500-3"$"Augsburg"$"https://d-nb.info/gnd/4003614-5"
"29"$"4 Cod 122"$""$"https://nbn-resolving.org/urn:nbn:de:bvb:37-dtl-0000000434"$"https://digipool.bib-bvb.de/bvb/extdeliv/thumb/14009732.gif"$"Komplett"$"Original"$"Standard"$"Einzelseite"$"2018"$""$"Staats- und Stadtbibliothek Augsburg"$"https://d-nb.info/gnd/2022500-3"$"Augsburg"$"https://d-nb.info/gnd/4003614-5"$"Staats- und Stadtbibliothek Augsburg"$"https://d-nb.info/gnd/2022500-3"$"Augsburg"$"https://d-nb.info/gnd/4003614-5"
"30"$"4 Cod 87"$""$"https://nbn-resolving.org/urn:nbn:de:bvb:37-dtl-0000000453"$"https://digipool.bib-bvb.de/bvb/extdeliv/thumb/14035075.gif"$"Komplett"$"Original"$"Standard"$"Einzelseite"$"2018"$""$"Staats- und Stadtbibliothek Augsburg"$"https://d-nb.info/gnd/2022500-3"$"Augsburg"$"https://d-nb.info/gnd/4003614-5"$"Staats- und Stadtbibliothek Augsburg"$"https://d-nb.info/gnd/2022500-3"$"Augsburg"$"https://d-nb.info/gnd/4003614-5"
"31"$"4 Cod Aug 1"$"https://api.digitale-sammlungen.de/iiif/presentation/v2/bsb00090373/manifest"$"https://mdz-nbn-resolving.de/urn:nbn:de:bvb:12-bsb00090373-6"$"https://api.digitale-sammlungen.de/iiif/image/v2/bsb00090373_00003/full/280,/0/default.jpg"$"Komplett"$"Original"$"Standard"$"Einzelseite"$""$""$"Staats- und Stadtbibliothek Augsburg"$"https://d-nb.info/gnd/2022500-3"$"Augsburg"$"https://d-nb.info/gnd/4003614-5"$"Bayerische Staatsbibliothek"$"https://d-nb.info/gnd/2031351-2"$"München"$"https://d-nb.info/gnd/4127793-4"
"32"$"4 Cod Aug 226"$""$"https://nbn-resolving.org/urn:nbn:de:bvb:37-dtl-0000000112"$"https://digipool.bib-bvb.de/bvb/extdeliv/thumb/9032982.gif"$"Komplett"$"Original"$"Standard"$"Einzelseite"$"2015"$""$"Staats- und Stadtbibliothek Augsburg"$"https://d-nb.info/gnd/2022500-3"$"Augsburg"$"https://d-nb.info/gnd/4003614-5"$"Staats- und Stadtbibliothek Augsburg"$"https://d-nb.info/gnd/2022500-3"$"Augsburg"$"https://d-nb.info/gnd/4003614-5"
"33"$"4 Cod Aug 272"$"https://api.digitale-sammlungen.de/iiif/presentation/v2/bsb00087189/manifest"$"https://mdz-nbn-resolving.de/urn:nbn:de:bvb:12-bsb00087189-9"$"https://api.digitale-sammlungen.de/iiif/image/v2/bsb00087189_00001/full/280,/0/default.jpg"$"Komplett"$"Original"$"Standard"$"Einzelseite"$""$""$"Staats- und Stadtbibliothek Augsburg"$"https://d-nb.info/gnd/2022500-3"$"Augsburg"$"https://d-nb.info/gnd/4003614-5"$"Bayerische Staatsbibliothek"$"https://d-nb.info/gnd/2031351-2"$"München"$"https://d-nb.info/gnd/4127793-4"
"34"$"4 Cod Aug 285"$""$"https://nbn-resolving.org/urn:nbn:de:bvb:37-dtl-0000000104"$"https://digipool.bib-bvb.de/bvb/extdeliv/thumb/9605088.gif"$"Komplett"$"Original"$"Standard"$"Einzelseite"$"2016"$""$"Staats- und Stadtbibliothek Augsburg"$"https://d-nb.info/gnd/2022500-3"$"Augsburg"$"https://d-nb.info/gnd/4003614-5"$"Staats- und Stadtbibliothek Augsburg"$"https://d-nb.info/gnd/2022500-3"$"Augsburg"$"https://d-nb.info/gnd/4003614-5"
"35"$"4 Cod H 26"$""$"https://nbn-resolving.org/urn:nbn:de:bvb:37-dtl-0000000675"$"https://digipool.bib-bvb.de/bvb/extdeliv/thumb/15511972.gif"$"Komplett"$"Original"$"Standard"$"Einzelseite"$""$""$"Staats- und Stadtbibliothek Augsburg"$"https://d-nb.info/gnd/2022500-3"$"Augsburg"$"https://d-nb.info/gnd/4003614-5"$"Staats- und Stadtbibliothek Augsburg"$"https://d-nb.info/gnd/2022500-3"$"Augsburg"$"https://d-nb.info/gnd/4003614-5"
"36"$"4 Cod H 27"$"https://api.digitale-sammlungen.de/iiif/presentation/v2/bsb00087338/manifest"$"https://mdz-nbn-resolving.de/urn:nbn:de:bvb:12-bsb00087338-3"$"https://api.digitale-sammlungen.de/iiif/image/v2/bsb00087338_00001/full/280,/0/default.jpg"$"Komplett"$"Original"$"Standard"$"Einzelseite"$""$""$"Staats- und Stadtbibliothek Augsburg"$"https://d-nb.info/gnd/2022500-3"$"Augsburg"$"https://d-nb.info/gnd/4003614-5"$"Bayerische Staatsbibliothek"$"https://d-nb.info/gnd/2031351-2"$"München"$"https://d-nb.info/gnd/4127793-4"
"37"$"8 Cod Aug 8 -18,1"$""$"https://nbn-resolving.org/urn:nbn:de:bvb:37-dtl-0000000472"$"https://digipool.bib-bvb.de/bvb/extdeliv/thumb/14460681.gif"$"Komplett"$"Original"$"Standard"$"Einzelseite"$"2019"$""$"Staats- und Stadtbibliothek Augsburg"$"https://d-nb.info/gnd/2022500-3"$"Augsburg"$"https://d-nb.info/gnd/4003614-5"$"Staats- und Stadtbibliothek Augsburg"$"https://d-nb.info/gnd/2022500-3"$"Augsburg"$"https://d-nb.info/gnd/4003614-5"
"38"$"Cod cat 26"$""$"https://nbn-resolving.org/urn:nbn:de:bvb:37-dtl-0000000034"$"https://digipool.bib-bvb.de/bvb/delivery/tn_stream.fpl?pid=9033977"$"Komplett"$"Original"$"Standard"$"Einzelseite"$""$""$"Staats- und Stadtbibliothek Augsburg"$"https://d-nb.info/gnd/2022500-3"$"Augsburg"$"https://d-nb.info/gnd/4003614-5"$"Staats- und Stadtbibliothek Augsburg"$"https://d-nb.info/gnd/2022500-3"$"Augsburg"$"https://d-nb.info/gnd/4003614-5"
"39"$"Cod HV 55"$"https://api.digitale-sammlungen.de/iiif/presentation/v2/bsb00113234/manifest"$"https://mdz-nbn-resolving.de/urn:nbn:de:bvb:12-bsb00113234-7"$"https://api.digitale-sammlungen.de/iiif/image/v2/bsb00113234_00003/full/280,/0/default.jpg"$"Komplett"$"Original"$"Standard"$"Einzelseite"$""$""$"Staats- und Stadtbibliothek Augsburg"$"https://d-nb.info/gnd/2022500-3"$"Augsburg"$"https://d-nb.info/gnd/4003614-5"$"Bayerische Staatsbibliothek"$"https://d-nb.info/gnd/2031351-2"$"München"$"https://d-nb.info/gnd/4127793-4"
"40"$"Cod NV 1"$"https://api.digitale-sammlungen.de/iiif/presentation/v2/bsb00090376/manifest"$"https://mdz-nbn-resolving.de/urn:nbn:de:bvb:12-bsb00090376-2"$"https://api.digitale-sammlungen.de/iiif/image/v2/bsb00090376_00005/full/280,/0/default.jpg"$"Komplett"$"Original"$"Standard"$"Einzelseite"$""$""$"Staats- und Stadtbibliothek Augsburg"$"https://d-nb.info/gnd/2022500-3"$"Augsburg"$"https://d-nb.info/gnd/4003614-5"$"Bayerische Staatsbibliothek"$"https://d-nb.info/gnd/2031351-2"$"München"$"https://d-nb.info/gnd/4127793-4"
"41"$"Cod NV 2"$"https://api.digitale-sammlungen.de/iiif/presentation/v2/bsb00090377/manifest"$"https://mdz-nbn-resolving.de/urn:nbn:de:bvb:12-bsb00090377-7"$"https://api.digitale-sammlungen.de/iiif/image/v2/bsb00090377_00003/full/280,/0/default.jpg"$"Komplett"$"Original"$"Standard"$"Einzelseite"$""$""$"Staats- und Stadtbibliothek Augsburg"$"https://d-nb.info/gnd/2022500-3"$"Augsburg"$"https://d-nb.info/gnd/4003614-5"$"Bayerische Staatsbibliothek"$"https://d-nb.info/gnd/2031351-2"$"München"$"https://d-nb.info/gnd/4127793-4"
"42"$"Cod NV 3 -1"$""$"http://digital.bib-bvb.de/webclient/DeliveryManager?custom_att_2=simple_viewer&pid=16920421"$"https://digipool.bib-bvb.de/bvb/extdeliv/thumb/16920994.gif"$"Komplett"$"Original"$"Standard"$"Einzelseite"$"2020"$""$"Staats- und Stadtbibliothek Augsburg"$"https://d-nb.info/gnd/2022500-3"$"Augsburg"$"https://d-nb.info/gnd/4003614-5"$"Bayerische Staatsbibliothek"$"https://d-nb.info/gnd/2031351-2"$"München"$"https://d-nb.info/gnd/4127793-4"
"43"$"Cod NV 4 -1"$""$"http://digital.bib-bvb.de/webclient/DeliveryManager?custom_att_2=simple_viewer&pid=16923056"$"https://digipool.bib-bvb.de/bvb/extdeliv/thumb/16923675.gif"$"Komplett"$"Original"$"Standard"$"Einzelseite"$"2020"$""$"Staats- und Stadtbibliothek Augsburg"$"https://d-nb.info/gnd/2022500-3"$"Augsburg"$"https://d-nb.info/gnd/4003614-5"$"Bayerische Staatsbibliothek"$"https://d-nb.info/gnd/2031351-2"$"München"$"https://d-nb.info/gnd/4127793-4"
"44"$"Cod NV 4 -14"$""$"http://digital.bib-bvb.de/webclient/DeliveryManager?custom_att_2=simple_viewer&pid=16926145"$"https://digipool.bib-bvb.de/bvb/extdeliv/thumb/16926588.gif"$"Komplett"$"Original"$"Standard"$"Einzelseite"$"2020"$""$"Staats- und Stadtbibliothek Augsburg"$"https://d-nb.info/gnd/2022500-3"$"Augsburg"$"https://d-nb.info/gnd/4003614-5"$"Bayerische Staatsbibliothek"$"https://d-nb.info/gnd/2031351-2"$"München"$"https://d-nb.info/gnd/4127793-4"
"45"$"Cod NV 4 -47"$""$"http://digital.bib-bvb.de/webclient/DeliveryManager?custom_att_2=simple_viewer&pid=16927483"$"https://digipool.bib-bvb.de/bvb/extdeliv/thumb/16927804.gif"$"Komplett"$"Original"$"Standard"$"Einzelseite"$"2020"$""$"Staats- und Stadtbibliothek Augsburg"$"https://d-nb.info/gnd/2022500-3"$"Augsburg"$"https://d-nb.info/gnd/4003614-5"$"Bayerische Staatsbibliothek"$"https://d-nb.info/gnd/2031351-2"$"München"$"https://d-nb.info/gnd/4127793-4"
"46"$"81 Z 1"$""$"https://nbn-resolving.org/urn:nbn:de:bvb:37-dtl-0000000465"$"https://digipool.bib-bvb.de/bvb/extdeliv/thumb/14453568.gif"$"Komplett"$"Original"$"Standard"$"Einzelseite"$"2019"$""$"Staats- und Stadtbibliothek Augsburg"$"https://d-nb.info/gnd/2022500-3"$"Augsburg"$"https://d-nb.info/gnd/4003614-5"$"Staats- und Stadtbibliothek Augsburg"$"https://d-nb.info/gnd/2022500-3"$"Augsburg"$"https://d-nb.info/gnd/4003614-5"
"47"$"4 S 450 -10"$"https://api.digitale-sammlungen.de/iiif/presentation/v2/bsb11223333/manifest"$"https://mdz-nbn-resolving.de/urn:nbn:de:bvb:12-bsb11223333-5"$"https://api.digitale-sammlungen.de/iiif/image/v2/bsb11223333_00001/full/280,/0/default.jpg"$"Komplett"$"Original"$"Standard"$"Einzelseite"$""$""$"Staats- und Stadtbibliothek Augsburg"$"https://d-nb.info/gnd/2022500-3"$"Augsburg"$"https://d-nb.info/gnd/4003614-5"$"Bayerische Staatsbibliothek"$"https://d-nb.info/gnd/2031351-2"$"München"$"https://d-nb.info/gnd/4127793-4"
"48"$"2 Th O 7#(Beibd."$"https://api.digitale-sammlungen.de/iiif/presentation/v2/bsb11204636/manifest"$"https://mdz-nbn-resolving.de/urn:nbn:de:bvb:12-bsb11204636-2"$"https://api.digitale-sammlungen.de/iiif/image/v2/bsb11204636_00003/full/280,/0/default.jpg"$"Komplett"$"Original"$"Standard"$"Einzelseite"$""$""$"Staats- und Stadtbibliothek Augsburg"$"https://d-nb.info/gnd/2022500-3"$"Augsburg"$"https://d-nb.info/gnd/4003614-5"$"Bayerische Staatsbibliothek"$"https://d-nb.info/gnd/2031351-2"$"München"$"https://d-nb.info/gnd/4127793-4"
"49"$"2 Th L 83#(Beibd. 2"$"https://api.digitale-sammlungen.de/iiif/presentation/v2/bsb11204529/manifest"$"https://mdz-nbn-resolving.de/urn:nbn:de:bvb:12-bsb11204529-2"$"https://api.digitale-sammlungen.de/iiif/image/v2/bsb11204529_00003/full/280,/0/default.jpg"$"Komplett"$"Original"$"Standard"$"Einzelseite"$""$""$"Staats- und Stadtbibliothek Augsburg"$"https://d-nb.info/gnd/2022500-3"$"Augsburg"$"https://d-nb.info/gnd/4003614-5"$"Bayerische Staatsbibliothek"$"https://d-nb.info/gnd/2031351-2"$"München"$"https://d-nb.info/gnd/4127793-4"
"50"$"Th Pr 2318#(Beibd. 5"$"https://api.digitale-sammlungen.de/iiif/presentation/v2/bsb11291855/manifest"$"https://mdz-nbn-resolving.de/urn:nbn:de:bvb:12-bsb11291855-6"$"https://api.digitale-sammlungen.de/iiif/image/v2/bsb11291855_00003/full/280,/0/default.jpg"$"Komplett"$"Original"$"Standard"$"Einzelseite"$""$""$"Staats- und Stadtbibliothek Augsburg"$"https://d-nb.info/gnd/2022500-3"$"Augsburg"$"https://d-nb.info/gnd/4003614-5"$"Bayerische Staatsbibliothek"$"https://d-nb.info/gnd/2031351-2"$"München"$"https://d-nb.info/gnd/4127793-4"
"51"$"2 Cod 387b"$""$"https://nbn-resolving.de/urn:nbn:de:bvb:37-dtl-0000000256"$"https://digipool.bib-bvb.de/bvb/extdeliv/thumb/13507781.gif"$"Komplett"$"Original"$"Standard"$"Einzelseite"$"2018"$""$"Staats- und Stadtbibliothek Augsburg"$"https://d-nb.info/gnd/2022500-3"$"Augsburg"$"https://d-nb.info/gnd/4003614-5"$"Staats- und Stadtbibliothek Augsburg"$"https://d-nb.info/gnd/2022500-3"$"Augsburg"$"https://d-nb.info/gnd/4003614-5"
"52"$"2 Cod Aug 378a"$""$"https://nbn-resolving.de/urn:nbn:de:bvb:37-dtl-0000000699"$"https://digipool.bib-bvb.de/bvb/extdeliv/thumb/16177162.gif"$"Komplett"$"Original"$"Standard"$"Einzelseite"$"2020"$""$"Staats- und Stadtbibliothek Augsburg"$"https://d-nb.info/gnd/2022500-3"$"Augsburg"$"https://d-nb.info/gnd/4003614-5"$"Staats- und Stadtbibliothek Augsburg"$"https://d-nb.info/gnd/2022500-3"$"Augsburg"$"https://d-nb.info/gnd/4003614-5"
"53"$"2 Cod H 22"$""$"https://nbn-resolving.de/urn:nbn:de:bvb:37-dtl-0000000686"$"https://digipool.bib-bvb.de/bvb/extdeliv/thumb/16177849.gif"$"Komplett"$"Original"$"Standard"$"Einzelseite"$"2020"$""$"Staats- und Stadtbibliothek Augsburg"$"https://d-nb.info/gnd/2022500-3"$"Augsburg"$"https://d-nb.info/gnd/4003614-5"$"Staats- und Stadtbibliothek Augsburg"$"https://d-nb.info/gnd/2022500-3"$"Augsburg"$"https://d-nb.info/gnd/4003614-5"
"54"$"2 Cod H 64"$""$"https://nbn-resolving.de/urn:nbn:de:bvb:37-dtl-0000000704"$"https://digipool.bib-bvb.de/bvb/extdeliv/thumb/17198096.gif"$"Komplett"$"Original"$"Standard"$"Einzelseite"$"2020"$""$"Staats- und Stadtbibliothek Augsburg"$"https://d-nb.info/gnd/2022500-3"$"Augsburg"$"https://d-nb.info/gnd/4003614-5"$"Staats- und Stadtbibliothek Augsburg"$"https://d-nb.info/gnd/2022500-3"$"Augsburg"$"https://d-nb.info/gnd/4003614-5"
"55"$"Cod NV 3 -2"$""$"http://digital.bib-bvb.de/webclient/DeliveryManager?custom_att_2=simple_viewer&pid=17247626"$"https://digipool.bib-bvb.de/bvb/extdeliv/thumb/17248071.gif"$"Komplett"$"Original"$"Standard"$"Einzelseite"$"2020"$""$"Staats- und Stadtbibliothek Augsburg"$"https://d-nb.info/gnd/2022500-3"$"Augsburg"$"https://d-nb.info/gnd/4003614-5"$"Bayerische Staatsbibliothek"$"https://d-nb.info/gnd/2031351-2"$"München"$"https://d-nb.info/gnd/4127793-4"
"56"$"Cod NV 4 -4"$""$"http://digital.bib-bvb.de/webclient/DeliveryManager?custom_att_2=simple_viewer&pid=17252338"$"https://digipool.bib-bvb.de/bvb/extdeliv/thumb/17252707.gif"$"Komplett"$"Original"$"Standard"$"Einzelseite"$"2020"$""$"Staats- und Stadtbibliothek Augsburg"$"https://d-nb.info/gnd/2022500-3"$"Augsburg"$"https://d-nb.info/gnd/4003614-5"$"Bayerische Staatsbibliothek"$"https://d-nb.info/gnd/2031351-2"$"München"$"https://d-nb.info/gnd/4127793-4"
"57"$"4 Cod NV 4 -15"$""$"http://digital.bib-bvb.de/webclient/DeliveryManager?custom_att_2=simple_viewer&pid=17276303"$"https://digipool.bib-bvb.de/bvb/extdeliv/thumb/17276722.gif"$"Komplett"$"Original"$"Standard"$"Einzelseite"$"2020"$""$"Staats- und Stadtbibliothek Augsburg"$"https://d-nb.info/gnd/2022500-3"$"Augsburg"$"https://d-nb.info/gnd/4003614-5"$"Bayerische Staatsbibliothek"$"https://d-nb.info/gnd/2031351-2"$"München"$"https://d-nb.info/gnd/4127793-4"
"58"$"2 Cod S 258"$""$"https://nbn-resolving.de/urn:nbn:de:bvb:37-dtl-0000001421"$"https://digipool.bib-bvb.de/bvb/extdeliv/thumb/17362832.gif"$"Komplett"$"Original"$"Standard"$"Einzelseite"$"2020"$""$"Staats- und Stadtbibliothek Augsburg"$"https://d-nb.info/gnd/2022500-3"$"Augsburg"$"https://d-nb.info/gnd/4003614-5"$"Staats- und Stadtbibliothek Augsburg"$"https://d-nb.info/gnd/2022500-3"$"Augsburg"$"https://d-nb.info/gnd/4003614-5"
"59"$"4 Cod S 116"$""$"https://nbn-resolving.de/urn:nbn:de:bvb:37-dtl-0000001412"$"https://digipool.bib-bvb.de/bvb/extdeliv/thumb/17362964.gif"$"Komplett"$"Original"$"Standard"$"Einzelseite"$"2020"$""$"Staats- und Stadtbibliothek Augsburg"$"https://d-nb.info/gnd/2022500-3"$"Augsburg"$"https://d-nb.info/gnd/4003614-5"$"Staats- und Stadtbibliothek Augsburg"$"https://d-nb.info/gnd/2022500-3"$"Augsburg"$"https://d-nb.info/gnd/4003614-5"
"60"$"4 Cod 180"$""$"https://nbn-resolving.de/urn:nbn:de:bvb:37-dtl-0000001436"$"https://digipool.bib-bvb.de/bvb/extdeliv/thumb/17371231.gif"$"Komplett"$"Original"$"Standard"$"Einzelseite"$"2020"$""$"Staats- und Stadtbibliothek Augsburg"$"https://d-nb.info/gnd/2022500-3"$"Augsburg"$"https://d-nb.info/gnd/4003614-5"$"Staats- und Stadtbibliothek Augsburg"$"https://d-nb.info/gnd/2022500-3"$"Augsburg"$"https://d-nb.info/gnd/4003614-5"
"61"$"2 Cod 209"$""$"https://nbn-resolving.de/urn:nbn:de:bvb:37-dtl-0000001812"$"https://digipool.bib-bvb.de/bvb/extdeliv/thumb/17579846.gif"$"Komplett"$"Original"$"Standard"$"Einzelseite"$"2021"$""$"Staats- und Stadtbibliothek Augsburg"$"https://d-nb.info/gnd/2022500-3"$"Augsburg"$"https://d-nb.info/gnd/4003614-5"$"Staats- und Stadtbibliothek Augsburg"$"https://d-nb.info/gnd/2022500-3"$"Augsburg"$"https://d-nb.info/gnd/4003614-5"
"62"$"2 Cod Aug 6"$""$"https://nbn-resolving.de/urn:nbn:de:bvb:37-dtl-0000001836"$"https://digipool.bib-bvb.de/bvb/extdeliv/thumb/17640908.gif"$"Komplett"$"Original"$"Standard"$"Einzelseite"$"2021"$""$"Staats- und Stadtbibliothek Augsburg"$"https://d-nb.info/gnd/2022500-3"$"Augsburg"$"https://d-nb.info/gnd/4003614-5"$"Staats- und Stadtbibliothek Augsburg"$"https://d-nb.info/gnd/2022500-3"$"Augsburg"$"https://d-nb.info/gnd/4003614-5"
"63"$"2 Cod Aug 7"$""$"https://nbn-resolving.de/urn:nbn:de:bvb:37-dtl-0000001849"$"https://digipool.bib-bvb.de/bvb/extdeliv/thumb/17641542.gif"$"Komplett"$"Original"$"Standard"$"Einzelseite"$"2021"$""$"Staats- und Stadtbibliothek Augsburg"$"https://d-nb.info/gnd/2022500-3"$"Augsburg"$"https://d-nb.info/gnd/4003614-5"$"Staats- und Stadtbibliothek Augsburg"$"https://d-nb.info/gnd/2022500-3"$"Augsburg"$"https://d-nb.info/gnd/4003614-5"
"64"$"2 Cod Aug 5"$""$"https://nbn-resolving.de/urn:nbn:de:bvb:37-dtl-0000001854"$"https://digipool.bib-bvb.de/bvb/extdeliv/thumb/17641952.gif"$"Komplett"$"Original"$"Standard"$"Einzelseite"$"2021"$""$"Staats- und Stadtbibliothek Augsburg"$"https://d-nb.info/gnd/2022500-3"$"Augsburg"$"https://d-nb.info/gnd/4003614-5"$"Staats- und Stadtbibliothek Augsburg"$"https://d-nb.info/gnd/2022500-3"$"Augsburg"$"https://d-nb.info/gnd/4003614-5"
"65"$"2 Cod Aug 4"$""$"https://nbn-resolving.de/urn:nbn:de:bvb:37-dtl-0000001861"$"https://digipool.bib-bvb.de/bvb/extdeliv/thumb/17642238.gif"$"Komplett"$"Original"$"Standard"$"Einzelseite"$"2021"$""$"Staats- und Stadtbibliothek Augsburg"$"https://d-nb.info/gnd/2022500-3"$"Augsburg"$"https://d-nb.info/gnd/4003614-5"$"Staats- und Stadtbibliothek Augsburg"$"https://d-nb.info/gnd/2022500-3"$"Augsburg"$"https://d-nb.info/gnd/4003614-5"
"66"$"4 Cod Aug 247"$""$"https://nbn-resolving.de/urn:nbn:de:bvb:37-dtl-0000001873"$"https://digipool.bib-bvb.de/bvb/extdeliv/thumb/17642561.gif"$"Komplett"$"Original"$"Standard"$"Einzelseite"$"2021"$""$"Staats- und Stadtbibliothek Augsburg"$"https://d-nb.info/gnd/2022500-3"$"Augsburg"$"https://d-nb.info/gnd/4003614-5"$"Staats- und Stadtbibliothek Augsburg"$"https://d-nb.info/gnd/2022500-3"$"Augsburg"$"https://d-nb.info/gnd/4003614-5"
"67"$"2 Cod Aug 199"$""$"https://nbn-resolving.de/urn:nbn:de:bvb:37-dtl-0000001913"$"https://digipool.bib-bvb.de/bvb/extdeliv/thumb/17643020.gif"$"Komplett"$"Original"$"Standard"$"Einzelseite"$"2021"$""$"Staats- und Stadtbibliothek Augsburg"$"https://d-nb.info/gnd/2022500-3"$"Augsburg"$"https://d-nb.info/gnd/4003614-5"$"Staats- und Stadtbibliothek Augsburg"$"https://d-nb.info/gnd/2022500-3"$"Augsburg"$"https://d-nb.info/gnd/4003614-5"
"68"$"2 Cod Aug 497"$""$"https://nbn-resolving.de/urn:nbn:de:bvb:37-dtl-0000001883"$"https://digipool.bib-bvb.de/bvb/extdeliv/thumb/17643387.gif"$"Komplett"$"Original"$"Standard"$"Einzelseite"$"2021"$""$"Staats- und Stadtbibliothek Augsburg"$"https://d-nb.info/gnd/2022500-3"$"Augsburg"$"https://d-nb.info/gnd/4003614-5"$"Staats- und Stadtbibliothek Augsburg"$"https://d-nb.info/gnd/2022500-3"$"Augsburg"$"https://d-nb.info/gnd/4003614-5"
"69"$"2 Cod Aug 501"$""$"https://nbn-resolving.de/urn:nbn:de:bvb:37-dtl-0000001898"$"https://digipool.bib-bvb.de/bvb/extdeliv/thumb/17643419.gif"$"Komplett"$"Original"$"Standard"$"Einzelseite"$"2021"$""$"Staats- und Stadtbibliothek Augsburg"$"https://d-nb.info/gnd/2022500-3"$"Augsburg"$"https://d-nb.info/gnd/4003614-5"$"Staats- und Stadtbibliothek Augsburg"$"https://d-nb.info/gnd/2022500-3"$"Augsburg"$"https://d-nb.info/gnd/4003614-5"
"70"$"2 Cod Aug 509"$""$"https://nbn-resolving.de/urn:nbn:de:bvb:37-dtl-0000001905"$"https://digipool.bib-bvb.de/bvb/extdeliv/thumb/17643438.gif"$"Komplett"$"Original"$"Standard"$"Einzelseite"$"2021"$""$"Staats- und Stadtbibliothek Augsburg"$"https://d-nb.info/gnd/2022500-3"$"Augsburg"$"https://d-nb.info/gnd/4003614-5"$"Staats- und Stadtbibliothek Augsburg"$"https://d-nb.info/gnd/2022500-3"$"Augsburg"$"https://d-nb.info/gnd/4003614-5"
"71"$"2 Cod Aug 514"$""$"https://nbn-resolving.de/urn:nbn:de:bvb:37-dtl-0000001937"$"https://digipool.bib-bvb.de/bvb/extdeliv/thumb/17643474.gif"$"Komplett"$"Original"$"Standard"$"Einzelseite"$"2021"$""$"Staats- und Stadtbibliothek Augsburg"$"https://d-nb.info/gnd/2022500-3"$"Augsburg"$"https://d-nb.info/gnd/4003614-5"$"Staats- und Stadtbibliothek Augsburg"$"https://d-nb.info/gnd/2022500-3"$"Augsburg"$"https://d-nb.info/gnd/4003614-5"
"72"$"4 Cod Aug 35 I"$""$"https://nbn-resolving.de/urn:nbn:de:bvb:37-dtl-0000001923"$"https://digipool.bib-bvb.de/bvb/extdeliv/thumb/17643560.gif"$"Komplett"$"Original"$"Standard"$"Einzelseite"$"2021"$""$"Staats- und Stadtbibliothek Augsburg"$"https://d-nb.info/gnd/2022500-3"$"Augsburg"$"https://d-nb.info/gnd/4003614-5"$"Staats- und Stadtbibliothek Augsburg"$"https://d-nb.info/gnd/2022500-3"$"Augsburg"$"https://d-nb.info/gnd/4003614-5"
"73"$"2 Cod Aug 513"$""$"https://nbn-resolving.de/urn:nbn:de:bvb:37-dtl-0000001940"$"https://digipool.bib-bvb.de/bvb/extdeliv/thumb/17643770.gif"$"Komplett"$"Original"$"Standard"$"Einzelseite"$"2021"$""$"Staats- und Stadtbibliothek Augsburg"$"https://d-nb.info/gnd/2022500-3"$"Augsburg"$"https://d-nb.info/gnd/4003614-5"$"Staats- und Stadtbibliothek Augsburg"$"https://d-nb.info/gnd/2022500-3"$"Augsburg"$"https://d-nb.info/gnd/4003614-5"
"74"$"2 Cod Aug 472 II"$""$"https://nbn-resolving.de/urn:nbn:de:bvb:37-dtl-0000001963"$"https://digipool.bib-bvb.de/bvb/extdeliv/thumb/17675400.gif"$"Komplett"$"Original"$"Standard"$"Einzelseite"$"2021"$""$"Staats- und Stadtbibliothek Augsburg"$"https://d-nb.info/gnd/2022500-3"$"Augsburg"$"https://d-nb.info/gnd/4003614-5"$"Staats- und Stadtbibliothek Augsburg"$"https://d-nb.info/gnd/2022500-3"$"Augsburg"$"https://d-nb.info/gnd/4003614-5"
"75"$"2 Cod Aug 512"$""$"https://nbn-resolving.de/urn:nbn:de:bvb:37-dtl-0000001952"$"https://digipool.bib-bvb.de/bvb/extdeliv/thumb/17675413.gif"$"Komplett"$"Original"$"Standard"$"Einzelseite"$"2021"$""$"Staats- und Stadtbibliothek Augsburg"$"https://d-nb.info/gnd/2022500-3"$"Augsburg"$"https://d-nb.info/gnd/4003614-5"$"Staats- und Stadtbibliothek Augsburg"$"https://d-nb.info/gnd/2022500-3"$"Augsburg"$"https://d-nb.info/gnd/4003614-5"
"76"$"2 Cod 8"$""$"https://nbn-resolving.de/urn:nbn:de:bvb:37-dtl-0000002097"$"https://digipool.bib-bvb.de/bvb/extdeliv/thumb/18157293.gif"$"Komplett"$"Original"$"Standard"$"Einzelseite"$"2021"$""$"Staats- und Stadtbibliothek Augsburg"$"https://d-nb.info/gnd/2022500-3"$"Augsburg"$"https://d-nb.info/gnd/4003614-5"$"Staats- und Stadtbibliothek Augsburg"$"https://d-nb.info/gnd/2022500-3"$"Augsburg"$"https://d-nb.info/gnd/4003614-5"
"77"$"2 Cod 171"$""$"https://nbn-resolving.de/urn:nbn:de:bvb:37-dtl-0000002111"$"https://digipool.bib-bvb.de/bvb/extdeliv/thumb/18166904.gif"$"Komplett"$"Original"$"Standard"$"Einzelseite"$"2021"$""$"Staats- und Stadtbibliothek Augsburg"$"https://d-nb.info/gnd/2022500-3"$"Augsburg"$"https://d-nb.info/gnd/4003614-5"$"Staats- und Stadtbibliothek Augsburg"$"https://d-nb.info/gnd/2022500-3"$"Augsburg"$"https://d-nb.info/gnd/4003614-5"
"78"$"Fragm rel 9"$""$"https://nbn-resolving.de/urn:nbn:de:bvb:37-dtl-0000002149"$"https://digipool.bib-bvb.de/bvb/extdeliv/thumb/18301827.gif"$"Teilweise"$"Original"$"Standard"$"Einzelseite"$"2021"$""$"Staats- und Stadtbibliothek Augsburg"$"https://d-nb.info/gnd/2022500-3"$"Augsburg"$"https://d-nb.info/gnd/4003614-5"$"Staats- und Stadtbibliothek Augsburg"$"https://d-nb.info/gnd/2022500-3"$"Augsburg"$"https://d-nb.info/gnd/4003614-5"
"79"$"Fragm germ 31"$""$"https://nbn-resolving.de/urn:nbn:de:bvb:37-dtl-0000002154"$"https://digipool.bib-bvb.de/bvb/extdeliv/thumb/18413520.gif"$"Teilweise"$"Original"$"Standard"$"Einzelseite"$"2021"$""$"Staats- und Stadtbibliothek Augsburg"$"https://d-nb.info/gnd/2022500-3"$"Augsburg"$"https://d-nb.info/gnd/4003614-5"$"Staats- und Stadtbibliothek Augsburg"$"https://d-nb.info/gnd/2022500-3"$"Augsburg"$"https://d-nb.info/gnd/4003614-5"
"80"$"2 Cod 142a"$"https://api.digitale-sammlungen.de/iiif/presentation/v2/bsb00137143/manifest"$"https://mdz-nbn-resolving.de/urn:nbn:de:bvb:12-bsb00137143-1"$"https://api.digitale-sammlungen.de/iiif/image/v2/bsb00137143_00003/full/280,/0/default.jpg"$"Komplett"$"Original"$"Standard"$"Einzelseite"$"2022"$"2022"$"Staats- und Stadtbibliothek Augsburg"$"https://d-nb.info/gnd/2022500-3"$"Augsburg"$"https://d-nb.info/gnd/4003614-5"$"Bayerische Staatsbibliothek"$"https://d-nb.info/gnd/2031351-2"$"München"$"https://d-nb.info/gnd/4127793-4"
"81"$"2 Cod 142a"$"https://api.digitale-sammlungen.de/iiif/presentation/v2/bsb00139942/manifest"$"https://mdz-nbn-resolving.de/urn:nbn:de:bvb:12-bsb00139942-2"$"https://api.digitale-sammlungen.de/iiif/image/v2/bsb00139942_00003/full/280,/0/default.jpg"$"Komplett"$"Original"$"Thermographie"$"Einzelseite"$""$""$"Staats- und Stadtbibliothek Augsburg"$"https://d-nb.info/gnd/2022500-3"$"Augsburg"$"https://d-nb.info/gnd/4003614-5"$"Bayerische Staatsbibliothek"$"https://d-nb.info/gnd/2031351-2"$"München"$"https://d-nb.info/gnd/4127793-4"
"82"$"2 Cod 248"$"https://api.digitale-sammlungen.de/iiif/presentation/v2/bsb00135262/manifest"$"https://mdz-nbn-resolving.de/urn:nbn:de:bvb:12-bsb00135262-2"$"https://api.digitale-sammlungen.de/iiif/image/v2/bsb00135262_00003/full/280,/0/default.jpg"$"Komplett"$"Original"$"Standard"$"Einzelseite"$"2022"$"2022"$"Staats- und Stadtbibliothek Augsburg"$"https://d-nb.info/gnd/2022500-3"$"Augsburg"$"https://d-nb.info/gnd/4003614-5"$"Bayerische Staatsbibliothek"$"https://d-nb.info/gnd/2031351-2"$"München"$"https://d-nb.info/gnd/4127793-4"
"83"$"2 Cod 33"$"https://api.digitale-sammlungen.de/iiif/presentation/v2/bsb00136999/manifest"$"https://mdz-nbn-resolving.de/urn:nbn:de:bvb:12-bsb00136999-3"$"https://api.digitale-sammlungen.de/iiif/image/v2/bsb00136999_00003/full/280,/0/default.jpg"$"Komplett"$"Original"$"Standard"$"Einzelseite"$"2022"$"2022"$"Staats- und Stadtbibliothek Augsburg"$"https://d-nb.info/gnd/2022500-3"$"Augsburg"$"https://d-nb.info/gnd/4003614-5"$"Bayerische Staatsbibliothek"$"https://d-nb.info/gnd/2031351-2"$"München"$"https://d-nb.info/gnd/4127793-4"
"84"$"2 Cod 43"$"https://api.digitale-sammlungen.de/iiif/presentation/v2/bsb00137001/manifest"$"https://mdz-nbn-resolving.de/urn:nbn:de:bvb:12-bsb00137001-5"$"https://api.digitale-sammlungen.de/iiif/image/v2/bsb00137001_00003/full/280,/0/default.jpg"$"Komplett"$"Original"$"Standard"$"Einzelseite"$"2022"$"2022"$"Staats- und Stadtbibliothek Augsburg"$"https://d-nb.info/gnd/2022500-3"$"Augsburg"$"https://d-nb.info/gnd/4003614-5"$"Bayerische Staatsbibliothek"$"https://d-nb.info/gnd/2031351-2"$"München"$"https://d-nb.info/gnd/4127793-4"
"85"$"2 Cod 469"$"https://api.digitale-sammlungen.de/iiif/presentation/v2/bsb00135263/manifest"$"https://mdz-nbn-resolving.de/urn:nbn:de:bvb:12-bsb00135263-7"$"https://api.digitale-sammlungen.de/iiif/image/v2/bsb00135263_00003/full/280,/0/default.jpg"$"Komplett"$"Original"$"Standard"$"Einzelseite"$"2022"$"2022"$"Staats- und Stadtbibliothek Augsburg"$"https://d-nb.info/gnd/2022500-3"$"Augsburg"$"https://d-nb.info/gnd/4003614-5"$"Bayerische Staatsbibliothek"$"https://d-nb.info/gnd/2031351-2"$"München"$"https://d-nb.info/gnd/4127793-4"
"86"$"2 Cod 469"$"https://api.digitale-sammlungen.de/iiif/presentation/v2/bsb00138311/manifest"$"https://mdz-nbn-resolving.de/urn:nbn:de:bvb:12-bsb00138311-0"$"https://api.digitale-sammlungen.de/iiif/image/v2/bsb00138311_00002/full/280,/0/default.jpg"$"Komplett"$"Original"$"Thermographie"$"Einzelseite"$""$""$"Staats- und Stadtbibliothek Augsburg"$"https://d-nb.info/gnd/2022500-3"$"Augsburg"$"https://d-nb.info/gnd/4003614-5"$"Bayerische Staatsbibliothek"$"https://d-nb.info/gnd/2031351-2"$"München"$"https://d-nb.info/gnd/4127793-4"
"87"$"2 Cod 49a"$"https://api.digitale-sammlungen.de/iiif/presentation/v2/bsb00137000/manifest"$"https://mdz-nbn-resolving.de/urn:nbn:de:bvb:12-bsb00137000-9"$"https://api.digitale-sammlungen.de/iiif/image/v2/bsb00137000_00003/full/280,/0/default.jpg"$"Komplett"$"Original"$"Standard"$"Einzelseite"$"2022"$"2022"$"Staats- und Stadtbibliothek Augsburg"$"https://d-nb.info/gnd/2022500-3"$"Augsburg"$"https://d-nb.info/gnd/4003614-5"$"Bayerische Staatsbibliothek"$"https://d-nb.info/gnd/2031351-2"$"München"$"https://d-nb.info/gnd/4127793-4"
"88"$"2 Cod 508"$"https://api.digitale-sammlungen.de/iiif/presentation/v2/bsb00135264/manifest"$"https://mdz-nbn-resolving.de/urn:nbn:de:bvb:12-bsb00135264-2"$"https://api.digitale-sammlungen.de/iiif/image/v2/bsb00135264_00003/full/280,/0/default.jpg"$"Komplett"$"Original"$"Standard"$"Einzelseite"$"2022"$"2022"$"Staats- und Stadtbibliothek Augsburg"$"https://d-nb.info/gnd/2022500-3"$"Augsburg"$"https://d-nb.info/gnd/4003614-5"$"Bayerische Staatsbibliothek"$"https://d-nb.info/gnd/2031351-2"$"München"$"https://d-nb.info/gnd/4127793-4"
"89"$"2 Cod 509"$"https://api.digitale-sammlungen.de/iiif/presentation/v2/bsb00135265/manifest"$"https://mdz-nbn-resolving.de/urn:nbn:de:bvb:12-bsb00135265-8"$"https://api.digitale-sammlungen.de/iiif/image/v2/bsb00135265_00003/full/280,/0/default.jpg"$"Komplett"$"Original"$"Standard"$"Einzelseite"$"2022"$"2022"$"Staats- und Stadtbibliothek Augsburg"$"https://d-nb.info/gnd/2022500-3"$"Augsburg"$"https://d-nb.info/gnd/4003614-5"$"Bayerische Staatsbibliothek"$"https://d-nb.info/gnd/2031351-2"$"München"$"https://d-nb.info/gnd/4127793-4"
"90"$"2 Cod 509"$"https://api.digitale-sammlungen.de/iiif/presentation/v2/bsb00141136/manifest"$"https://mdz-nbn-resolving.de/urn:nbn:de:bvb:12-bsb00141136-7"$"https://api.digitale-sammlungen.de/iiif/image/v2/bsb00141136_00003/full/280,/0/default.jpg"$"Komplett"$"Original"$"Thermographie"$"Einzelseite"$""$""$"Staats- und Stadtbibliothek Augsburg"$"https://d-nb.info/gnd/2022500-3"$"Augsburg"$"https://d-nb.info/gnd/4003614-5"$"Bayerische Staatsbibliothek"$"https://d-nb.info/gnd/2031351-2"$"München"$"https://d-nb.info/gnd/4127793-4"
"91"$"2 Cod 511"$"https://api.digitale-sammlungen.de/iiif/presentation/v2/bsb00135266/manifest"$"https://mdz-nbn-resolving.de/urn:nbn:de:bvb:12-bsb00135266-3"$"https://api.digitale-sammlungen.de/iiif/image/v2/bsb00135266_00003/full/280,/0/default.jpg"$"Komplett"$"Original"$"Standard"$"Einzelseite"$"2022"$"2022"$"Staats- und Stadtbibliothek Augsburg"$"https://d-nb.info/gnd/2022500-3"$"Augsburg"$"https://d-nb.info/gnd/4003614-5"$"Bayerische Staatsbibliothek"$"https://d-nb.info/gnd/2031351-2"$"München"$"https://d-nb.info/gnd/4127793-4"
"92"$"2 Cod 512"$"https://api.digitale-sammlungen.de/iiif/presentation/v2/bsb00135267/manifest"$"https://mdz-nbn-resolving.de/urn:nbn:de:bvb:12-bsb00135267-8"$"https://api.digitale-sammlungen.de/iiif/image/v2/bsb00135267_00003/full/280,/0/default.jpg"$"Komplett"$"Original"$"Standard"$"Einzelseite"$"2022"$"2022"$"Staats- und Stadtbibliothek Augsburg"$"https://d-nb.info/gnd/2022500-3"$"Augsburg"$"https://d-nb.info/gnd/4003614-5"$"Bayerische Staatsbibliothek"$"https://d-nb.info/gnd/2031351-2"$"München"$"https://d-nb.info/gnd/4127793-4"
"93"$"2 Cod mus 1"$"https://api.digitale-sammlungen.de/iiif/presentation/v2/bsb00135268/manifest"$"https://mdz-nbn-resolving.de/urn:nbn:de:bvb:12-bsb00135268-4"$"https://api.digitale-sammlungen.de/iiif/image/v2/bsb00135268_00003/full/280,/0/default.jpg"$"Komplett"$"Original"$"Standard"$"Einzelseite"$"2021"$"2021"$"Staats- und Stadtbibliothek Augsburg"$"https://d-nb.info/gnd/2022500-3"$"Augsburg"$"https://d-nb.info/gnd/4003614-5"$"Bayerische Staatsbibliothek"$"https://d-nb.info/gnd/2031351-2"$"München"$"https://d-nb.info/gnd/4127793-4"
"94"$"2 Cod mus 1"$"https://api.digitale-sammlungen.de/iiif/presentation/v2/bsb00138092/manifest"$"https://mdz-nbn-resolving.de/urn:nbn:de:bvb:12-bsb00138092-8"$"https://api.digitale-sammlungen.de/iiif/image/v2/bsb00138092_00003/full/280,/0/default.jpg"$"Komplett"$"Original"$"Thermographie"$"Einzelseite"$""$""$"Staats- und Stadtbibliothek Augsburg"$"https://d-nb.info/gnd/2022500-3"$"Augsburg"$"https://d-nb.info/gnd/4003614-5"$"Bayerische Staatsbibliothek"$"https://d-nb.info/gnd/2031351-2"$"München"$"https://d-nb.info/gnd/4127793-4"
"95"$"2 Ink 868a"$"https://api.digitale-sammlungen.de/iiif/presentation/v2/bsb00135269/manifest"$"https://mdz-nbn-resolving.de/urn:nbn:de:bvb:12-bsb00135269-4"$"https://api.digitale-sammlungen.de/iiif/image/v2/bsb00135269_00003/full/280,/0/default.jpg"$"Komplett"$"Original"$"Standard"$"Einzelseite"$"2022"$"2022"$"Staats- und Stadtbibliothek Augsburg"$"https://d-nb.info/gnd/2022500-3"$"Augsburg"$"https://d-nb.info/gnd/4003614-5"$"Bayerische Staatsbibliothek"$"https://d-nb.info/gnd/2031351-2"$"München"$"https://d-nb.info/gnd/4127793-4"
"96"$"4 Cod 10"$"https://api.digitale-sammlungen.de/iiif/presentation/v2/bsb00135270/manifest"$"https://mdz-nbn-resolving.de/urn:nbn:de:bvb:12-bsb00135270-6"$"https://api.digitale-sammlungen.de/iiif/image/v2/bsb00135270_00003/full/280,/0/default.jpg"$"Komplett"$"Original"$"Standard"$"Einzelseite"$"2021"$"2021"$"Staats- und Stadtbibliothek Augsburg"$"https://d-nb.info/gnd/2022500-3"$"Augsburg"$"https://d-nb.info/gnd/4003614-5"$"Bayerische Staatsbibliothek"$"https://d-nb.info/gnd/2031351-2"$"München"$"https://d-nb.info/gnd/4127793-4"
"97"$"4 Cod 10"$"https://api.digitale-sammlungen.de/iiif/presentation/v2/bsb00136940/manifest"$"https://mdz-nbn-resolving.de/urn:nbn:de:bvb:12-bsb00136940-8"$"https://api.digitale-sammlungen.de/iiif/image/v2/bsb00136940_00003/full/280,/0/default.jpg"$"Komplett"$"Original"$"Thermographie"$"Einzelseite"$""$""$"Staats- und Stadtbibliothek Augsburg"$"https://d-nb.info/gnd/2022500-3"$"Augsburg"$"https://d-nb.info/gnd/4003614-5"$"Bayerische Staatsbibliothek"$"https://d-nb.info/gnd/2031351-2"$"München"$"https://d-nb.info/gnd/4127793-4"
"98"$"4 Cod 152"$"https://api.digitale-sammlungen.de/iiif/presentation/v2/bsb00135272/manifest"$"https://mdz-nbn-resolving.de/urn:nbn:de:bvb:12-bsb00135272-7"$"https://api.digitale-sammlungen.de/iiif/image/v2/bsb00135272_00003/full/280,/0/default.jpg"$"Komplett"$"Original"$"Standard"$"Einzelseite"$"2022"$"2022"$"Staats- und Stadtbibliothek Augsburg"$"https://d-nb.info/gnd/2022500-3"$"Augsburg"$"https://d-nb.info/gnd/4003614-5"$"Bayerische Staatsbibliothek"$"https://d-nb.info/gnd/2031351-2"$"München"$"https://d-nb.info/gnd/4127793-4"
"99"$"4 Cod 152"$"https://api.digitale-sammlungen.de/iiif/presentation/v2/bsb00139943/manifest"$"https://mdz-nbn-resolving.de/urn:nbn:de:bvb:12-bsb00139943-7"$"https://api.digitale-sammlungen.de/iiif/image/v2/bsb00139943_00002/full/280,/0/default.jpg"$"Komplett"$"Original"$"Thermographie"$"Einzelseite"$""$""$"Staats- und Stadtbibliothek Augsburg"$"https://d-nb.info/gnd/2022500-3"$"Augsburg"$"https://d-nb.info/gnd/4003614-5"$"Bayerische Staatsbibliothek"$"https://d-nb.info/gnd/2031351-2"$"München"$"https://d-nb.info/gnd/4127793-4"
"100"$"4 Cod 154"$"https://api.digitale-sammlungen.de/iiif/presentation/v2/bsb00135273/manifest"$"https://mdz-nbn-resolving.de/urn:nbn:de:bvb:12-bsb00135273-2"$"https://api.digitale-sammlungen.de/iiif/image/v2/bsb00135273_00003/full/280,/0/default.jpg"$"Komplett"$"Original"$"Standard"$"Einzelseite"$"2022"$"2022"$"Staats- und Stadtbibliothek Augsburg"$"https://d-nb.info/gnd/2022500-3"$"Augsburg"$"https://d-nb.info/gnd/4003614-5"$"Bayerische Staatsbibliothek"$"https://d-nb.info/gnd/2031351-2"$"München"$"https://d-nb.info/gnd/4127793-4"
"101"$"4 Cod 154"$"https://api.digitale-sammlungen.de/iiif/presentation/v2/bsb00140246/manifest"$"https://mdz-nbn-resolving.de/urn:nbn:de:bvb:12-bsb00140246-2"$"https://api.digitale-sammlungen.de/iiif/image/v2/bsb00140246_00003/full/280,/0/default.jpg"$"Komplett"$"Original"$"Thermographie"$"Einzelseite"$""$""$"Staats- und Stadtbibliothek Augsburg"$"https://d-nb.info/gnd/2022500-3"$"Augsburg"$"https://d-nb.info/gnd/4003614-5"$"Bayerische Staatsbibliothek"$"https://d-nb.info/gnd/2031351-2"$"München"$"https://d-nb.info/gnd/4127793-4"
"102"$"4 Cod 155"$"https://api.digitale-sammlungen.de/iiif/presentation/v2/bsb00135274/manifest"$"https://mdz-nbn-resolving.de/urn:nbn:de:bvb:12-bsb00135274-7"$"https://api.digitale-sammlungen.de/iiif/image/v2/bsb00135274_00003/full/280,/0/default.jpg"$"Komplett"$"Original"$"Standard"$"Einzelseite"$"2022"$"2022"$"Staats- und Stadtbibliothek Augsburg"$"https://d-nb.info/gnd/2022500-3"$"Augsburg"$"https://d-nb.info/gnd/4003614-5"$"Bayerische Staatsbibliothek"$"https://d-nb.info/gnd/2031351-2"$"München"$"https://d-nb.info/gnd/4127793-4"
"103"$"4 Cod 156"$"https://api.digitale-sammlungen.de/iiif/presentation/v2/bsb00135275/manifest"$"https://mdz-nbn-resolving.de/urn:nbn:de:bvb:12-bsb00135275-3"$"https://api.digitale-sammlungen.de/iiif/image/v2/bsb00135275_00003/full/280,/0/default.jpg"$"Komplett"$"Original"$"Standard"$"Einzelseite"$"2021"$"2021"$"Staats- und Stadtbibliothek Augsburg"$"https://d-nb.info/gnd/2022500-3"$"Augsburg"$"https://d-nb.info/gnd/4003614-5"$"Bayerische Staatsbibliothek"$"https://d-nb.info/gnd/2031351-2"$"München"$"https://d-nb.info/gnd/4127793-4"
"104"$"4 Cod 156"$"https://api.digitale-sammlungen.de/iiif/presentation/v2/bsb00136941/manifest"$"https://mdz-nbn-resolving.de/urn:nbn:de:bvb:12-bsb00136941-3"$"https://api.digitale-sammlungen.de/iiif/image/v2/bsb00136941_00003/full/280,/0/default.jpg"$"Komplett"$"Original"$"Thermographie"$"Einzelseite"$""$""$"Staats- und Stadtbibliothek Augsburg"$"https://d-nb.info/gnd/2022500-3"$"Augsburg"$"https://d-nb.info/gnd/4003614-5"$"Bayerische Staatsbibliothek"$"https://d-nb.info/gnd/2031351-2"$"München"$"https://d-nb.info/gnd/4127793-4"
"105"$"4 Cod 157"$"https://api.digitale-sammlungen.de/iiif/presentation/v2/bsb00135289/manifest"$"https://mdz-nbn-resolving.de/urn:nbn:de:bvb:12-bsb00135289-4"$"https://api.digitale-sammlungen.de/iiif/image/v2/bsb00135289_00003/full/280,/0/default.jpg"$"Komplett"$"Original"$"Standard"$"Einzelseite"$"2022"$"2022"$"Staats- und Stadtbibliothek Augsburg"$"https://d-nb.info/gnd/2022500-3"$"Augsburg"$"https://d-nb.info/gnd/4003614-5"$"Bayerische Staatsbibliothek"$"https://d-nb.info/gnd/2031351-2"$"München"$"https://d-nb.info/gnd/4127793-4"
"106"$"4 Cod 157"$"https://api.digitale-sammlungen.de/iiif/presentation/v2/bsb00137931/manifest"$"https://mdz-nbn-resolving.de/urn:nbn:de:bvb:12-bsb00137931-3"$"https://api.digitale-sammlungen.de/iiif/image/v2/bsb00137931_00003/full/280,/0/default.jpg"$"Komplett"$"Original"$"Thermographie"$"Einzelseite"$""$""$"Staats- und Stadtbibliothek Augsburg"$"https://d-nb.info/gnd/2022500-3"$"Augsburg"$"https://d-nb.info/gnd/4003614-5"$"Bayerische Staatsbibliothek"$"https://d-nb.info/gnd/2031351-2"$"München"$"https://d-nb.info/gnd/4127793-4"
"107"$"4 Cod 185"$"https://api.digitale-sammlungen.de/iiif/presentation/v2/bsb00135276/manifest"$"https://mdz-nbn-resolving.de/urn:nbn:de:bvb:12-bsb00135276-8"$"https://api.digitale-sammlungen.de/iiif/image/v2/bsb00135276_00003/full/280,/0/default.jpg"$"Komplett"$"Original"$"Standard"$"Einzelseite"$"2021"$"2021"$"Staats- und Stadtbibliothek Augsburg"$"https://d-nb.info/gnd/2022500-3"$"Augsburg"$"https://d-nb.info/gnd/4003614-5"$"Bayerische Staatsbibliothek"$"https://d-nb.info/gnd/2031351-2"$"München"$"https://d-nb.info/gnd/4127793-4"
"108"$"4 Cod 185"$"https://api.digitale-sammlungen.de/iiif/presentation/v2/bsb00136942/manifest"$"https://mdz-nbn-resolving.de/urn:nbn:de:bvb:12-bsb00136942-9"$"https://api.digitale-sammlungen.de/iiif/image/v2/bsb00136942_00003/full/280,/0/default.jpg"$"Komplett"$"Original"$"Thermographie"$"Einzelseite"$""$""$"Staats- und Stadtbibliothek Augsburg"$"https://d-nb.info/gnd/2022500-3"$"Augsburg"$"https://d-nb.info/gnd/4003614-5"$"Bayerische Staatsbibliothek"$"https://d-nb.info/gnd/2031351-2"$"München"$"https://d-nb.info/gnd/4127793-4"
"109"$"4 Cod 24"$"https://api.digitale-sammlungen.de/iiif/presentation/v2/bsb00135271/manifest"$"https://mdz-nbn-resolving.de/urn:nbn:de:bvb:12-bsb00135271-1"$"https://api.digitale-sammlungen.de/iiif/image/v2/bsb00135271_00003/full/280,/0/default.jpg"$"Komplett"$"Original"$"Standard"$"Einzelseite"$"2022"$"2022"$"Staats- und Stadtbibliothek Augsburg"$"https://d-nb.info/gnd/2022500-3"$"Augsburg"$"https://d-nb.info/gnd/4003614-5"$"Bayerische Staatsbibliothek"$"https://d-nb.info/gnd/2031351-2"$"München"$"https://d-nb.info/gnd/4127793-4"
"110"$"4 Cod 243"$"https://api.digitale-sammlungen.de/iiif/presentation/v2/bsb00135277/manifest"$"https://mdz-nbn-resolving.de/urn:nbn:de:bvb:12-bsb00135277-3"$"https://api.digitale-sammlungen.de/iiif/image/v2/bsb00135277_00003/full/280,/0/default.jpg"$"Komplett"$"Original"$"Standard"$"Einzelseite"$"2022"$"2022"$"Staats- und Stadtbibliothek Augsburg"$"https://d-nb.info/gnd/2022500-3"$"Augsburg"$"https://d-nb.info/gnd/4003614-5"$"Bayerische Staatsbibliothek"$"https://d-nb.info/gnd/2031351-2"$"München"$"https://d-nb.info/gnd/4127793-4"
"111"$"4 Cod 243"$"https://api.digitale-sammlungen.de/iiif/presentation/v2/bsb00136943/manifest"$"https://mdz-nbn-resolving.de/urn:nbn:de:bvb:12-bsb00136943-4"$"https://api.digitale-sammlungen.de/iiif/image/v2/bsb00136943_00003/full/280,/0/default.jpg"$"Komplett"$"Original"$"Thermographie"$"Einzelseite"$""$""$"Staats- und Stadtbibliothek Augsburg"$"https://d-nb.info/gnd/2022500-3"$"Augsburg"$"https://d-nb.info/gnd/4003614-5"$"Bayerische Staatsbibliothek"$"https://d-nb.info/gnd/2031351-2"$"München"$"https://d-nb.info/gnd/4127793-4"
"112"$"4 Cod 255"$"https://api.digitale-sammlungen.de/iiif/presentation/v2/bsb00135278/manifest"$"https://mdz-nbn-resolving.de/urn:nbn:de:bvb:12-bsb00135278-9"$"https://api.digitale-sammlungen.de/iiif/image/v2/bsb00135278_00003/full/280,/0/default.jpg"$"Komplett"$"Original"$"Standard"$"Einzelseite"$"2022"$"2022"$"Staats- und Stadtbibliothek Augsburg"$"https://d-nb.info/gnd/2022500-3"$"Augsburg"$"https://d-nb.info/gnd/4003614-5"$"Bayerische Staatsbibliothek"$"https://d-nb.info/gnd/2031351-2"$"München"$"https://d-nb.info/gnd/4127793-4"
"113"$"4 Cod mus 1"$"https://api.digitale-sammlungen.de/iiif/presentation/v2/bsb00135279/manifest"$"https://mdz-nbn-resolving.de/urn:nbn:de:bvb:12-bsb00135279-9"$"https://api.digitale-sammlungen.de/iiif/image/v2/bsb00135279_00003/full/280,/0/default.jpg"$"Komplett"$"Original"$"Standard"$"Einzelseite"$"2021"$"2021"$"Staats- und Stadtbibliothek Augsburg"$"https://d-nb.info/gnd/2022500-3"$"Augsburg"$"https://d-nb.info/gnd/4003614-5"$"Bayerische Staatsbibliothek"$"https://d-nb.info/gnd/2031351-2"$"München"$"https://d-nb.info/gnd/4127793-4"
"114"$"4 Cod mus 1"$"https://api.digitale-sammlungen.de/iiif/presentation/v2/bsb00136805/manifest"$"https://mdz-nbn-resolving.de/urn:nbn:de:bvb:12-bsb00136805-2"$"https://api.digitale-sammlungen.de/iiif/image/v2/bsb00136805_00003/full/280,/0/default.jpg"$"Komplett"$"Original"$"Thermographie"$"Einzelseite"$""$""$"Staats- und Stadtbibliothek Augsburg"$"https://d-nb.info/gnd/2022500-3"$"Augsburg"$"https://d-nb.info/gnd/4003614-5"$"Bayerische Staatsbibliothek"$"https://d-nb.info/gnd/2031351-2"$"München"$"https://d-nb.info/gnd/4127793-4"
"115"$"4 Cod mus 25"$"https://api.digitale-sammlungen.de/iiif/presentation/v2/bsb00135280/manifest"$"https://mdz-nbn-resolving.de/urn:nbn:de:bvb:12-bsb00135280-1"$"https://api.digitale-sammlungen.de/iiif/image/v2/bsb00135280_00003/full/280,/0/default.jpg"$"Komplett"$"Original"$"Standard"$"Einzelseite"$"2022"$"2022"$"Staats- und Stadtbibliothek Augsburg"$"https://d-nb.info/gnd/2022500-3"$"Augsburg"$"https://d-nb.info/gnd/4003614-5"$"Bayerische Staatsbibliothek"$"https://d-nb.info/gnd/2031351-2"$"München"$"https://d-nb.info/gnd/4127793-4"
"116"$"4 Cod mus 25"$"https://api.digitale-sammlungen.de/iiif/presentation/v2/bsb00142456/manifest"$"https://mdz-nbn-resolving.de/urn:nbn:de:bvb:12-bsb00142456-8"$"https://api.digitale-sammlungen.de/iiif/image/v2/bsb00142456_00003/full/280,/0/default.jpg"$"Komplett"$"Original"$"Thermographie"$"Einzelseite"$""$""$"Staats- und Stadtbibliothek Augsburg"$"https://d-nb.info/gnd/2022500-3"$"Augsburg"$"https://d-nb.info/gnd/4003614-5"$"Bayerische Staatsbibliothek"$"https://d-nb.info/gnd/2031351-2"$"München"$"https://d-nb.info/gnd/4127793-4"
"117"$"4 Ink 529"$"https://api.digitale-sammlungen.de/iiif/presentation/v2/bsb00135281/manifest"$"https://mdz-nbn-resolving.de/urn:nbn:de:bvb:12-bsb00135281-7"$"https://api.digitale-sammlungen.de/iiif/image/v2/bsb00135281_00003/full/280,/0/default.jpg"$"Komplett"$"Original"$"Standard"$"Einzelseite"$"2022"$"2022"$"Staats- und Stadtbibliothek Augsburg"$"https://d-nb.info/gnd/2022500-3"$"Augsburg"$"https://d-nb.info/gnd/4003614-5"$"Bayerische Staatsbibliothek"$"https://d-nb.info/gnd/2031351-2"$"München"$"https://d-nb.info/gnd/4127793-4"
"118"$"4 Ink 529"$"https://api.digitale-sammlungen.de/iiif/presentation/v2/bsb00140620/manifest"$"https://mdz-nbn-resolving.de/urn:nbn:de:bvb:12-bsb00140620-0"$"https://api.digitale-sammlungen.de/iiif/image/v2/bsb00140620_00003/full/280,/0/default.jpg"$"Komplett"$"Original"$"Thermographie"$"Einzelseite"$""$""$"Staats- und Stadtbibliothek Augsburg"$"https://d-nb.info/gnd/2022500-3"$"Augsburg"$"https://d-nb.info/gnd/4003614-5"$"Bayerische Staatsbibliothek"$"https://d-nb.info/gnd/2031351-2"$"München"$"https://d-nb.info/gnd/4127793-4"
"119"$"8 Cod 24"$"https://api.digitale-sammlungen.de/iiif/presentation/v2/bsb00135282/manifest"$"https://mdz-nbn-resolving.de/urn:nbn:de:bvb:12-bsb00135282-2"$"https://api.digitale-sammlungen.de/iiif/image/v2/bsb00135282_00003/full/280,/0/default.jpg"$"Komplett"$"Original"$"Standard"$"Einzelseite"$"2021"$"2021"$"Staats- und Stadtbibliothek Augsburg"$"https://d-nb.info/gnd/2022500-3"$"Augsburg"$"https://d-nb.info/gnd/4003614-5"$"Bayerische Staatsbibliothek"$"https://d-nb.info/gnd/2031351-2"$"München"$"https://d-nb.info/gnd/4127793-4"
"120"$"8 Cod 24"$"https://api.digitale-sammlungen.de/iiif/presentation/v2/bsb00137540/manifest"$"https://mdz-nbn-resolving.de/urn:nbn:de:bvb:12-bsb00137540-6"$"https://api.digitale-sammlungen.de/iiif/image/v2/bsb00137540_00003/full/280,/0/default.jpg"$"Komplett"$"Original"$"Thermographie"$"Einzelseite"$""$""$"Staats- und Stadtbibliothek Augsburg"$"https://d-nb.info/gnd/2022500-3"$"Augsburg"$"https://d-nb.info/gnd/4003614-5"$"Bayerische Staatsbibliothek"$"https://d-nb.info/gnd/2031351-2"$"München"$"https://d-nb.info/gnd/4127793-4"
"121"$"8 Cod 57"$"https://api.digitale-sammlungen.de/iiif/presentation/v2/bsb00137142/manifest"$"https://mdz-nbn-resolving.de/urn:nbn:de:bvb:12-bsb00137142-6"$"https://api.digitale-sammlungen.de/iiif/image/v2/bsb00137142_00003/full/280,/0/default.jpg"$"Komplett"$"Original"$"Standard"$"Einzelseite"$"2022"$"2022"$"Staats- und Stadtbibliothek Augsburg"$"https://d-nb.info/gnd/2022500-3"$"Augsburg"$"https://d-nb.info/gnd/4003614-5"$"Bayerische Staatsbibliothek"$"https://d-nb.info/gnd/2031351-2"$"München"$"https://d-nb.info/gnd/4127793-4"
"122"$"8 Cod 57"$"https://api.digitale-sammlungen.de/iiif/presentation/v2/bsb00137541/manifest"$"https://mdz-nbn-resolving.de/urn:nbn:de:bvb:12-bsb00137541-1"$"https://api.digitale-sammlungen.de/iiif/image/v2/bsb00137541_00003/full/280,/0/default.jpg"$"Komplett"$"Original"$"Thermographie"$"Einzelseite"$""$""$"Staats- und Stadtbibliothek Augsburg"$"https://d-nb.info/gnd/2022500-3"$"Augsburg"$"https://d-nb.info/gnd/4003614-5"$"Bayerische Staatsbibliothek"$"https://d-nb.info/gnd/2031351-2"$"München"$"https://d-nb.info/gnd/4127793-4"
"123"$"8 Cod 59"$"https://api.digitale-sammlungen.de/iiif/presentation/v2/bsb00135283/manifest"$"https://mdz-nbn-resolving.de/urn:nbn:de:bvb:12-bsb00135283-7"$"https://api.digitale-sammlungen.de/iiif/image/v2/bsb00135283_00003/full/280,/0/default.jpg"$"Komplett"$"Original"$"Standard"$"Einzelseite"$"2022"$"2022"$"Staats- und Stadtbibliothek Augsburg"$"https://d-nb.info/gnd/2022500-3"$"Augsburg"$"https://d-nb.info/gnd/4003614-5"$"Bayerische Staatsbibliothek"$"https://d-nb.info/gnd/2031351-2"$"München"$"https://d-nb.info/gnd/4127793-4"
"124"$"8 Cod 59"$"https://api.digitale-sammlungen.de/iiif/presentation/v2/bsb00137932/manifest"$"https://mdz-nbn-resolving.de/urn:nbn:de:bvb:12-bsb00137932-8"$"https://api.digitale-sammlungen.de/iiif/image/v2/bsb00137932_00003/full/280,/0/default.jpg"$"Komplett"$"Original"$"Thermographie"$"Einzelseite"$""$""$"Staats- und Stadtbibliothek Augsburg"$"https://d-nb.info/gnd/2022500-3"$"Augsburg"$"https://d-nb.info/gnd/4003614-5"$"Bayerische Staatsbibliothek"$"https://d-nb.info/gnd/2031351-2"$"München"$"https://d-nb.info/gnd/4127793-4"
"125"$"8 Cod 61"$"https://api.digitale-sammlungen.de/iiif/presentation/v2/bsb00135285/manifest"$"https://mdz-nbn-resolving.de/urn:nbn:de:bvb:12-bsb00135285-8"$"https://api.digitale-sammlungen.de/iiif/image/v2/bsb00135285_00003/full/280,/0/default.jpg"$"Komplett"$"Original"$"Standard"$"Einzelseite"$"2022"$"2022"$"Staats- und Stadtbibliothek Augsburg"$"https://d-nb.info/gnd/2022500-3"$"Augsburg"$"https://d-nb.info/gnd/4003614-5"$"Bayerische Staatsbibliothek"$"https://d-nb.info/gnd/2031351-2"$"München"$"https://d-nb.info/gnd/4127793-4"
"126"$"8 Cod 61"$"https://api.digitale-sammlungen.de/iiif/presentation/v2/bsb00142014/manifest"$"https://mdz-nbn-resolving.de/urn:nbn:de:bvb:12-bsb00142014-6"$"https://api.digitale-sammlungen.de/iiif/image/v2/bsb00142014_00003/full/280,/0/default.jpg"$"Komplett"$"Original"$"Thermographie"$"Einzelseite"$""$""$"Staats- und Stadtbibliothek Augsburg"$"https://d-nb.info/gnd/2022500-3"$"Augsburg"$"https://d-nb.info/gnd/4003614-5"$"Bayerische Staatsbibliothek"$"https://d-nb.info/gnd/2031351-2"$"München"$"https://d-nb.info/gnd/4127793-4"
"127"$"8 Cod 62"$"https://api.digitale-sammlungen.de/iiif/presentation/v2/bsb00135286/manifest"$"https://mdz-nbn-resolving.de/urn:nbn:de:bvb:12-bsb00135286-3"$"https://api.digitale-sammlungen.de/iiif/image/v2/bsb00135286_00003/full/280,/0/default.jpg"$"Komplett"$"Original"$"Standard"$"Einzelseite"$"2022"$"2022"$"Staats- und Stadtbibliothek Augsburg"$"https://d-nb.info/gnd/2022500-3"$"Augsburg"$"https://d-nb.info/gnd/4003614-5"$"Bayerische Staatsbibliothek"$"https://d-nb.info/gnd/2031351-2"$"München"$"https://d-nb.info/gnd/4127793-4"
"128"$"8 Cod 62"$"https://api.digitale-sammlungen.de/iiif/presentation/v2/bsb00137616/manifest"$"https://mdz-nbn-resolving.de/urn:nbn:de:bvb:12-bsb00137616-7"$"https://api.digitale-sammlungen.de/iiif/image/v2/bsb00137616_00003/full/280,/0/default.jpg"$"Komplett"$"Original"$"Thermographie"$"Einzelseite"$""$""$"Staats- und Stadtbibliothek Augsburg"$"https://d-nb.info/gnd/2022500-3"$"Augsburg"$"https://d-nb.info/gnd/4003614-5"$"Bayerische Staatsbibliothek"$"https://d-nb.info/gnd/2031351-2"$"München"$"https://d-nb.info/gnd/4127793-4"
"129"$"8 Cod 63"$"https://api.digitale-sammlungen.de/iiif/presentation/v2/bsb00135287/manifest"$"https://mdz-nbn-resolving.de/urn:nbn:de:bvb:12-bsb00135287-9"$"https://api.digitale-sammlungen.de/iiif/image/v2/bsb00135287_00003/full/280,/0/default.jpg"$"Komplett"$"Original"$"Standard"$"Einzelseite"$"2022"$"2022"$"Staats- und Stadtbibliothek Augsburg"$"https://d-nb.info/gnd/2022500-3"$"Augsburg"$"https://d-nb.info/gnd/4003614-5"$"Bayerische Staatsbibliothek"$"https://d-nb.info/gnd/2031351-2"$"München"$"https://d-nb.info/gnd/4127793-4"
"130"$"8 Cod 63"$"https://api.digitale-sammlungen.de/iiif/presentation/v2/bsb00142015/manifest"$"https://mdz-nbn-resolving.de/urn:nbn:de:bvb:12-bsb00142015-1"$"https://api.digitale-sammlungen.de/iiif/image/v2/bsb00142015_00002/full/280,/0/default.jpg"$"Komplett"$"Original"$"Thermographie"$"Einzelseite"$""$""$"Staats- und Stadtbibliothek Augsburg"$"https://d-nb.info/gnd/2022500-3"$"Augsburg"$"https://d-nb.info/gnd/4003614-5"$"Bayerische Staatsbibliothek"$"https://d-nb.info/gnd/2031351-2"$"München"$"https://d-nb.info/gnd/4127793-4"
"131"$"8 Cod 65"$"https://api.digitale-sammlungen.de/iiif/presentation/v2/bsb00135288/manifest"$"https://mdz-nbn-resolving.de/urn:nbn:de:bvb:12-bsb00135288-4"$"https://api.digitale-sammlungen.de/iiif/image/v2/bsb00135288_00003/full/280,/0/default.jpg"$"Komplett"$"Original"$"Standard"$"Einzelseite"$"2021"$"2021"$"Staats- und Stadtbibliothek Augsburg"$"https://d-nb.info/gnd/2022500-3"$"Augsburg"$"https://d-nb.info/gnd/4003614-5"$"Bayerische Staatsbibliothek"$"https://d-nb.info/gnd/2031351-2"$"München"$"https://d-nb.info/gnd/4127793-4"
"132"$"8 Cod 65"$"https://api.digitale-sammlungen.de/iiif/presentation/v2/bsb00138417/manifest"$"https://mdz-nbn-resolving.de/urn:nbn:de:bvb:12-bsb00138417-7"$"https://api.digitale-sammlungen.de/iiif/image/v2/bsb00138417_00003/full/280,/0/default.jpg"$"Komplett"$"Original"$"Thermographie"$"Einzelseite"$""$""$"Staats- und Stadtbibliothek Augsburg"$"https://d-nb.info/gnd/2022500-3"$"Augsburg"$"https://d-nb.info/gnd/4003614-5"$"Bayerische Staatsbibliothek"$"https://d-nb.info/gnd/2031351-2"$"München"$"https://d-nb.info/gnd/4127793-4"
"133"$"Cod HV 56"$"https://api.digitale-sammlungen.de/iiif/presentation/v2/bsb00134765/manifest"$"https://mdz-nbn-resolving.de/urn:nbn:de:bvb:12-bsb00134765-8"$"https://api.digitale-sammlungen.de/iiif/image/v2/bsb00134765_00003/full/280,/0/default.jpg"$"Komplett"$"Original"$"Standard"$"Einzelseite"$"2022"$"2022"$"Staats- und Stadtbibliothek Augsburg"$"https://d-nb.info/gnd/2022500-3"$"Augsburg"$"https://d-nb.info/gnd/4003614-5"$"Bayerische Staatsbibliothek"$"https://d-nb.info/gnd/2031351-2"$"München"$"https://d-nb.info/gnd/4127793-4"
"134"$"Fragm lat 10"$"https://api.digitale-sammlungen.de/iiif/presentation/v2/bsb00134766/manifest"$"https://mdz-nbn-resolving.de/urn:nbn:de:bvb:12-bsb00134766-3"$"https://api.digitale-sammlungen.de/iiif/image/v2/bsb00134766_00003/full/280,/0/default.jpg"$"Komplett"$"Original"$"Standard"$"Einzelseite"$"2022"$"2022"$"Staats- und Stadtbibliothek Augsburg"$"https://d-nb.info/gnd/2022500-3"$"Augsburg"$"https://d-nb.info/gnd/4003614-5"$"Bayerische Staatsbibliothek"$"https://d-nb.info/gnd/2031351-2"$"München"$"https://d-nb.info/gnd/4127793-4"
"135"$"H 1840"$"https://api.digitale-sammlungen.de/iiif/presentation/v2/bsb00137145/manifest"$"https://mdz-nbn-resolving.de/urn:nbn:de:bvb:12-bsb00137145-2"$"https://api.digitale-sammlungen.de/iiif/image/v2/bsb00137145_00003/full/280,/0/default.jpg"$"Komplett"$"Original"$"Standard"$"Einzelseite"$"2022"$"2022"$"Staats- und Stadtbibliothek Augsburg"$"https://d-nb.info/gnd/2022500-3"$"Augsburg"$"https://d-nb.info/gnd/4003614-5"$"Bayerische Staatsbibliothek"$"https://d-nb.info/gnd/2031351-2"$"München"$"https://d-nb.info/gnd/4127793-4"
"136"$"H 1840"$"https://api.digitale-sammlungen.de/iiif/presentation/v2/bsb00138155/manifest"$"https://mdz-nbn-resolving.de/urn:nbn:de:bvb:12-bsb00138155-2"$"https://api.digitale-sammlungen.de/iiif/image/v2/bsb00138155_00003/full/280,/0/default.jpg"$"Komplett"$"Original"$"Thermographie"$"Einzelseite"$""$""$"Staats- und Stadtbibliothek Augsburg"$"https://d-nb.info/gnd/2022500-3"$"Augsburg"$"https://d-nb.info/gnd/4003614-5"$"Bayerische Staatsbibliothek"$"https://d-nb.info/gnd/2031351-2"$"München"$"https://d-nb.info/gnd/4127793-4"
"137"$"Tonk Schl 1"$"https://api.digitale-sammlungen.de/iiif/presentation/v2/bsb00134744/manifest"$"https://mdz-nbn-resolving.de/urn:nbn:de:bvb:12-bsb00134744-2"$"https://api.digitale-sammlungen.de/iiif/image/v2/bsb00134744_00003/full/280,/0/default.jpg"$"Komplett"$"Original"$"Standard"$"Einzelseite"$"2021"$"2021"$"Staats- und Stadtbibliothek Augsburg"$"https://d-nb.info/gnd/2022500-3"$"Augsburg"$"https://d-nb.info/gnd/4003614-5"$"Bayerische Staatsbibliothek"$"https://d-nb.info/gnd/2031351-2"$"München"$"https://d-nb.info/gnd/4127793-4"
"138"$"Tonk Schl 1"$"https://api.digitale-sammlungen.de/iiif/presentation/v2/bsb00137231/manifest"$"https://mdz-nbn-resolving.de/urn:nbn:de:bvb:12-bsb00137231-1"$"https://api.digitale-sammlungen.de/iiif/image/v2/bsb00137231_00002/full/280,/0/default.jpg"$"Komplett"$"Original"$"Thermographie"$"Einzelseite"$""$""$"Staats- und Stadtbibliothek Augsburg"$"https://d-nb.info/gnd/2022500-3"$"Augsburg"$"https://d-nb.info/gnd/4003614-5"$"Bayerische Staatsbibliothek"$"https://d-nb.info/gnd/2031351-2"$"München"$"https://d-nb.info/gnd/4127793-4"
"139"$"Tonk Schl 13"$"https://api.digitale-sammlungen.de/iiif/presentation/v2/bsb00090448/manifest"$"https://mdz-nbn-resolving.de/urn:nbn:de:bvb:12-bsb00090448-2"$"https://api.digitale-sammlungen.de/iiif/image/v2/bsb00090448_00003/full/280,/0/default.jpg"$"Komplett"$"Original"$"Standard"$"Einzelseite"$"2014"$"2014"$"Staats- und Stadtbibliothek Augsburg"$"https://d-nb.info/gnd/2022500-3"$"Augsburg"$"https://d-nb.info/gnd/4003614-5"$"Bayerische Staatsbibliothek"$"https://d-nb.info/gnd/2031351-2"$"München"$"https://d-nb.info/gnd/4127793-4"
"140"$"Tonk Schl 13"$"https://api.digitale-sammlungen.de/iiif/presentation/v2/bsb00140274/manifest"$"https://mdz-nbn-resolving.de/urn:nbn:de:bvb:12-bsb00140274-7"$"https://api.digitale-sammlungen.de/iiif/image/v2/bsb00140274_00002/full/280,/0/default.jpg"$"Komplett"$"Original"$"Thermographie"$"Einzelseite"$""$""$"Staats- und Stadtbibliothek Augsburg"$"https://d-nb.info/gnd/2022500-3"$"Augsburg"$"https://d-nb.info/gnd/4003614-5"$"Bayerische Staatsbibliothek"$"https://d-nb.info/gnd/2031351-2"$"München"$"https://d-nb.info/gnd/4127793-4"
"141"$"Tonk Schl 14"$"https://api.digitale-sammlungen.de/iiif/presentation/v2/bsb00134756/manifest"$"https://mdz-nbn-resolving.de/urn:nbn:de:bvb:12-bsb00134756-8"$"https://api.digitale-sammlungen.de/iiif/image/v2/bsb00134756_00003/full/280,/0/default.jpg"$"Komplett"$"Original"$"Standard"$"Einzelseite"$"2022"$"2022"$"Staats- und Stadtbibliothek Augsburg"$"https://d-nb.info/gnd/2022500-3"$"Augsburg"$"https://d-nb.info/gnd/4003614-5"$"Bayerische Staatsbibliothek"$"https://d-nb.info/gnd/2031351-2"$"München"$"https://d-nb.info/gnd/4127793-4"
"142"$"Tonk Schl 14"$"https://api.digitale-sammlungen.de/iiif/presentation/v2/bsb00142273/manifest"$"https://mdz-nbn-resolving.de/urn:nbn:de:bvb:12-bsb00142273-2"$"https://api.digitale-sammlungen.de/iiif/image/v2/bsb00142273_00003/full/280,/0/default.jpg"$"Komplett"$"Original"$"Thermographie"$"Einzelseite"$""$""$"Staats- und Stadtbibliothek Augsburg"$"https://d-nb.info/gnd/2022500-3"$"Augsburg"$"https://d-nb.info/gnd/4003614-5"$"Bayerische Staatsbibliothek"$"https://d-nb.info/gnd/2031351-2"$"München"$"https://d-nb.info/gnd/4127793-4"
"143"$"Tonk Schl 15"$"https://api.digitale-sammlungen.de/iiif/presentation/v2/bsb00134757/manifest"$"https://mdz-nbn-resolving.de/urn:nbn:de:bvb:12-bsb00134757-4"$"https://api.digitale-sammlungen.de/iiif/image/v2/bsb00134757_00003/full/280,/0/default.jpg"$"Komplett"$"Original"$"Standard"$"Einzelseite"$"2022"$"2022"$"Staats- und Stadtbibliothek Augsburg"$"https://d-nb.info/gnd/2022500-3"$"Augsburg"$"https://d-nb.info/gnd/4003614-5"$"Bayerische Staatsbibliothek"$"https://d-nb.info/gnd/2031351-2"$"München"$"https://d-nb.info/gnd/4127793-4"
"144"$"Tonk Schl 15"$"https://api.digitale-sammlungen.de/iiif/presentation/v2/bsb00140275/manifest"$"https://mdz-nbn-resolving.de/urn:nbn:de:bvb:12-bsb00140275-3"$"https://api.digitale-sammlungen.de/iiif/image/v2/bsb00140275_00002/full/280,/0/default.jpg"$"Komplett"$"Original"$"Thermographie"$"Einzelseite"$""$""$"Staats- und Stadtbibliothek Augsburg"$"https://d-nb.info/gnd/2022500-3"$"Augsburg"$"https://d-nb.info/gnd/4003614-5"$"Bayerische Staatsbibliothek"$"https://d-nb.info/gnd/2031351-2"$"München"$"https://d-nb.info/gnd/4127793-4"
"145"$"Tonk Schl 16"$"https://api.digitale-sammlungen.de/iiif/presentation/v2/bsb00134758/manifest"$"https://mdz-nbn-resolving.de/urn:nbn:de:bvb:12-bsb00134758-9"$"https://api.digitale-sammlungen.de/iiif/image/v2/bsb00134758_00003/full/280,/0/default.jpg"$"Komplett"$"Original"$"Standard"$"Einzelseite"$"2022"$"2022"$"Staats- und Stadtbibliothek Augsburg"$"https://d-nb.info/gnd/2022500-3"$"Augsburg"$"https://d-nb.info/gnd/4003614-5"$"Bayerische Staatsbibliothek"$"https://d-nb.info/gnd/2031351-2"$"München"$"https://d-nb.info/gnd/4127793-4"
"146"$"Tonk Schl 16"$"https://api.digitale-sammlungen.de/iiif/presentation/v2/bsb00140276/manifest"$"https://mdz-nbn-resolving.de/urn:nbn:de:bvb:12-bsb00140276-8"$"https://api.digitale-sammlungen.de/iiif/image/v2/bsb00140276_00002/full/280,/0/default.jpg"$"Komplett"$"Original"$"Thermographie"$"Einzelseite"$""$""$"Staats- und Stadtbibliothek Augsburg"$"https://d-nb.info/gnd/2022500-3"$"Augsburg"$"https://d-nb.info/gnd/4003614-5"$"Bayerische Staatsbibliothek"$"https://d-nb.info/gnd/2031351-2"$"München"$"https://d-nb.info/gnd/4127793-4"
"147"$"Tonk Schl 17"$"https://api.digitale-sammlungen.de/iiif/presentation/v2/bsb00134759/manifest"$"https://mdz-nbn-resolving.de/urn:nbn:de:bvb:12-bsb00134759-9"$"https://api.digitale-sammlungen.de/iiif/image/v2/bsb00134759_00003/full/280,/0/default.jpg"$"Komplett"$"Original"$"Standard"$"Einzelseite"$"2021"$"2021"$"Staats- und Stadtbibliothek Augsburg"$"https://d-nb.info/gnd/2022500-3"$"Augsburg"$"https://d-nb.info/gnd/4003614-5"$"Bayerische Staatsbibliothek"$"https://d-nb.info/gnd/2031351-2"$"München"$"https://d-nb.info/gnd/4127793-4"
"148"$"Tonk Schl 17"$"https://api.digitale-sammlungen.de/iiif/presentation/v2/bsb00137320/manifest"$"https://mdz-nbn-resolving.de/urn:nbn:de:bvb:12-bsb00137320-5"$"https://api.digitale-sammlungen.de/iiif/image/v2/bsb00137320_00003/full/280,/0/default.jpg"$"Komplett"$"Original"$"Thermographie"$"Einzelseite"$""$""$"Staats- und Stadtbibliothek Augsburg"$"https://d-nb.info/gnd/2022500-3"$"Augsburg"$"https://d-nb.info/gnd/4003614-5"$"Bayerische Staatsbibliothek"$"https://d-nb.info/gnd/2031351-2"$"München"$"https://d-nb.info/gnd/4127793-4"
"149"$"Tonk Schl 18"$"https://api.digitale-sammlungen.de/iiif/presentation/v2/bsb00134760/manifest"$"https://mdz-nbn-resolving.de/urn:nbn:de:bvb:12-bsb00134760-1"$"https://api.digitale-sammlungen.de/iiif/image/v2/bsb00134760_00003/full/280,/0/default.jpg"$"Komplett"$"Original"$"Standard"$"Einzelseite"$"2021"$"2021"$"Staats- und Stadtbibliothek Augsburg"$"https://d-nb.info/gnd/2022500-3"$"Augsburg"$"https://d-nb.info/gnd/4003614-5"$"Bayerische Staatsbibliothek"$"https://d-nb.info/gnd/2031351-2"$"München"$"https://d-nb.info/gnd/4127793-4"
"150"$"Tonk Schl 18"$"https://api.digitale-sammlungen.de/iiif/presentation/v2/bsb00137230/manifest"$"https://mdz-nbn-resolving.de/urn:nbn:de:bvb:12-bsb00137230-5"$"https://api.digitale-sammlungen.de/iiif/image/v2/bsb00137230_00003/full/280,/0/default.jpg"$"Komplett"$"Original"$"Thermographie"$"Einzelseite"$""$""$"Staats- und Stadtbibliothek Augsburg"$"https://d-nb.info/gnd/2022500-3"$"Augsburg"$"https://d-nb.info/gnd/4003614-5"$"Bayerische Staatsbibliothek"$"https://d-nb.info/gnd/2031351-2"$"München"$"https://d-nb.info/gnd/4127793-4"
"151"$"Tonk Schl 19"$"https://api.digitale-sammlungen.de/iiif/presentation/v2/bsb00134761/manifest"$"https://mdz-nbn-resolving.de/urn:nbn:de:bvb:12-bsb00134761-7"$"https://api.digitale-sammlungen.de/iiif/image/v2/bsb00134761_00003/full/280,/0/default.jpg"$"Komplett"$"Original"$"Standard"$"Einzelseite"$"2021"$"2021"$"Staats- und Stadtbibliothek Augsburg"$"https://d-nb.info/gnd/2022500-3"$"Augsburg"$"https://d-nb.info/gnd/4003614-5"$"Bayerische Staatsbibliothek"$"https://d-nb.info/gnd/2031351-2"$"München"$"https://d-nb.info/gnd/4127793-4"
"152"$"Tonk Schl 19"$"https://api.digitale-sammlungen.de/iiif/presentation/v2/bsb00139155/manifest"$"https://mdz-nbn-resolving.de/urn:nbn:de:bvb:12-bsb00139155-5"$"https://api.digitale-sammlungen.de/iiif/image/v2/bsb00139155_00003/full/280,/0/default.jpg"$"Komplett"$"Original"$"Thermographie"$"Einzelseite"$""$""$"Staats- und Stadtbibliothek Augsburg"$"https://d-nb.info/gnd/2022500-3"$"Augsburg"$"https://d-nb.info/gnd/4003614-5"$"Bayerische Staatsbibliothek"$"https://d-nb.info/gnd/2031351-2"$"München"$"https://d-nb.info/gnd/4127793-4"
"153"$"Tonk Schl 2"$"https://api.digitale-sammlungen.de/iiif/presentation/v2/bsb00134745/manifest"$"https://mdz-nbn-resolving.de/urn:nbn:de:bvb:12-bsb00134745-8"$"https://api.digitale-sammlungen.de/iiif/image/v2/bsb00134745_00003/full/280,/0/default.jpg"$"Komplett"$"Original"$"Standard"$"Einzelseite"$"2022"$"2022"$"Staats- und Stadtbibliothek Augsburg"$"https://d-nb.info/gnd/2022500-3"$"Augsburg"$"https://d-nb.info/gnd/4003614-5"$"Bayerische Staatsbibliothek"$"https://d-nb.info/gnd/2031351-2"$"München"$"https://d-nb.info/gnd/4127793-4"
"154"$"Tonk Schl 2"$"https://api.digitale-sammlungen.de/iiif/presentation/v2/bsb00139768/manifest"$"https://mdz-nbn-resolving.de/urn:nbn:de:bvb:12-bsb00139768-8"$"https://api.digitale-sammlungen.de/iiif/image/v2/bsb00139768_00003/full/280,/0/default.jpg"$"Komplett"$"Original"$"Thermographie"$"Einzelseite"$""$""$"Staats- und Stadtbibliothek Augsburg"$"https://d-nb.info/gnd/2022500-3"$"Augsburg"$"https://d-nb.info/gnd/4003614-5"$"Bayerische Staatsbibliothek"$"https://d-nb.info/gnd/2031351-2"$"München"$"https://d-nb.info/gnd/4127793-4"
"155"$"Tonk Schl 20"$"https://api.digitale-sammlungen.de/iiif/presentation/v2/bsb00134762/manifest"$"https://mdz-nbn-resolving.de/urn:nbn:de:bvb:12-bsb00134762-2"$"https://api.digitale-sammlungen.de/iiif/image/v2/bsb00134762_00003/full/280,/0/default.jpg"$"Komplett"$"Original"$"Standard"$"Einzelseite"$"2022"$"2022"$"Staats- und Stadtbibliothek Augsburg"$"https://d-nb.info/gnd/2022500-3"$"Augsburg"$"https://d-nb.info/gnd/4003614-5"$"Bayerische Staatsbibliothek"$"https://d-nb.info/gnd/2031351-2"$"München"$"https://d-nb.info/gnd/4127793-4"
"156"$"Tonk Schl 20"$"https://api.digitale-sammlungen.de/iiif/presentation/v2/bsb00137202/manifest"$"https://mdz-nbn-resolving.de/urn:nbn:de:bvb:12-bsb00137202-0"$"https://api.digitale-sammlungen.de/iiif/image/v2/bsb00137202_00003/full/280,/0/default.jpg"$"Komplett"$"Original"$"Thermographie"$"Einzelseite"$""$""$"Staats- und Stadtbibliothek Augsburg"$"https://d-nb.info/gnd/2022500-3"$"Augsburg"$"https://d-nb.info/gnd/4003614-5"$"Bayerische Staatsbibliothek"$"https://d-nb.info/gnd/2031351-2"$"München"$"https://d-nb.info/gnd/4127793-4"
"157"$"Tonk Schl 21"$"https://api.digitale-sammlungen.de/iiif/presentation/v2/bsb00134763/manifest"$"https://mdz-nbn-resolving.de/urn:nbn:de:bvb:12-bsb00134763-7"$"https://api.digitale-sammlungen.de/iiif/image/v2/bsb00134763_00003/full/280,/0/default.jpg"$"Komplett"$"Original"$"Standard"$"Einzelseite"$"2022"$"2022"$"Staats- und Stadtbibliothek Augsburg"$"https://d-nb.info/gnd/2022500-3"$"Augsburg"$"https://d-nb.info/gnd/4003614-5"$"Bayerische Staatsbibliothek"$"https://d-nb.info/gnd/2031351-2"$"München"$"https://d-nb.info/gnd/4127793-4"
"158"$"Tonk Schl 21"$"https://api.digitale-sammlungen.de/iiif/presentation/v2/bsb00138337/manifest"$"https://mdz-nbn-resolving.de/urn:nbn:de:bvb:12-bsb00138337-3"$"https://api.digitale-sammlungen.de/iiif/image/v2/bsb00138337_00003/full/280,/0/default.jpg"$"Komplett"$"Original"$"Thermographie"$"Einzelseite"$""$""$"Staats- und Stadtbibliothek Augsburg"$"https://d-nb.info/gnd/2022500-3"$"Augsburg"$"https://d-nb.info/gnd/4003614-5"$"Bayerische Staatsbibliothek"$"https://d-nb.info/gnd/2031351-2"$"München"$"https://d-nb.info/gnd/4127793-4"
"159"$"Tonk Schl 22"$"https://api.digitale-sammlungen.de/iiif/presentation/v2/bsb00134764/manifest"$"https://mdz-nbn-resolving.de/urn:nbn:de:bvb:12-bsb00134764-3"$"https://api.digitale-sammlungen.de/iiif/image/v2/bsb00134764_00003/full/280,/0/default.jpg"$"Komplett"$"Original"$"Standard"$"Einzelseite"$"2022"$"2022"$"Staats- und Stadtbibliothek Augsburg"$"https://d-nb.info/gnd/2022500-3"$"Augsburg"$"https://d-nb.info/gnd/4003614-5"$"Bayerische Staatsbibliothek"$"https://d-nb.info/gnd/2031351-2"$"München"$"https://d-nb.info/gnd/4127793-4"
"160"$"Tonk Schl 22"$"https://api.digitale-sammlungen.de/iiif/presentation/v2/bsb00140100/manifest"$"https://mdz-nbn-resolving.de/urn:nbn:de:bvb:12-bsb00140100-4"$"https://api.digitale-sammlungen.de/iiif/image/v2/bsb00140100_00003/full/280,/0/default.jpg"$"Komplett"$"Original"$"Thermographie"$"Einzelseite"$""$""$"Staats- und Stadtbibliothek Augsburg"$"https://d-nb.info/gnd/2022500-3"$"Augsburg"$"https://d-nb.info/gnd/4003614-5"$"Bayerische Staatsbibliothek"$"https://d-nb.info/gnd/2031351-2"$"München"$"https://d-nb.info/gnd/4127793-4"
"161"$"Tonk Schl 23"$"https://api.digitale-sammlungen.de/iiif/presentation/v2/bsb00134891/manifest"$"https://mdz-nbn-resolving.de/urn:nbn:de:bvb:12-bsb00134891-3"$"https://api.digitale-sammlungen.de/iiif/image/v2/bsb00134891_00003/full/280,/0/default.jpg"$"Komplett"$"Original"$"Standard"$"Einzelseite"$"2022"$"2022"$"Staats- und Stadtbibliothek Augsburg"$"https://d-nb.info/gnd/2022500-3"$"Augsburg"$"https://d-nb.info/gnd/4003614-5"$"Bayerische Staatsbibliothek"$"https://d-nb.info/gnd/2031351-2"$"München"$"https://d-nb.info/gnd/4127793-4"
"162"$"Tonk Schl 23"$"https://api.digitale-sammlungen.de/iiif/presentation/v2/bsb00137326/manifest"$"https://mdz-nbn-resolving.de/urn:nbn:de:bvb:12-bsb00137326-7"$"https://api.digitale-sammlungen.de/iiif/image/v2/bsb00137326_00003/full/280,/0/default.jpg"$"Komplett"$"Original"$"Thermographie"$"Einzelseite"$""$""$"Staats- und Stadtbibliothek Augsburg"$"https://d-nb.info/gnd/2022500-3"$"Augsburg"$"https://d-nb.info/gnd/4003614-5"$"Bayerische Staatsbibliothek"$"https://d-nb.info/gnd/2031351-2"$"München"$"https://d-nb.info/gnd/4127793-4"
"163"$"Tonk Schl 24"$"https://api.digitale-sammlungen.de/iiif/presentation/v2/bsb00134892/manifest"$"https://mdz-nbn-resolving.de/urn:nbn:de:bvb:12-bsb00134892-9"$"https://api.digitale-sammlungen.de/iiif/image/v2/bsb00134892_00003/full/280,/0/default.jpg"$"Komplett"$"Original"$"Standard"$"Einzelseite"$"2021"$"2021"$"Staats- und Stadtbibliothek Augsburg"$"https://d-nb.info/gnd/2022500-3"$"Augsburg"$"https://d-nb.info/gnd/4003614-5"$"Bayerische Staatsbibliothek"$"https://d-nb.info/gnd/2031351-2"$"München"$"https://d-nb.info/gnd/4127793-4"
"164"$"Tonk Schl 24"$"https://api.digitale-sammlungen.de/iiif/presentation/v2/bsb00139179/manifest"$"https://mdz-nbn-resolving.de/urn:nbn:de:bvb:12-bsb00139179-2"$"https://api.digitale-sammlungen.de/iiif/image/v2/bsb00139179_00003/full/280,/0/default.jpg"$"Komplett"$"Original"$"Thermographie"$"Einzelseite"$""$""$"Staats- und Stadtbibliothek Augsburg"$"https://d-nb.info/gnd/2022500-3"$"Augsburg"$"https://d-nb.info/gnd/4003614-5"$"Bayerische Staatsbibliothek"$"https://d-nb.info/gnd/2031351-2"$"München"$"https://d-nb.info/gnd/4127793-4"
"165"$"Tonk Schl 25"$"https://api.digitale-sammlungen.de/iiif/presentation/v2/bsb00134893/manifest"$"https://mdz-nbn-resolving.de/urn:nbn:de:bvb:12-bsb00134893-4"$"https://api.digitale-sammlungen.de/iiif/image/v2/bsb00134893_00003/full/280,/0/default.jpg"$"Komplett"$"Original"$"Standard"$"Einzelseite"$"2022"$"2022"$"Staats- und Stadtbibliothek Augsburg"$"https://d-nb.info/gnd/2022500-3"$"Augsburg"$"https://d-nb.info/gnd/4003614-5"$"Bayerische Staatsbibliothek"$"https://d-nb.info/gnd/2031351-2"$"München"$"https://d-nb.info/gnd/4127793-4"
"166"$"Tonk Schl 25"$"https://api.digitale-sammlungen.de/iiif/presentation/v2/bsb00141461/manifest"$"https://mdz-nbn-resolving.de/urn:nbn:de:bvb:12-bsb00141461-1"$"https://api.digitale-sammlungen.de/iiif/image/v2/bsb00141461_00003/full/280,/0/default.jpg"$"Komplett"$"Original"$"Thermographie"$"Einzelseite"$""$""$"Staats- und Stadtbibliothek Augsburg"$"https://d-nb.info/gnd/2022500-3"$"Augsburg"$"https://d-nb.info/gnd/4003614-5"$"Bayerische Staatsbibliothek"$"https://d-nb.info/gnd/2031351-2"$"München"$"https://d-nb.info/gnd/4127793-4"
"167"$"Tonk Schl 3"$"https://api.digitale-sammlungen.de/iiif/presentation/v2/bsb00134746/manifest"$"https://mdz-nbn-resolving.de/urn:nbn:de:bvb:12-bsb00134746-3"$"https://api.digitale-sammlungen.de/iiif/image/v2/bsb00134746_00003/full/280,/0/default.jpg"$"Komplett"$"Original"$"Standard"$"Einzelseite"$"2022"$"2022"$"Staats- und Stadtbibliothek Augsburg"$"https://d-nb.info/gnd/2022500-3"$"Augsburg"$"https://d-nb.info/gnd/4003614-5"$"Bayerische Staatsbibliothek"$"https://d-nb.info/gnd/2031351-2"$"München"$"https://d-nb.info/gnd/4127793-4"
"168"$"Tonk Schl 3"$"https://api.digitale-sammlungen.de/iiif/presentation/v2/bsb00139944/manifest"$"https://mdz-nbn-resolving.de/urn:nbn:de:bvb:12-bsb00139944-3"$"https://api.digitale-sammlungen.de/iiif/image/v2/bsb00139944_00003/full/280,/0/default.jpg"$"Komplett"$"Original"$"Thermographie"$"Einzelseite"$""$""$"Staats- und Stadtbibliothek Augsburg"$"https://d-nb.info/gnd/2022500-3"$"Augsburg"$"https://d-nb.info/gnd/4003614-5"$"Bayerische Staatsbibliothek"$"https://d-nb.info/gnd/2031351-2"$"München"$"https://d-nb.info/gnd/4127793-4"
"169"$"Tonk Schl 39"$"https://api.digitale-sammlungen.de/iiif/presentation/v2/bsb00134894/manifest"$"https://mdz-nbn-resolving.de/urn:nbn:de:bvb:12-bsb00134894-9"$"https://api.digitale-sammlungen.de/iiif/image/v2/bsb00134894_00003/full/280,/0/default.jpg"$"Komplett"$"Original"$"Standard"$"Einzelseite"$"2022"$"2022"$"Staats- und Stadtbibliothek Augsburg"$"https://d-nb.info/gnd/2022500-3"$"Augsburg"$"https://d-nb.info/gnd/4003614-5"$"Bayerische Staatsbibliothek"$"https://d-nb.info/gnd/2031351-2"$"München"$"https://d-nb.info/gnd/4127793-4"
"170"$"Tonk Schl 39"$"https://api.digitale-sammlungen.de/iiif/presentation/v2/bsb00138312/manifest"$"https://mdz-nbn-resolving.de/urn:nbn:de:bvb:12-bsb00138312-6"$"https://api.digitale-sammlungen.de/iiif/image/v2/bsb00138312_00003/full/280,/0/default.jpg"$"Komplett"$"Original"$"Thermographie"$"Einzelseite"$""$""$"Staats- und Stadtbibliothek Augsburg"$"https://d-nb.info/gnd/2022500-3"$"Augsburg"$"https://d-nb.info/gnd/4003614-5"$"Bayerische Staatsbibliothek"$"https://d-nb.info/gnd/2031351-2"$"München"$"https://d-nb.info/gnd/4127793-4"
"171"$"Tonk Schl 4"$"https://api.digitale-sammlungen.de/iiif/presentation/v2/bsb00134751/manifest"$"https://mdz-nbn-resolving.de/urn:nbn:de:bvb:12-bsb00134751-2"$"https://api.digitale-sammlungen.de/iiif/image/v2/bsb00134751_00003/full/280,/0/default.jpg"$"Komplett"$"Original"$"Standard"$"Einzelseite"$"2022"$"2022"$"Staats- und Stadtbibliothek Augsburg"$"https://d-nb.info/gnd/2022500-3"$"Augsburg"$"https://d-nb.info/gnd/4003614-5"$"Bayerische Staatsbibliothek"$"https://d-nb.info/gnd/2031351-2"$"München"$"https://d-nb.info/gnd/4127793-4"
"172"$"Tonk Schl 4"$"https://api.digitale-sammlungen.de/iiif/presentation/v2/bsb00138418/manifest"$"https://mdz-nbn-resolving.de/urn:nbn:de:bvb:12-bsb00138418-3"$"https://api.digitale-sammlungen.de/iiif/image/v2/bsb00138418_00003/full/280,/0/default.jpg"$"Komplett"$"Original"$"Thermographie"$"Einzelseite"$""$""$"Staats- und Stadtbibliothek Augsburg"$"https://d-nb.info/gnd/2022500-3"$"Augsburg"$"https://d-nb.info/gnd/4003614-5"$"Bayerische Staatsbibliothek"$"https://d-nb.info/gnd/2031351-2"$"München"$"https://d-nb.info/gnd/4127793-4"
"173"$"Tonk Schl 48"$"https://api.digitale-sammlungen.de/iiif/presentation/v2/bsb00134895/manifest"$"https://mdz-nbn-resolving.de/urn:nbn:de:bvb:12-bsb00134895-5"$"https://api.digitale-sammlungen.de/iiif/image/v2/bsb00134895_00003/full/280,/0/default.jpg"$"Komplett"$"Original"$"Standard"$"Einzelseite"$"2022"$"2022"$"Staats- und Stadtbibliothek Augsburg"$"https://d-nb.info/gnd/2022500-3"$"Augsburg"$"https://d-nb.info/gnd/4003614-5"$"Bayerische Staatsbibliothek"$"https://d-nb.info/gnd/2031351-2"$"München"$"https://d-nb.info/gnd/4127793-4"
"174"$"Tonk Schl 49"$"https://api.digitale-sammlungen.de/iiif/presentation/v2/bsb00134896/manifest"$"https://mdz-nbn-resolving.de/urn:nbn:de:bvb:12-bsb00134896-0"$"https://api.digitale-sammlungen.de/iiif/image/v2/bsb00134896_00003/full/280,/0/default.jpg"$"Komplett"$"Original"$"Standard"$"Einzelseite"$"2022"$"2022"$"Staats- und Stadtbibliothek Augsburg"$"https://d-nb.info/gnd/2022500-3"$"Augsburg"$"https://d-nb.info/gnd/4003614-5"$"Bayerische Staatsbibliothek"$"https://d-nb.info/gnd/2031351-2"$"München"$"https://d-nb.info/gnd/4127793-4"
"175"$"Tonk Schl 49"$"https://api.digitale-sammlungen.de/iiif/presentation/v2/bsb00141138/manifest"$"https://mdz-nbn-resolving.de/urn:nbn:de:bvb:12-bsb00141138-8"$"https://api.digitale-sammlungen.de/iiif/image/v2/bsb00141138_00002/full/280,/0/default.jpg"$"Komplett"$"Original"$"Thermographie"$"Einzelseite"$""$""$"Staats- und Stadtbibliothek Augsburg"$"https://d-nb.info/gnd/2022500-3"$"Augsburg"$"https://d-nb.info/gnd/4003614-5"$"Bayerische Staatsbibliothek"$"https://d-nb.info/gnd/2031351-2"$"München"$"https://d-nb.info/gnd/4127793-4"
"176"$"Tonk Schl 6"$"https://api.digitale-sammlungen.de/iiif/presentation/v2/bsb00134752/manifest"$"https://mdz-nbn-resolving.de/urn:nbn:de:bvb:12-bsb00134752-7"$"https://api.digitale-sammlungen.de/iiif/image/v2/bsb00134752_00003/full/280,/0/default.jpg"$"Komplett"$"Original"$"Standard"$"Einzelseite"$"2022"$"2022"$"Staats- und Stadtbibliothek Augsburg"$"https://d-nb.info/gnd/2022500-3"$"Augsburg"$"https://d-nb.info/gnd/4003614-5"$"Bayerische Staatsbibliothek"$"https://d-nb.info/gnd/2031351-2"$"München"$"https://d-nb.info/gnd/4127793-4"
"177"$"Tonk Schl 6"$"https://api.digitale-sammlungen.de/iiif/presentation/v2/bsb00138336/manifest"$"https://mdz-nbn-resolving.de/urn:nbn:de:bvb:12-bsb00138336-7"$"https://api.digitale-sammlungen.de/iiif/image/v2/bsb00138336_00003/full/280,/0/default.jpg"$"Komplett"$"Original"$"Thermographie"$"Einzelseite"$""$""$"Staats- und Stadtbibliothek Augsburg"$"https://d-nb.info/gnd/2022500-3"$"Augsburg"$"https://d-nb.info/gnd/4003614-5"$"Bayerische Staatsbibliothek"$"https://d-nb.info/gnd/2031351-2"$"München"$"https://d-nb.info/gnd/4127793-4"
"178"$"Tonk Schl 7"$"https://api.digitale-sammlungen.de/iiif/presentation/v2/bsb00134753/manifest"$"https://mdz-nbn-resolving.de/urn:nbn:de:bvb:12-bsb00134753-2"$"https://api.digitale-sammlungen.de/iiif/image/v2/bsb00134753_00003/full/280,/0/default.jpg"$"Komplett"$"Original"$"Standard"$"Einzelseite"$"2022"$"2022"$"Staats- und Stadtbibliothek Augsburg"$"https://d-nb.info/gnd/2022500-3"$"Augsburg"$"https://d-nb.info/gnd/4003614-5"$"Bayerische Staatsbibliothek"$"https://d-nb.info/gnd/2031351-2"$"München"$"https://d-nb.info/gnd/4127793-4"
"179"$"Tonk Schl 7"$"https://api.digitale-sammlungen.de/iiif/presentation/v2/bsb00142272/manifest"$"https://mdz-nbn-resolving.de/urn:nbn:de:bvb:12-bsb00142272-7"$"https://api.digitale-sammlungen.de/iiif/image/v2/bsb00142272_00002/full/280,/0/default.jpg"$"Komplett"$"Original"$"Thermographie"$"Einzelseite"$""$""$"Staats- und Stadtbibliothek Augsburg"$"https://d-nb.info/gnd/2022500-3"$"Augsburg"$"https://d-nb.info/gnd/4003614-5"$"Bayerische Staatsbibliothek"$"https://d-nb.info/gnd/2031351-2"$"München"$"https://d-nb.info/gnd/4127793-4"
"180"$"Tonk Schl 78"$"https://api.digitale-sammlungen.de/iiif/presentation/v2/bsb00134897/manifest"$"https://mdz-nbn-resolving.de/urn:nbn:de:bvb:12-bsb00134897-6"$"https://api.digitale-sammlungen.de/iiif/image/v2/bsb00134897_00003/full/280,/0/default.jpg"$"Komplett"$"Original"$"Standard"$"Einzelseite"$"2021"$"2021"$"Staats- und Stadtbibliothek Augsburg"$"https://d-nb.info/gnd/2022500-3"$"Augsburg"$"https://d-nb.info/gnd/4003614-5"$"Bayerische Staatsbibliothek"$"https://d-nb.info/gnd/2031351-2"$"München"$"https://d-nb.info/gnd/4127793-4"
"181"$"Tonk Schl 78"$"https://api.digitale-sammlungen.de/iiif/presentation/v2/bsb00138338/manifest"$"https://mdz-nbn-resolving.de/urn:nbn:de:bvb:12-bsb00138338-8"$"https://api.digitale-sammlungen.de/iiif/image/v2/bsb00138338_00002/full/280,/0/default.jpg"$"Komplett"$"Original"$"Thermographie"$"Einzelseite"$""$""$"Staats- und Stadtbibliothek Augsburg"$"https://d-nb.info/gnd/2022500-3"$"Augsburg"$"https://d-nb.info/gnd/4003614-5"$"Bayerische Staatsbibliothek"$"https://d-nb.info/gnd/2031351-2"$"München"$"https://d-nb.info/gnd/4127793-4"
"182"$"Tonk Schl 8"$"https://api.digitale-sammlungen.de/iiif/presentation/v2/bsb00134754/manifest"$"https://mdz-nbn-resolving.de/urn:nbn:de:bvb:12-bsb00134754-8"$"https://api.digitale-sammlungen.de/iiif/image/v2/bsb00134754_00003/full/280,/0/default.jpg"$"Komplett"$"Original"$"Standard"$"Einzelseite"$"2021"$"2021"$"Staats- und Stadtbibliothek Augsburg"$"https://d-nb.info/gnd/2022500-3"$"Augsburg"$"https://d-nb.info/gnd/4003614-5"$"Bayerische Staatsbibliothek"$"https://d-nb.info/gnd/2031351-2"$"München"$"https://d-nb.info/gnd/4127793-4"
"183"$"Tonk Schl 8"$"https://api.digitale-sammlungen.de/iiif/presentation/v2/bsb00137319/manifest"$"https://mdz-nbn-resolving.de/urn:nbn:de:bvb:12-bsb00137319-3"$"https://api.digitale-sammlungen.de/iiif/image/v2/bsb00137319_00003/full/280,/0/default.jpg"$"Komplett"$"Original"$"Thermographie"$"Einzelseite"$""$""$"Staats- und Stadtbibliothek Augsburg"$"https://d-nb.info/gnd/2022500-3"$"Augsburg"$"https://d-nb.info/gnd/4003614-5"$"Bayerische Staatsbibliothek"$"https://d-nb.info/gnd/2031351-2"$"München"$"https://d-nb.info/gnd/4127793-4"
"184"$"Tonk Schl 9"$"https://api.digitale-sammlungen.de/iiif/presentation/v2/bsb00134755/manifest"$"https://mdz-nbn-resolving.de/urn:nbn:de:bvb:12-bsb00134755-3"$"https://api.digitale-sammlungen.de/iiif/image/v2/bsb00134755_00003/full/280,/0/default.jpg"$"Komplett"$"Original"$"Standard"$"Einzelseite"$"2022"$"2022"$"Staats- und Stadtbibliothek Augsburg"$"https://d-nb.info/gnd/2022500-3"$"Augsburg"$"https://d-nb.info/gnd/4003614-5"$"Bayerische Staatsbibliothek"$"https://d-nb.info/gnd/2031351-2"$"München"$"https://d-nb.info/gnd/4127793-4"
"185"$"Tonk Schl 9"$"https://api.digitale-sammlungen.de/iiif/presentation/v2/bsb00139769/manifest"$"https://mdz-nbn-resolving.de/urn:nbn:de:bvb:12-bsb00139769-8"$"https://api.digitale-sammlungen.de/iiif/image/v2/bsb00139769_00001/full/280,/0/default.jpg"$"Komplett"$"Original"$"Thermographie"$"Einzelseite"$""$""$"Staats- und Stadtbibliothek Augsburg"$"https://d-nb.info/gnd/2022500-3"$"Augsburg"$"https://d-nb.info/gnd/4003614-5"$"Bayerische Staatsbibliothek"$"https://d-nb.info/gnd/2031351-2"$"München"$"https://d-nb.info/gnd/4127793-4"
"186"$"Tonk Schl 95"$"https://api.digitale-sammlungen.de/iiif/presentation/v2/bsb00134903/manifest"$"https://mdz-nbn-resolving.de/urn:nbn:de:bvb:12-bsb00134903-3"$"https://api.digitale-sammlungen.de/iiif/image/v2/bsb00134903_00003/full/280,/0/default.jpg"$"Komplett"$"Original"$"Standard"$"Einzelseite"$"2021"$"2021"$"Staats- und Stadtbibliothek Augsburg"$"https://d-nb.info/gnd/2022500-3"$"Augsburg"$"https://d-nb.info/gnd/4003614-5"$"Bayerische Staatsbibliothek"$"https://d-nb.info/gnd/2031351-2"$"München"$"https://d-nb.info/gnd/4127793-4"
"187"$"Tonk Schl 95"$"https://api.digitale-sammlungen.de/iiif/presentation/v2/bsb00138154/manifest"$"https://mdz-nbn-resolving.de/urn:nbn:de:bvb:12-bsb00138154-7"$"https://api.digitale-sammlungen.de/iiif/image/v2/bsb00138154_00003/full/280,/0/default.jpg"$"Komplett"$"Original"$"Thermographie"$"Einzelseite"$""$""$"Staats- und Stadtbibliothek Augsburg"$"https://d-nb.info/gnd/2022500-3"$"Augsburg"$"https://d-nb.info/gnd/4003614-5"$"Bayerische Staatsbibliothek"$"https://d-nb.info/gnd/2031351-2"$"München"$"https://d-nb.info/gnd/4127793-4"
"188"$"Tonk Schl 96"$"https://api.digitale-sammlungen.de/iiif/presentation/v2/bsb00134904/manifest"$"https://mdz-nbn-resolving.de/urn:nbn:de:bvb:12-bsb00134904-8"$"https://api.digitale-sammlungen.de/iiif/image/v2/bsb00134904_00003/full/280,/0/default.jpg"$"Komplett"$"Original"$"Standard"$"Einzelseite"$"2021"$"2021"$"Staats- und Stadtbibliothek Augsburg"$"https://d-nb.info/gnd/2022500-3"$"Augsburg"$"https://d-nb.info/gnd/4003614-5"$"Bayerische Staatsbibliothek"$"https://d-nb.info/gnd/2031351-2"$"München"$"https://d-nb.info/gnd/4127793-4"
"189"$"Tonk Schl 96"$"https://api.digitale-sammlungen.de/iiif/presentation/v2/bsb00139546/manifest"$"https://mdz-nbn-resolving.de/urn:nbn:de:bvb:12-bsb00139546-6"$"https://api.digitale-sammlungen.de/iiif/image/v2/bsb00139546_00003/full/280,/0/default.jpg"$"Komplett"$"Original"$"Thermographie"$"Einzelseite"$""$""$"Staats- und Stadtbibliothek Augsburg"$"https://d-nb.info/gnd/2022500-3"$"Augsburg"$"https://d-nb.info/gnd/4003614-5"$"Bayerische Staatsbibliothek"$"https://d-nb.info/gnd/2031351-2"$"München"$"https://d-nb.info/gnd/4127793-4"