"1"$"Qu. Cod. 100"$"https://opendata.uni-halle.de//json/iiif/1981185920/34921/e227b371-a7c1-4fde-a9d5-51690fe97f33/manifest"$"https://opendata.uni-halle.de//handle/1981185920/34921"$"https://opendata.uni-halle.de//iiif-imgsrv/2449e110-6496-4754-8fdb-4a5ada9ef02d/!0!56!25!66!56256663823944337616723146154080948930/full/,200/0/default.jpg"$"Komplett"$"Original"$"Standard"$"Einzelseite"$""$"2020"$"Universitäts- und Landesbibliothek Sachsen-Anhalt"$"http://d-nb.info/gnd/2024680-8"$"Halle (Saale)"$"http://d-nb.info/gnd/4023025-9"$"Universitäts- und Landesbibliothek Sachsen-Anhalt"$"http://d-nb.info/gnd/2024680-8"$"Halle (Saale)"$"http://d-nb.info/gnd/4023025-9"
"2"$"Qu. Cod. 101"$"https://opendata.uni-halle.de//json/iiif/1981185920/34068/1193c60b-5233-4d29-8103-7a0d47b596ed/manifest"$"https://opendata.uni-halle.de//handle/1981185920/34068"$"https://opendata.uni-halle.de//iiif-imgsrv/1c9fbee5-5b5c-4598-9c36-8afbb35d6583/!0!20!19!22!20192232562907542422248154728583383879/full/,200/0/default.jpg"$"Komplett"$"Original"$"Standard"$"Einzelseite"$""$"2020"$"Universitäts- und Landesbibliothek Sachsen-Anhalt"$"http://d-nb.info/gnd/2024680-8"$"Halle (Saale)"$"http://d-nb.info/gnd/4023025-9"$"Universitäts- und Landesbibliothek Sachsen-Anhalt"$"http://d-nb.info/gnd/2024680-8"$"Halle (Saale)"$"http://d-nb.info/gnd/4023025-9"
"3"$"Qu. Cod. 102"$"https://opendata.uni-halle.de//json/iiif/1981185920/34900/4802e252-3063-4727-b698-bb0497bb87bb/manifest"$"https://opendata.uni-halle.de//handle/1981185920/34900"$"https://opendata.uni-halle.de//iiif-imgsrv/3ff6c1c6-5430-4cce-9db8-f33a14413146/!0!17!06!15!17061535724466922266005719538829998577/full/,200/0/default.jpg"$"Komplett"$"Original"$"Standard"$"Einzelseite"$""$"2020"$"Universitäts- und Landesbibliothek Sachsen-Anhalt"$"http://d-nb.info/gnd/2024680-8"$"Halle (Saale)"$"http://d-nb.info/gnd/4023025-9"$"Universitäts- und Landesbibliothek Sachsen-Anhalt"$"http://d-nb.info/gnd/2024680-8"$"Halle (Saale)"$"http://d-nb.info/gnd/4023025-9"
"4"$"Qu. Cod. 103"$"https://opendata.uni-halle.de//json/iiif/1981185920/34803/4831dc03-40ca-4c07-8f5c-e92527f33cda/manifest"$"https://opendata.uni-halle.de//handle/1981185920/34803"$"https://opendata.uni-halle.de//iiif-imgsrv/5215d942-34e3-49ed-8909-abbf3950d1d1/!0!20!14!22!20142242595395976692188738559252770511/full/,200/0/default.jpg"$"Komplett"$"Original"$"Standard"$"Einzelseite"$""$"2020"$"Universitäts- und Landesbibliothek Sachsen-Anhalt"$"http://d-nb.info/gnd/2024680-8"$"Halle (Saale)"$"http://d-nb.info/gnd/4023025-9"$"Universitäts- und Landesbibliothek Sachsen-Anhalt"$"http://d-nb.info/gnd/2024680-8"$"Halle (Saale)"$"http://d-nb.info/gnd/4023025-9"
"5"$"Qu. Cod. 104"$"https://opendata.uni-halle.de//json/iiif/1981185920/36177/9b398c53-f883-4895-a1f9-6ace7438e7a1/manifest"$"https://opendata.uni-halle.de//handle/1981185920/36177"$"https://opendata.uni-halle.de//iiif-imgsrv/a224d138-a0c7-4318-870b-dacb5d62e395/!0!85!23!54!85235469482900670810870536812366320588/full/,200/0/default.jpg"$"Komplett"$"Original"$"Standard"$"Einzelseite"$""$"2021"$"Universitäts- und Landesbibliothek Sachsen-Anhalt"$"http://d-nb.info/gnd/2024680-8"$"Halle (Saale)"$"http://d-nb.info/gnd/4023025-9"$"Universitäts- und Landesbibliothek Sachsen-Anhalt"$"http://d-nb.info/gnd/2024680-8"$"Halle (Saale)"$"http://d-nb.info/gnd/4023025-9"
"6"$"Qu. Cod. 105"$"https://opendata.uni-halle.de//json/iiif/1981185920/34417/b446873f-c3f3-42ef-903e-ca01f6a211e4/manifest"$"https://opendata.uni-halle.de//handle/1981185920/34417"$"https://opendata.uni-halle.de//iiif-imgsrv/07dc873e-4b55-4d80-b9ad-5c6a302645e6/!0!71!89!25!71892578811715029293125308059558371796/full/,200/0/default.jpg"$"Komplett"$"Original"$"Standard"$"Einzelseite"$""$"2020"$"Universitäts- und Landesbibliothek Sachsen-Anhalt"$"http://d-nb.info/gnd/2024680-8"$"Halle (Saale)"$"http://d-nb.info/gnd/4023025-9"$"Universitäts- und Landesbibliothek Sachsen-Anhalt"$"http://d-nb.info/gnd/2024680-8"$"Halle (Saale)"$"http://d-nb.info/gnd/4023025-9"
"7"$"Qu. Cod. 106"$"https://opendata.uni-halle.de//json/iiif/1981185920/34823/75ed2e49-b6cd-400e-b007-7344441f710e/manifest"$"https://opendata.uni-halle.de//handle/1981185920/34823"$"https://opendata.uni-halle.de//iiif-imgsrv/02c7d90e-b009-4242-aceb-e9bf806ebc2e/!0!11!10!15!111015369301852111661016401855139032914/full/,200/0/default.jpg"$"Komplett"$"Original"$"Standard"$"Einzelseite"$""$"2020"$"Universitäts- und Landesbibliothek Sachsen-Anhalt"$"http://d-nb.info/gnd/2024680-8"$"Halle (Saale)"$"http://d-nb.info/gnd/4023025-9"$"Universitäts- und Landesbibliothek Sachsen-Anhalt"$"http://d-nb.info/gnd/2024680-8"$"Halle (Saale)"$"http://d-nb.info/gnd/4023025-9"
"8"$"Qu. Cod. 107"$"https://opendata.uni-halle.de//json/iiif/1981185920/36292/69c7b9e9-b34a-41e1-a633-ea489f244455/manifest"$"https://opendata.uni-halle.de//handle/1981185920/36292"$"https://opendata.uni-halle.de//iiif-imgsrv/2add551a-c8f6-4951-a8fe-4896eb26d2f9/!0!73!14!44!7314445458604585156316960844618206454/full/,200/0/default.jpg"$"Komplett"$"Original"$"Standard"$"Einzelseite"$""$"2021"$"Universitäts- und Landesbibliothek Sachsen-Anhalt"$"http://d-nb.info/gnd/2024680-8"$"Halle (Saale)"$"http://d-nb.info/gnd/4023025-9"$"Universitäts- und Landesbibliothek Sachsen-Anhalt"$"http://d-nb.info/gnd/2024680-8"$"Halle (Saale)"$"http://d-nb.info/gnd/4023025-9"
"9"$"Qu. Cod. 108"$"https://opendata.uni-halle.de//json/iiif/1981185920/34655/cead570c-f54b-49f8-88a1-09f0dbe63f43/manifest"$"https://opendata.uni-halle.de//handle/1981185920/34655"$"https://opendata.uni-halle.de//iiif-imgsrv/55d82ad2-efd4-491f-a479-0f566f265e53/!0!12!89!10!128910869708269038560513722949515030158/full/,200/0/default.jpg"$"Komplett"$"Original"$"Standard"$"Einzelseite"$""$"2020"$"Universitäts- und Landesbibliothek Sachsen-Anhalt"$"http://d-nb.info/gnd/2024680-8"$"Halle (Saale)"$"http://d-nb.info/gnd/4023025-9"$"Universitäts- und Landesbibliothek Sachsen-Anhalt"$"http://d-nb.info/gnd/2024680-8"$"Halle (Saale)"$"http://d-nb.info/gnd/4023025-9"
"10"$"Qu. Cod. 111"$"https://opendata.uni-halle.de//json/iiif/1981185920/34015/6b28ddb0-d7b9-4840-ab26-5c0e7b9f816a/manifest"$"https://opendata.uni-halle.de//handle/1981185920/34015"$"https://opendata.uni-halle.de//iiif-imgsrv/1a5d7e5f-215a-4a3b-9e9b-ef551abb46e5/!0!11!46!69!114669192733741919353003987852075972202/full/,200/0/default.jpg"$"Komplett"$"Original"$"Standard"$"Einzelseite"$""$"2020"$"Universitäts- und Landesbibliothek Sachsen-Anhalt"$"http://d-nb.info/gnd/2024680-8"$"Halle (Saale)"$"http://d-nb.info/gnd/4023025-9"$"Universitäts- und Landesbibliothek Sachsen-Anhalt"$"http://d-nb.info/gnd/2024680-8"$"Halle (Saale)"$"http://d-nb.info/gnd/4023025-9"
"11"$"Qu. Cod. 112"$"https://opendata.uni-halle.de//json/iiif/1981185920/35002/d610e4ab-848e-4880-830a-74c687f2c81b/manifest"$"https://opendata.uni-halle.de//handle/1981185920/35002"$"https://opendata.uni-halle.de//iiif-imgsrv/63607eea-d5b8-4c70-aa0c-7392f1c917ed/!0!62!16!93!62169373006910865994528998180978299021/full/,200/0/default.jpg"$"Komplett"$"Original"$"Standard"$"Einzelseite"$""$"2020"$"Universitäts- und Landesbibliothek Sachsen-Anhalt"$"http://d-nb.info/gnd/2024680-8"$"Halle (Saale)"$"http://d-nb.info/gnd/4023025-9"$"Universitäts- und Landesbibliothek Sachsen-Anhalt"$"http://d-nb.info/gnd/2024680-8"$"Halle (Saale)"$"http://d-nb.info/gnd/4023025-9"
"12"$"Qu. Cod. 114"$"https://opendata.uni-halle.de//json/iiif/1981185920/34727/2c67d437-9022-45a1-a847-2be49a5b4e94/manifest"$"https://opendata.uni-halle.de//handle/1981185920/34727"$"https://opendata.uni-halle.de//iiif-imgsrv/2cf93fca-785f-4948-8e20-83ebc0b72425/!0!15!62!58!156258135666834055058538841614621130558/full/,200/0/default.jpg"$"Komplett"$"Original"$"Standard"$"Einzelseite"$""$"2020"$"Universitäts- und Landesbibliothek Sachsen-Anhalt"$"http://d-nb.info/gnd/2024680-8"$"Halle (Saale)"$"http://d-nb.info/gnd/4023025-9"$"Universitäts- und Landesbibliothek Sachsen-Anhalt"$"http://d-nb.info/gnd/2024680-8"$"Halle (Saale)"$"http://d-nb.info/gnd/4023025-9"
"13"$"Qu. Cod. 115"$"https://opendata.uni-halle.de//json/iiif/1981185920/34936/71a491bb-999b-496a-870b-ea3bcd0cd291/manifest"$"https://opendata.uni-halle.de//handle/1981185920/34936"$"https://opendata.uni-halle.de//iiif-imgsrv/fd5254b2-1034-4339-87f1-023c693de16e/!0!15!77!68!157768042289551576820179636653650943500/full/,200/0/default.jpg"$"Komplett"$"Original"$"Standard"$"Einzelseite"$""$"2020"$"Universitäts- und Landesbibliothek Sachsen-Anhalt"$"http://d-nb.info/gnd/2024680-8"$"Halle (Saale)"$"http://d-nb.info/gnd/4023025-9"$"Universitäts- und Landesbibliothek Sachsen-Anhalt"$"http://d-nb.info/gnd/2024680-8"$"Halle (Saale)"$"http://d-nb.info/gnd/4023025-9"
"14"$"Qu. Cod. 115, Fragment 1 a/b"$"https://opendata.uni-halle.de//json/iiif/1981185920/34556/3f65d654-8f62-4b3a-b140-272b087ce80b/manifest"$"https://opendata.uni-halle.de//handle/1981185920/34556"$"https://opendata.uni-halle.de//iiif-imgsrv/391205f1-dd28-447a-a597-58207495326d/!0!39!58!80!3958806904449215489950396977059385619/full/,200/0/default.jpg"$"Komplett"$"Original"$"Standard"$"Einzelseite"$""$"2020"$"Universitäts- und Landesbibliothek Sachsen-Anhalt"$"http://d-nb.info/gnd/2024680-8"$"Halle (Saale)"$"http://d-nb.info/gnd/4023025-9"$"Universitäts- und Landesbibliothek Sachsen-Anhalt"$"http://d-nb.info/gnd/2024680-8"$"Halle (Saale)"$"http://d-nb.info/gnd/4023025-9"
"15"$"Qu. Cod. 116"$"https://opendata.uni-halle.de//json/iiif/1981185920/35041/228b6dc0-cfd4-4b67-a67c-c427a7b34291/manifest"$"https://opendata.uni-halle.de//handle/1981185920/35041"$"https://opendata.uni-halle.de//iiif-imgsrv/5e83b9e3-4a7a-42a4-ac8b-b49db4b0b944/!0!62!73!11!62731195182900678001599112978911168998/full/,200/0/default.jpg"$"Komplett"$"Original"$"Standard"$"Einzelseite"$""$"2020"$"Universitäts- und Landesbibliothek Sachsen-Anhalt"$"http://d-nb.info/gnd/2024680-8"$"Halle (Saale)"$"http://d-nb.info/gnd/4023025-9"$"Universitäts- und Landesbibliothek Sachsen-Anhalt"$"http://d-nb.info/gnd/2024680-8"$"Halle (Saale)"$"http://d-nb.info/gnd/4023025-9"
"16"$"Qu. Cod. 117"$"https://opendata.uni-halle.de//json/iiif/1981185920/35027/493c70db-0975-4da1-ae3e-e61fe9d9ea32/manifest"$"https://opendata.uni-halle.de//handle/1981185920/35027"$"https://opendata.uni-halle.de//iiif-imgsrv/6b47cd6a-0ba3-4fbe-abbf-64670541b934/!0!20!97!77!20977757260154348555449466386535694104/full/,200/0/default.jpg"$"Komplett"$"Original"$"Standard"$"Einzelseite"$""$"2020"$"Universitäts- und Landesbibliothek Sachsen-Anhalt"$"http://d-nb.info/gnd/2024680-8"$"Halle (Saale)"$"http://d-nb.info/gnd/4023025-9"$"Universitäts- und Landesbibliothek Sachsen-Anhalt"$"http://d-nb.info/gnd/2024680-8"$"Halle (Saale)"$"http://d-nb.info/gnd/4023025-9"
"17"$"Qu. Cod. 118"$"https://opendata.uni-halle.de//json/iiif/1981185920/34935/b02643a4-db55-4c77-a2c2-60951badf394/manifest"$"https://opendata.uni-halle.de//handle/1981185920/34935"$"https://opendata.uni-halle.de//iiif-imgsrv/028faa95-9d71-4214-bf3a-e1c15b8c458a/!0!14!29!23!142923171992132733072482929214286424458/full/,200/0/default.jpg"$"Komplett"$"Original"$"Standard"$"Einzelseite"$""$"2020"$"Universitäts- und Landesbibliothek Sachsen-Anhalt"$"http://d-nb.info/gnd/2024680-8"$"Halle (Saale)"$"http://d-nb.info/gnd/4023025-9"$"Universitäts- und Landesbibliothek Sachsen-Anhalt"$"http://d-nb.info/gnd/2024680-8"$"Halle (Saale)"$"http://d-nb.info/gnd/4023025-9"
"18"$"Qu. Cod. 120"$"https://opendata.uni-halle.de//json/iiif/1981185920/35462/d6b8f8b6-6b14-4a21-9f3a-43ea0f86d12b/manifest"$"https://opendata.uni-halle.de//handle/1981185920/35462"$"https://opendata.uni-halle.de//iiif-imgsrv/f4499c89-22ff-49e9-a098-3638114b2475/!0!12!09!57!120957796778323453347320201252314313406/full/,200/0/default.jpg"$"Komplett"$"Original"$"Standard"$"Einzelseite"$""$"2020"$"Universitäts- und Landesbibliothek Sachsen-Anhalt"$"http://d-nb.info/gnd/2024680-8"$"Halle (Saale)"$"http://d-nb.info/gnd/4023025-9"$"Universitäts- und Landesbibliothek Sachsen-Anhalt"$"http://d-nb.info/gnd/2024680-8"$"Halle (Saale)"$"http://d-nb.info/gnd/4023025-9"
"19"$"Qu. Cod. 121"$"https://opendata.uni-halle.de//json/iiif/1981185920/34661/0ec82e3b-7fc8-45b6-8241-def829dd3be1/manifest"$"https://opendata.uni-halle.de//handle/1981185920/34661"$"https://opendata.uni-halle.de//iiif-imgsrv/179829b4-1b04-4248-8d41-c6267fc1b5ff/!0!98!90!53!98905381149035422735560738564535754609/full/,200/0/default.jpg"$"Komplett"$"Original"$"Standard"$"Einzelseite"$""$"2020"$"Universitäts- und Landesbibliothek Sachsen-Anhalt"$"http://d-nb.info/gnd/2024680-8"$"Halle (Saale)"$"http://d-nb.info/gnd/4023025-9"$"Universitäts- und Landesbibliothek Sachsen-Anhalt"$"http://d-nb.info/gnd/2024680-8"$"Halle (Saale)"$"http://d-nb.info/gnd/4023025-9"
"20"$"Qu. Cod. 122"$"https://opendata.uni-halle.de//json/iiif/1981185920/35031/891cb372-59fa-48fd-9703-1895273f4e73/manifest"$"https://opendata.uni-halle.de//handle/1981185920/35031"$"https://opendata.uni-halle.de//iiif-imgsrv/0c42419e-3fd1-455d-9341-133905dc5497/!0!34!81!34!3481349315908090347118491155594119222/full/,200/0/default.jpg"$"Komplett"$"Original"$"Standard"$"Einzelseite"$""$"2020"$"Universitäts- und Landesbibliothek Sachsen-Anhalt"$"http://d-nb.info/gnd/2024680-8"$"Halle (Saale)"$"http://d-nb.info/gnd/4023025-9"$"Universitäts- und Landesbibliothek Sachsen-Anhalt"$"http://d-nb.info/gnd/2024680-8"$"Halle (Saale)"$"http://d-nb.info/gnd/4023025-9"
"21"$"Qu. Cod. 123"$"https://opendata.uni-halle.de//json/iiif/1981185920/36293/3a2410c4-ce7e-44cf-86cf-c98df7309a57/manifest"$"https://opendata.uni-halle.de//handle/1981185920/36293"$"https://opendata.uni-halle.de//iiif-imgsrv/62796fdc-ad76-4839-b0f8-a48d1a12a8d7/!0!18!64!12!18641276031721555210836692553572061215/full/,200/0/default.jpg"$"Komplett"$"Original"$"Standard"$"Einzelseite"$""$"2021"$"Universitäts- und Landesbibliothek Sachsen-Anhalt"$"http://d-nb.info/gnd/2024680-8"$"Halle (Saale)"$"http://d-nb.info/gnd/4023025-9"$"Universitäts- und Landesbibliothek Sachsen-Anhalt"$"http://d-nb.info/gnd/2024680-8"$"Halle (Saale)"$"http://d-nb.info/gnd/4023025-9"
"22"$"Qu. Cod. 124"$"https://opendata.uni-halle.de//json/iiif/1981185920/34696/86d99fab-d4bc-4f5f-a802-e115709e1591/manifest"$"https://opendata.uni-halle.de//handle/1981185920/34696"$"https://opendata.uni-halle.de//iiif-imgsrv/b72f545c-7711-488a-8834-99c4d1ffa1bb/!0!81!12!80!81128032004114044332357535481730629602/full/,200/0/default.jpg"$"Komplett"$"Original"$"Standard"$"Einzelseite"$""$"2020"$"Universitäts- und Landesbibliothek Sachsen-Anhalt"$"http://d-nb.info/gnd/2024680-8"$"Halle (Saale)"$"http://d-nb.info/gnd/4023025-9"$"Universitäts- und Landesbibliothek Sachsen-Anhalt"$"http://d-nb.info/gnd/2024680-8"$"Halle (Saale)"$"http://d-nb.info/gnd/4023025-9"
"23"$"Qu. Cod. 125"$"https://opendata.uni-halle.de//json/iiif/1981185920/34134/02f9d048-0a66-4319-8811-80b5ece1ddff/manifest"$"https://opendata.uni-halle.de//handle/1981185920/34134"$"https://opendata.uni-halle.de//iiif-imgsrv/f3427f3d-e9f1-4e02-80b3-1c56c6858a81/!0!26!66!32!2666320279959017687995960789568518619/full/,200/0/default.jpg"$"Komplett"$"Original"$"Standard"$"Einzelseite"$""$"2020"$"Universitäts- und Landesbibliothek Sachsen-Anhalt"$"http://d-nb.info/gnd/2024680-8"$"Halle (Saale)"$"http://d-nb.info/gnd/4023025-9"$"Universitäts- und Landesbibliothek Sachsen-Anhalt"$"http://d-nb.info/gnd/2024680-8"$"Halle (Saale)"$"http://d-nb.info/gnd/4023025-9"
"24"$"Qu. Cod. 127"$"https://opendata.uni-halle.de//json/iiif/1981185920/34630/6e18f138-33bd-4f99-b4d6-b5b4b40de875/manifest"$"https://opendata.uni-halle.de//handle/1981185920/34630"$"https://opendata.uni-halle.de//iiif-imgsrv/7b80cc01-d474-4686-9065-60ec0765804a/!0!13!06!67!130667627574171265532576414967779994482/full/,200/0/default.jpg"$"Komplett"$"Original"$"Standard"$"Einzelseite"$""$"2020"$"Universitäts- und Landesbibliothek Sachsen-Anhalt"$"http://d-nb.info/gnd/2024680-8"$"Halle (Saale)"$"http://d-nb.info/gnd/4023025-9"$"Universitäts- und Landesbibliothek Sachsen-Anhalt"$"http://d-nb.info/gnd/2024680-8"$"Halle (Saale)"$"http://d-nb.info/gnd/4023025-9"
"25"$"Qu. Cod. 128"$"https://opendata.uni-halle.de//json/iiif/1981185920/34922/fb618581-f819-4cf5-9328-10c8dde8e407/manifest"$"https://opendata.uni-halle.de//handle/1981185920/34922"$"https://opendata.uni-halle.de//iiif-imgsrv/90089ca5-878d-40cf-b2e6-6659b56f9407/!0!31!20!77!31207773286711583331372198246441335080/full/,200/0/default.jpg"$"Komplett"$"Original"$"Standard"$"Einzelseite"$""$"2020"$"Universitäts- und Landesbibliothek Sachsen-Anhalt"$"http://d-nb.info/gnd/2024680-8"$"Halle (Saale)"$"http://d-nb.info/gnd/4023025-9"$"Universitäts- und Landesbibliothek Sachsen-Anhalt"$"http://d-nb.info/gnd/2024680-8"$"Halle (Saale)"$"http://d-nb.info/gnd/4023025-9"
"26"$"Qu. Cod. 129"$"https://opendata.uni-halle.de//json/iiif/1981185920/35391/6031ec72-eaf8-49c8-8dcb-cb9c81e911a0/manifest"$"https://opendata.uni-halle.de//handle/1981185920/35391"$"https://opendata.uni-halle.de//iiif-imgsrv/f91fbd14-17df-4f41-b699-0d94b23ecb86/!0!35!23!44!35234406992802777946371652167223393526/full/,200/0/default.jpg"$"Komplett"$"Original"$"Standard"$"Einzelseite"$""$"2020"$"Universitäts- und Landesbibliothek Sachsen-Anhalt"$"http://d-nb.info/gnd/2024680-8"$"Halle (Saale)"$"http://d-nb.info/gnd/4023025-9"$"Universitäts- und Landesbibliothek Sachsen-Anhalt"$"http://d-nb.info/gnd/2024680-8"$"Halle (Saale)"$"http://d-nb.info/gnd/4023025-9"
"27"$"Qu. Cod. 130"$"https://opendata.uni-halle.de//json/iiif/1981185920/34602/14971c73-90d7-4464-b4ce-d77047fde3ac/manifest"$"https://opendata.uni-halle.de//handle/1981185920/34602"$"https://opendata.uni-halle.de//iiif-imgsrv/f0cb8af8-abd8-47d9-996f-43f2824668ac/!0!28!79!92!28799224263133147848149832115636944867/full/,200/0/default.jpg"$"Komplett"$"Original"$"Standard"$"Einzelseite"$""$"2020"$"Universitäts- und Landesbibliothek Sachsen-Anhalt"$"http://d-nb.info/gnd/2024680-8"$"Halle (Saale)"$"http://d-nb.info/gnd/4023025-9"$"Universitäts- und Landesbibliothek Sachsen-Anhalt"$"http://d-nb.info/gnd/2024680-8"$"Halle (Saale)"$"http://d-nb.info/gnd/4023025-9"
"28"$"Qu. Cod. 131"$"https://opendata.uni-halle.de//json/iiif/1981185920/35240/55b9e6bb-4ae0-4669-b1dc-ffaa6cde661c/manifest"$"https://opendata.uni-halle.de//handle/1981185920/35240"$"https://opendata.uni-halle.de//iiif-imgsrv/31d44883-ac10-472f-9397-2db10975d383/!0!63!19!06!6319065631155840513768064709152916312/full/,200/0/default.jpg"$"Komplett"$"Original"$"Standard"$"Einzelseite"$""$"2020"$"Universitäts- und Landesbibliothek Sachsen-Anhalt"$"http://d-nb.info/gnd/2024680-8"$"Halle (Saale)"$"http://d-nb.info/gnd/4023025-9"$"Universitäts- und Landesbibliothek Sachsen-Anhalt"$"http://d-nb.info/gnd/2024680-8"$"Halle (Saale)"$"http://d-nb.info/gnd/4023025-9"
"29"$"Qu. Cod. 132"$"https://opendata.uni-halle.de//json/iiif/1981185920/34757/3e2a86fd-8e49-4555-8bac-7b1da521570c/manifest"$"https://opendata.uni-halle.de//handle/1981185920/34757"$"https://opendata.uni-halle.de//iiif-imgsrv/c28a5882-e53c-47da-991a-5939168c16ba/!0!94!51!76!94517626751470248319345365782656803234/full/,200/0/default.jpg"$"Komplett"$"Original"$"Standard"$"Einzelseite"$""$"2020"$"Universitäts- und Landesbibliothek Sachsen-Anhalt"$"http://d-nb.info/gnd/2024680-8"$"Halle (Saale)"$"http://d-nb.info/gnd/4023025-9"$"Universitäts- und Landesbibliothek Sachsen-Anhalt"$"http://d-nb.info/gnd/2024680-8"$"Halle (Saale)"$"http://d-nb.info/gnd/4023025-9"
"30"$"Qu. Cod. 133"$"https://opendata.uni-halle.de//json/iiif/1981185920/34697/911935bb-f6e5-4ffd-a8ad-f1956703a9fd/manifest"$"https://opendata.uni-halle.de//handle/1981185920/34697"$"https://opendata.uni-halle.de//iiif-imgsrv/667bff2e-1cd5-48dd-a7c7-5d29e1f08010/!0!16!24!65!162465850266330847371144859078248768206/full/,200/0/default.jpg"$"Komplett"$"Original"$"Standard"$"Einzelseite"$""$"2020"$"Universitäts- und Landesbibliothek Sachsen-Anhalt"$"http://d-nb.info/gnd/2024680-8"$"Halle (Saale)"$"http://d-nb.info/gnd/4023025-9"$"Universitäts- und Landesbibliothek Sachsen-Anhalt"$"http://d-nb.info/gnd/2024680-8"$"Halle (Saale)"$"http://d-nb.info/gnd/4023025-9"
"31"$"Qu. Cod. 134"$"https://opendata.uni-halle.de//json/iiif/1981185920/36234/f0257fac-6372-46e3-87b0-643ed87054e5/manifest"$"https://opendata.uni-halle.de//handle/1981185920/36234"$"https://opendata.uni-halle.de//iiif-imgsrv/069f7a5d-1df3-4106-b437-634ffd914488/!0!11!42!30!114230502941425461872225300451371588336/full/,200/0/default.jpg"$"Komplett"$"Original"$"Standard"$"Einzelseite"$""$"2021"$"Universitäts- und Landesbibliothek Sachsen-Anhalt"$"http://d-nb.info/gnd/2024680-8"$"Halle (Saale)"$"http://d-nb.info/gnd/4023025-9"$"Universitäts- und Landesbibliothek Sachsen-Anhalt"$"http://d-nb.info/gnd/2024680-8"$"Halle (Saale)"$"http://d-nb.info/gnd/4023025-9"
"32"$"Qu. Cod. 135"$"https://opendata.uni-halle.de//json/iiif/1981185920/35070/e673bd41-f796-41d9-b922-6122241fe2da/manifest"$"https://opendata.uni-halle.de//handle/1981185920/35070"$"https://opendata.uni-halle.de//iiif-imgsrv/2e44f507-3d7a-45bb-918f-8fe863b8024f/!0!23!93!42!23934276177172647761162280974258728106/full/,200/0/default.jpg"$"Komplett"$"Original"$"Standard"$"Einzelseite"$""$"2020"$"Universitäts- und Landesbibliothek Sachsen-Anhalt"$"http://d-nb.info/gnd/2024680-8"$"Halle (Saale)"$"http://d-nb.info/gnd/4023025-9"$"Universitäts- und Landesbibliothek Sachsen-Anhalt"$"http://d-nb.info/gnd/2024680-8"$"Halle (Saale)"$"http://d-nb.info/gnd/4023025-9"
"33"$"Qu. Cod. 136"$"https://opendata.uni-halle.de//json/iiif/1981185920/35176/4e3db9aa-e679-4e00-85bb-476a9705daa9/manifest"$"https://opendata.uni-halle.de//handle/1981185920/35176"$"https://opendata.uni-halle.de//iiif-imgsrv/6fb0d34a-c3c9-49e2-9f71-3329ded2b3c8/!0!16!44!40!164440012815530532124492697669636273885/full/,200/0/default.jpg"$"Komplett"$"Original"$"Standard"$"Einzelseite"$""$"2020"$"Universitäts- und Landesbibliothek Sachsen-Anhalt"$"http://d-nb.info/gnd/2024680-8"$"Halle (Saale)"$"http://d-nb.info/gnd/4023025-9"$"Universitäts- und Landesbibliothek Sachsen-Anhalt"$"http://d-nb.info/gnd/2024680-8"$"Halle (Saale)"$"http://d-nb.info/gnd/4023025-9"
"34"$"Qu. Cod. 137"$"https://opendata.uni-halle.de//json/iiif/1981185920/34961/5cc46b79-6d15-4ea0-b039-b05ca29bd12a/manifest"$"https://opendata.uni-halle.de//handle/1981185920/34961"$"https://opendata.uni-halle.de//iiif-imgsrv/c1f50e99-d6e4-46a8-9bd0-8149f06988e8/!0!21!76!18!21761824643816415024164447060768740611/full/,200/0/default.jpg"$"Komplett"$"Original"$"Standard"$"Einzelseite"$""$"2020"$"Universitäts- und Landesbibliothek Sachsen-Anhalt"$"http://d-nb.info/gnd/2024680-8"$"Halle (Saale)"$"http://d-nb.info/gnd/4023025-9"$"Universitäts- und Landesbibliothek Sachsen-Anhalt"$"http://d-nb.info/gnd/2024680-8"$"Halle (Saale)"$"http://d-nb.info/gnd/4023025-9"
"35"$"Qu. Cod. 139"$"https://opendata.uni-halle.de//json/iiif/1981185920/34962/384308a4-4cc4-41c5-96d3-2c7a0ee5c9a9/manifest"$"https://opendata.uni-halle.de//handle/1981185920/34962"$"https://opendata.uni-halle.de//iiif-imgsrv/4d50a848-fb6d-4bbe-853f-f49989d74a23/!0!23!59!96!23599654295309688603528225419214510390/full/,200/0/default.jpg"$"Komplett"$"Original"$"Standard"$"Einzelseite"$""$"2020"$"Universitäts- und Landesbibliothek Sachsen-Anhalt"$"http://d-nb.info/gnd/2024680-8"$"Halle (Saale)"$"http://d-nb.info/gnd/4023025-9"$"Universitäts- und Landesbibliothek Sachsen-Anhalt"$"http://d-nb.info/gnd/2024680-8"$"Halle (Saale)"$"http://d-nb.info/gnd/4023025-9"
"36"$"Qu. Cod. 140"$"https://opendata.uni-halle.de//json/iiif/1981185920/34970/1824a309-55e4-4dbb-b35a-ca0e6b9352bb/manifest"$"https://opendata.uni-halle.de//handle/1981185920/34970"$"https://opendata.uni-halle.de//iiif-imgsrv/e1c2f6cd-fd04-47b1-9e47-a40be7fa649a/!0!81!69!00!81690097583181782909005193984985615953/full/,200/0/default.jpg"$"Komplett"$"Original"$"Standard"$"Einzelseite"$""$"2020"$"Universitäts- und Landesbibliothek Sachsen-Anhalt"$"http://d-nb.info/gnd/2024680-8"$"Halle (Saale)"$"http://d-nb.info/gnd/4023025-9"$"Universitäts- und Landesbibliothek Sachsen-Anhalt"$"http://d-nb.info/gnd/2024680-8"$"Halle (Saale)"$"http://d-nb.info/gnd/4023025-9"
"37"$"Qu. Cod. 143"$"https://opendata.uni-halle.de//json/iiif/1981185920/35162/1734dfbb-e025-4232-86dd-e4c3b2bf52da/manifest"$"https://opendata.uni-halle.de//handle/1981185920/35162"$"https://opendata.uni-halle.de//iiif-imgsrv/7b25535b-9b46-4357-8e92-b50f1bd407df/!0!12!06!19!120619687964701328145303940654571871494/full/,200/0/default.jpg"$"Komplett"$"Original"$"Standard"$"Einzelseite"$""$"2020"$"Universitäts- und Landesbibliothek Sachsen-Anhalt"$"http://d-nb.info/gnd/2024680-8"$"Halle (Saale)"$"http://d-nb.info/gnd/4023025-9"$"Universitäts- und Landesbibliothek Sachsen-Anhalt"$"http://d-nb.info/gnd/2024680-8"$"Halle (Saale)"$"http://d-nb.info/gnd/4023025-9"
"38"$"Qu. Cod. 144"$"https://opendata.uni-halle.de//json/iiif/1981185920/35238/8113b1b8-9f41-456c-86d6-ab4ae6a6a95a/manifest"$"https://opendata.uni-halle.de//handle/1981185920/35238"$"https://opendata.uni-halle.de//iiif-imgsrv/2fdfa2cd-c4c3-48d0-b52f-2a9d815e73ce/!0!40!26!22!40262298676623916661951961501601860184/full/,200/0/default.jpg"$"Komplett"$"Original"$"Standard"$"Einzelseite"$""$"2020"$"Universitäts- und Landesbibliothek Sachsen-Anhalt"$"http://d-nb.info/gnd/2024680-8"$"Halle (Saale)"$"http://d-nb.info/gnd/4023025-9"$"Universitäts- und Landesbibliothek Sachsen-Anhalt"$"http://d-nb.info/gnd/2024680-8"$"Halle (Saale)"$"http://d-nb.info/gnd/4023025-9"
"39"$"Qu. Cod. 145"$"https://opendata.uni-halle.de//json/iiif/1981185920/35163/dddb9733-4184-4f91-a8ea-92875cff29bb/manifest"$"https://opendata.uni-halle.de//handle/1981185920/35163"$"https://opendata.uni-halle.de//iiif-imgsrv/b3b11240-1656-4eae-b572-f4d08ab80e5a/!0!61!25!84!61258452939137162074818392230689331799/full/,200/0/default.jpg"$"Komplett"$"Original"$"Standard"$"Einzelseite"$""$"2020"$"Universitäts- und Landesbibliothek Sachsen-Anhalt"$"http://d-nb.info/gnd/2024680-8"$"Halle (Saale)"$"http://d-nb.info/gnd/4023025-9"$"Universitäts- und Landesbibliothek Sachsen-Anhalt"$"http://d-nb.info/gnd/2024680-8"$"Halle (Saale)"$"http://d-nb.info/gnd/4023025-9"
"40"$"Qu. Cod. 176"$"https://opendata.uni-halle.de//json/iiif/1981185920/34578/6fae496d-c500-4fe5-acbd-416ed7698af7/manifest"$"https://opendata.uni-halle.de//handle/1981185920/34578"$"https://opendata.uni-halle.de//iiif-imgsrv/7ac3ce9b-df30-467f-96bc-62c43f65762d/!0!96!41!69!96416978406770742228755946203901859517/full/,200/0/default.jpg"$"Komplett"$"Original"$"Standard"$"Einzelseite"$""$"2020"$"Universitäts- und Landesbibliothek Sachsen-Anhalt"$"http://d-nb.info/gnd/2024680-8"$"Halle (Saale)"$"http://d-nb.info/gnd/4023025-9"$"Universitäts- und Landesbibliothek Sachsen-Anhalt"$"http://d-nb.info/gnd/2024680-8"$"Halle (Saale)"$"http://d-nb.info/gnd/4023025-9"
"41"$"Qu. Cod. 180"$"https://opendata.uni-halle.de//json/iiif/1981185920/36102/ca2fbb16-8215-4e00-8100-5d3e0bb60999/manifest"$"https://opendata.uni-halle.de//handle/1981185920/36102"$"https://opendata.uni-halle.de//iiif-imgsrv/9f18492b-d9e4-4345-aa84-62c3c8b5bf03/!0!10!69!09!106909315716421243153618187584047241103/full/,200/0/default.jpg"$"Komplett"$"Original"$"Standard"$"Einzelseite"$""$"2021"$"Universitäts- und Landesbibliothek Sachsen-Anhalt"$"http://d-nb.info/gnd/2024680-8"$"Halle (Saale)"$"http://d-nb.info/gnd/4023025-9"$"Universitäts- und Landesbibliothek Sachsen-Anhalt"$"http://d-nb.info/gnd/2024680-8"$"Halle (Saale)"$"http://d-nb.info/gnd/4023025-9"
"42"$"Qu. Cod. 185"$"https://opendata.uni-halle.de//json/iiif/1981185920/34148/e5c360db-8a59-45c2-ae57-60ce7c2fc6b4/manifest"$"https://opendata.uni-halle.de//handle/1981185920/34148"$"https://opendata.uni-halle.de//iiif-imgsrv/916ce9bc-ed1f-41cf-aeb6-aab71315d8cc/!0!13!52!73!135273878592496608486521059236983785539/full/,200/0/default.jpg"$"Komplett"$"Original"$"Standard"$"Einzelseite"$""$"2020"$"Universitäts- und Landesbibliothek Sachsen-Anhalt"$"http://d-nb.info/gnd/2024680-8"$"Halle (Saale)"$"http://d-nb.info/gnd/4023025-9"$"Universitäts- und Landesbibliothek Sachsen-Anhalt"$"http://d-nb.info/gnd/2024680-8"$"Halle (Saale)"$"http://d-nb.info/gnd/4023025-9"
"43"$"Qu. Cod. 189"$"https://opendata.uni-halle.de//json/iiif/1981185920/35033/68a97443-80f1-4328-a86d-1a6d6a7890d1/manifest"$"https://opendata.uni-halle.de//handle/1981185920/35033"$"https://opendata.uni-halle.de//iiif-imgsrv/a3771689-3467-4d14-b2b3-4b92a2a0b88b/!0!13!99!47!13994783205639743115385600240075806252/full/,200/0/default.jpg"$"Komplett"$"Original"$"Standard"$"Einzelseite"$""$"2021"$"Universitäts- und Landesbibliothek Sachsen-Anhalt"$"http://d-nb.info/gnd/2024680-8"$"Halle (Saale)"$"http://d-nb.info/gnd/4023025-9"$"Universitäts- und Landesbibliothek Sachsen-Anhalt"$"http://d-nb.info/gnd/2024680-8"$"Halle (Saale)"$"http://d-nb.info/gnd/4023025-9"
"44"$"Qu. Cod. 207"$"https://opendata.uni-halle.de//json/iiif/1981185920/34579/071c6c88-25ff-4694-89bb-f842ce6dcd02/manifest"$"https://opendata.uni-halle.de//handle/1981185920/34579"$"https://opendata.uni-halle.de//iiif-imgsrv/ddcdaf92-f008-4b7e-9040-9954f8d65ef6/!0!11!20!43!11204317793876692380243792373197559505/full/,200/0/default.jpg"$"Komplett"$"Original"$"Standard"$"Einzelseite"$""$"2020"$"Universitäts- und Landesbibliothek Sachsen-Anhalt"$"http://d-nb.info/gnd/2024680-8"$"Halle (Saale)"$"http://d-nb.info/gnd/4023025-9"$"Universitäts- und Landesbibliothek Sachsen-Anhalt"$"http://d-nb.info/gnd/2024680-8"$"Halle (Saale)"$"http://d-nb.info/gnd/4023025-9"
"45"$"Qu. Cod. 208"$"https://opendata.uni-halle.de//json/iiif/1981185920/36280/a76a9d90-5860-4051-b751-212465a078d0/manifest"$"https://opendata.uni-halle.de//handle/1981185920/36280"$"https://opendata.uni-halle.de//iiif-imgsrv/fa66e9d7-0389-4bc1-8992-890a1411fc25/!0!54!48!42!5448424244030320796857838816729245902/full/,200/0/default.jpg"$"Komplett"$"Original"$"Standard"$"Einzelseite"$""$"2021"$"Universitäts- und Landesbibliothek Sachsen-Anhalt"$"http://d-nb.info/gnd/2024680-8"$"Halle (Saale)"$"http://d-nb.info/gnd/4023025-9"$"Universitäts- und Landesbibliothek Sachsen-Anhalt"$"http://d-nb.info/gnd/2024680-8"$"Halle (Saale)"$"http://d-nb.info/gnd/4023025-9"
"46"$"Qu. Cod. 209"$"https://opendata.uni-halle.de//json/iiif/1981185920/35177/1dc15f48-a6a7-4986-bb66-459386530ade/manifest"$"https://opendata.uni-halle.de//handle/1981185920/35177"$"https://opendata.uni-halle.de//iiif-imgsrv/c7dc434c-e36e-4e7c-9887-26ee7eb4207b/!0!15!12!73!151273707888438577612863428225526905643/full/,200/0/default.jpg"$"Komplett"$"Original"$"Standard"$"Einzelseite"$""$"2020"$"Universitäts- und Landesbibliothek Sachsen-Anhalt"$"http://d-nb.info/gnd/2024680-8"$"Halle (Saale)"$"http://d-nb.info/gnd/4023025-9"$"Universitäts- und Landesbibliothek Sachsen-Anhalt"$"http://d-nb.info/gnd/2024680-8"$"Halle (Saale)"$"http://d-nb.info/gnd/4023025-9"
"47"$"Qu. Cod. 210"$"https://opendata.uni-halle.de//json/iiif/1981185920/34771/66c884aa-c2bf-4ac0-bf14-26ed72a5eefe/manifest"$"https://opendata.uni-halle.de//handle/1981185920/34771"$"https://opendata.uni-halle.de//iiif-imgsrv/18db1678-8106-484f-9678-97214c1e1116/!0!13!54!26!135426549067017609706489591690687475146/full/,200/0/default.jpg"$"Komplett"$"Original"$"Standard"$"Einzelseite"$""$"2020"$"Universitäts- und Landesbibliothek Sachsen-Anhalt"$"http://d-nb.info/gnd/2024680-8"$"Halle (Saale)"$"http://d-nb.info/gnd/4023025-9"$"Universitäts- und Landesbibliothek Sachsen-Anhalt"$"http://d-nb.info/gnd/2024680-8"$"Halle (Saale)"$"http://d-nb.info/gnd/4023025-9"
"48"$"Qu. Cod. 211"$"https://opendata.uni-halle.de//json/iiif/1981185920/35171/f505bbb1-6912-4951-be20-05f40fd1950c/manifest"$"https://opendata.uni-halle.de//handle/1981185920/35171"$"https://opendata.uni-halle.de//iiif-imgsrv/cbfde52a-17f6-4f2d-a0ba-2872e42e3b42/!0!59!57!86!59578641011541258789124558327758373872/full/,200/0/default.jpg"$"Komplett"$"Original"$"Standard"$"Einzelseite"$""$"2020"$"Universitäts- und Landesbibliothek Sachsen-Anhalt"$"http://d-nb.info/gnd/2024680-8"$"Halle (Saale)"$"http://d-nb.info/gnd/4023025-9"$"Universitäts- und Landesbibliothek Sachsen-Anhalt"$"http://d-nb.info/gnd/2024680-8"$"Halle (Saale)"$"http://d-nb.info/gnd/4023025-9"
"49"$"Qu. Cod. 212"$"https://opendata.uni-halle.de//json/iiif/1981185920/34079/22303a9e-82a8-4213-ab5e-869486fc2906/manifest"$"https://opendata.uni-halle.de//handle/1981185920/34079"$"https://opendata.uni-halle.de//iiif-imgsrv/30fef072-50b7-41ec-9263-13c41a3eec77/!0!16!25!21!162521861022169031273923210199191389579/full/,200/0/default.jpg"$"Komplett"$"Original"$"Standard"$"Einzelseite"$""$"2020"$"Universitäts- und Landesbibliothek Sachsen-Anhalt"$"http://d-nb.info/gnd/2024680-8"$"Halle (Saale)"$"http://d-nb.info/gnd/4023025-9"$"Universitäts- und Landesbibliothek Sachsen-Anhalt"$"http://d-nb.info/gnd/2024680-8"$"Halle (Saale)"$"http://d-nb.info/gnd/4023025-9"
"50"$"Qu. Cod. 214"$"https://opendata.uni-halle.de//json/iiif/1981185920/35028/5e43c05a-accf-4408-82a4-90f1f10cd4ea/manifest"$"https://opendata.uni-halle.de//handle/1981185920/35028"$"https://opendata.uni-halle.de//iiif-imgsrv/ea6e1009-b7cb-4d0f-840a-062254bc9cce/!0!53!99!86!53998620668622322074758305098535166789/full/,200/0/default.jpg"$"Komplett"$"Original"$"Standard"$"Einzelseite"$""$"2020"$"Universitäts- und Landesbibliothek Sachsen-Anhalt"$"http://d-nb.info/gnd/2024680-8"$"Halle (Saale)"$"http://d-nb.info/gnd/4023025-9"$"Universitäts- und Landesbibliothek Sachsen-Anhalt"$"http://d-nb.info/gnd/2024680-8"$"Halle (Saale)"$"http://d-nb.info/gnd/4023025-9"
"51"$"Qu. Cod. 71"$"https://opendata.uni-halle.de//json/iiif/1981185920/34236/bc6f44ae-db35-4025-993a-ded5193d3139/manifest"$"https://opendata.uni-halle.de//handle/1981185920/34236"$"https://opendata.uni-halle.de//iiif-imgsrv/96fe7dfb-cdd4-4cb2-80f0-a4408be141a4/!0!12!08!89!120889599890772043143159740915898808137/full/,200/0/default.jpg"$"Komplett"$"Original"$"Standard"$"Einzelseite"$""$"2020"$"Universitäts- und Landesbibliothek Sachsen-Anhalt"$"http://d-nb.info/gnd/2024680-8"$"Halle (Saale)"$"http://d-nb.info/gnd/4023025-9"$"Universitäts- und Landesbibliothek Sachsen-Anhalt"$"http://d-nb.info/gnd/2024680-8"$"Halle (Saale)"$"http://d-nb.info/gnd/4023025-9"
"52"$"Qu. Cod. 72"$"https://opendata.uni-halle.de//json/iiif/1981185920/34343/96eee502-1d8e-4b8b-afce-7c2bf258fbe9/manifest"$"https://opendata.uni-halle.de//handle/1981185920/34343"$"https://opendata.uni-halle.de//iiif-imgsrv/6e311365-d244-4253-89c4-ebb7c19c6ca4/!0!12!76!33!127633392613899078901274829476132634099/full/,200/0/default.jpg"$"Komplett"$"Original"$"Standard"$"Einzelseite"$""$"2021"$"Universitäts- und Landesbibliothek Sachsen-Anhalt"$"http://d-nb.info/gnd/2024680-8"$"Halle (Saale)"$"http://d-nb.info/gnd/4023025-9"$"Universitäts- und Landesbibliothek Sachsen-Anhalt"$"http://d-nb.info/gnd/2024680-8"$"Halle (Saale)"$"http://d-nb.info/gnd/4023025-9"
"53"$"Qu. Cod. 73"$"https://opendata.uni-halle.de//json/iiif/1981185920/34344/933a92c2-c905-446e-b489-2c6ada7cebee/manifest"$"https://opendata.uni-halle.de//handle/1981185920/34344"$"https://opendata.uni-halle.de//iiif-imgsrv/eb7c45a1-1d8e-4db4-98a2-07c80c30521a/!0!23!94!92!23949215534142584359411054288028868676/full/,200/0/default.jpg"$"Komplett"$"Original"$"Standard"$"Einzelseite"$""$"2020"$"Universitäts- und Landesbibliothek Sachsen-Anhalt"$"http://d-nb.info/gnd/2024680-8"$"Halle (Saale)"$"http://d-nb.info/gnd/4023025-9"$"Universitäts- und Landesbibliothek Sachsen-Anhalt"$"http://d-nb.info/gnd/2024680-8"$"Halle (Saale)"$"http://d-nb.info/gnd/4023025-9"
"54"$"Qu. Cod. 74"$"https://opendata.uni-halle.de//json/iiif/1981185920/36419/f356e7f8-bc45-4144-a302-588aeaf9d578/manifest"$"https://opendata.uni-halle.de//handle/1981185920/36419"$"https://opendata.uni-halle.de//iiif-imgsrv/c7f57f23-2632-489b-bd37-8b59db9f0d18/!0!48!59!53!48595374059457480322224740091047476283/full/,200/0/default.jpg"$"Komplett"$"Original"$"Standard"$"Einzelseite"$""$"2021"$"Universitäts- und Landesbibliothek Sachsen-Anhalt"$"http://d-nb.info/gnd/2024680-8"$"Halle (Saale)"$"http://d-nb.info/gnd/4023025-9"$"Universitäts- und Landesbibliothek Sachsen-Anhalt"$"http://d-nb.info/gnd/2024680-8"$"Halle (Saale)"$"http://d-nb.info/gnd/4023025-9"
"55"$"Qu. Cod. 75"$"https://opendata.uni-halle.de//json/iiif/1981185920/36237/12089896-8071-46b0-bcf8-eda69245c31a/manifest"$"https://opendata.uni-halle.de//handle/1981185920/36237"$"https://opendata.uni-halle.de//iiif-imgsrv/540754ef-7205-4c82-8f46-cb56d6cdb03c/!0!13!26!40!132640142425552273011137348112159762518/full/,200/0/default.jpg"$"Komplett"$"Original"$"Standard"$"Einzelseite"$""$"2021"$"Universitäts- und Landesbibliothek Sachsen-Anhalt"$"http://d-nb.info/gnd/2024680-8"$"Halle (Saale)"$"http://d-nb.info/gnd/4023025-9"$"Universitäts- und Landesbibliothek Sachsen-Anhalt"$"http://d-nb.info/gnd/2024680-8"$"Halle (Saale)"$"http://d-nb.info/gnd/4023025-9"
"56"$"Qu. Cod. 77"$"https://opendata.uni-halle.de//json/iiif/1981185920/34758/47e279e8-5fd5-4b3c-bc7b-bbde530a716e/manifest"$"https://opendata.uni-halle.de//handle/1981185920/34758"$"https://opendata.uni-halle.de//iiif-imgsrv/fad0e418-8bb8-49ea-bff8-dc024c96db5b/!0!14!93!42!149342607397676429772040377497495807347/full/,200/0/default.jpg"$"Komplett"$"Original"$"Standard"$"Einzelseite"$""$"2020"$"Universitäts- und Landesbibliothek Sachsen-Anhalt"$"http://d-nb.info/gnd/2024680-8"$"Halle (Saale)"$"http://d-nb.info/gnd/4023025-9"$"Universitäts- und Landesbibliothek Sachsen-Anhalt"$"http://d-nb.info/gnd/2024680-8"$"Halle (Saale)"$"http://d-nb.info/gnd/4023025-9"
"57"$"Qu. Cod. 77, Fragment 1"$"https://opendata.uni-halle.de//json/iiif/1981185920/34330/95c276d4-f43b-498a-98ff-12edf76213dc/manifest"$"https://opendata.uni-halle.de//handle/1981185920/34330"$"https://opendata.uni-halle.de//iiif-imgsrv/9a27b131-6f93-4890-b247-af59fd98d153/!0!14!84!59!148459807971727850436141402383178041440/full/,200/0/default.jpg"$"Komplett"$"Original"$"Standard"$"Einzelseite"$""$"2020"$"Universitäts- und Landesbibliothek Sachsen-Anhalt"$"http://d-nb.info/gnd/2024680-8"$"Halle (Saale)"$"http://d-nb.info/gnd/4023025-9"$"Universitäts- und Landesbibliothek Sachsen-Anhalt"$"http://d-nb.info/gnd/2024680-8"$"Halle (Saale)"$"http://d-nb.info/gnd/4023025-9"
"58"$"Qu. Cod. 78"$"https://opendata.uni-halle.de//json/iiif/1981185920/34459/c5cb964a-3950-4551-adfc-e856069ccbf6/manifest"$"https://opendata.uni-halle.de//handle/1981185920/34459"$"https://opendata.uni-halle.de//iiif-imgsrv/359ecf16-676d-4463-b94d-7e028cc14ab9/!0!61!72!73!61727380438581675534759408904000618818/full/,200/0/default.jpg"$"Komplett"$"Original"$"Standard"$"Einzelseite"$""$"2020"$"Universitäts- und Landesbibliothek Sachsen-Anhalt"$"http://d-nb.info/gnd/2024680-8"$"Halle (Saale)"$"http://d-nb.info/gnd/4023025-9"$"Universitäts- und Landesbibliothek Sachsen-Anhalt"$"http://d-nb.info/gnd/2024680-8"$"Halle (Saale)"$"http://d-nb.info/gnd/4023025-9"
"59"$"Qu. Cod. 79"$"https://opendata.uni-halle.de//json/iiif/1981185920/38054/2294757a-d024-4bef-a18d-45ab98d2eb1f/manifest"$"https://opendata.uni-halle.de//handle/1981185920/38054"$"https://opendata.uni-halle.de//iiif-imgsrv/0e7e51ff-5b2d-4d63-bb4f-f17d33baec1b/!0!45!76!19!45761911355942279726916736407319978400/full/,200/0/default.jpg"$"Komplett"$"Reproduktion"$"Bitonal"$"Einzelseite"$""$"2021"$"Universitäts- und Landesbibliothek Sachsen-Anhalt"$"http://d-nb.info/gnd/2024680-8"$"Halle (Saale)"$"http://d-nb.info/gnd/4023025-9"$"Universitäts- und Landesbibliothek Sachsen-Anhalt"$"http://d-nb.info/gnd/2024680-8"$"Halle (Saale)"$"http://d-nb.info/gnd/4023025-9"
"60"$"Qu. Cod. 80"$"https://opendata.uni-halle.de//json/iiif/1981185920/33902/04f3474a-9405-4f75-85f3-e5e4484b192b/manifest"$"https://opendata.uni-halle.de//handle/1981185920/33902"$"https://opendata.uni-halle.de//iiif-imgsrv/9af68a54-a055-4e92-9804-b50593405cff/!0!84!33!29!84332939251313463789324292134414192276/full/,200/0/default.jpg"$"Komplett"$"Original"$"Standard"$"Einzelseite"$""$"2020"$"Universitäts- und Landesbibliothek Sachsen-Anhalt"$"http://d-nb.info/gnd/2024680-8"$"Halle (Saale)"$"http://d-nb.info/gnd/4023025-9"$"Universitäts- und Landesbibliothek Sachsen-Anhalt"$"http://d-nb.info/gnd/2024680-8"$"Halle (Saale)"$"http://d-nb.info/gnd/4023025-9"
"61"$"Qu. Cod. 81"$"https://opendata.uni-halle.de//json/iiif/1981185920/36235/df7cd971-5439-47f2-bf5a-0166f19dc0dc/manifest"$"https://opendata.uni-halle.de//handle/1981185920/36235"$"https://opendata.uni-halle.de//iiif-imgsrv/bce2ee8b-24f9-45a5-b98b-8dca1fb3e9b0/!0!74!53!79!74537929437265581941578382658170460004/full/,200/0/default.jpg"$"Komplett"$"Original"$"Standard"$"Einzelseite"$""$"2021"$"Universitäts- und Landesbibliothek Sachsen-Anhalt"$"http://d-nb.info/gnd/2024680-8"$"Halle (Saale)"$"http://d-nb.info/gnd/4023025-9"$"Universitäts- und Landesbibliothek Sachsen-Anhalt"$"http://d-nb.info/gnd/2024680-8"$"Halle (Saale)"$"http://d-nb.info/gnd/4023025-9"
"62"$"Qu. Cod. 83"$"https://opendata.uni-halle.de//json/iiif/1981185920/34524/2e11f600-b048-4528-9db5-694d4631329b/manifest"$"https://opendata.uni-halle.de//handle/1981185920/34524"$"https://opendata.uni-halle.de//iiif-imgsrv/07ca35d9-978b-4a25-af48-c5d8ae9c2ffd/!0!11!12!30!111230466256972784198449418430200433827/full/,200/0/default.jpg"$"Komplett"$"Original"$"Standard"$"Einzelseite"$""$"2020"$"Universitäts- und Landesbibliothek Sachsen-Anhalt"$"http://d-nb.info/gnd/2024680-8"$"Halle (Saale)"$"http://d-nb.info/gnd/4023025-9"$"Universitäts- und Landesbibliothek Sachsen-Anhalt"$"http://d-nb.info/gnd/2024680-8"$"Halle (Saale)"$"http://d-nb.info/gnd/4023025-9"
"63"$"Qu. Cod. 84"$"https://opendata.uni-halle.de//json/iiif/1981185920/34583/bce224ca-518b-4fa5-899b-3b7f5246ec45/manifest"$"https://opendata.uni-halle.de//handle/1981185920/34583"$"https://opendata.uni-halle.de//iiif-imgsrv/5d34ddba-7bc0-4cdf-88f1-e573cdc4ade4/!0!89!67!12!8967125316690520171982311534597985544/full/,200/0/default.jpg"$"Komplett"$"Original"$"Standard"$"Einzelseite"$""$"2020"$"Universitäts- und Landesbibliothek Sachsen-Anhalt"$"http://d-nb.info/gnd/2024680-8"$"Halle (Saale)"$"http://d-nb.info/gnd/4023025-9"$"Universitäts- und Landesbibliothek Sachsen-Anhalt"$"http://d-nb.info/gnd/2024680-8"$"Halle (Saale)"$"http://d-nb.info/gnd/4023025-9"
"64"$"Qu. Cod. 84 b"$"https://opendata.uni-halle.de//json/iiif/1981185920/33811/efb1542f-810e-4175-95ee-a175c84355d2/manifest"$"https://opendata.uni-halle.de//handle/1981185920/33811"$"https://opendata.uni-halle.de//iiif-imgsrv/f782292a-0011-4c8d-a495-057e6654f99f/!0!14!32!98!143298514269309607393341410754982363866/full/,200/0/default.jpg"$"Komplett"$"Original"$"Standard"$"Einzelseite"$""$"2020"$"Universitäts- und Landesbibliothek Sachsen-Anhalt"$"http://d-nb.info/gnd/2024680-8"$"Halle (Saale)"$"http://d-nb.info/gnd/4023025-9"$"Universitäts- und Landesbibliothek Sachsen-Anhalt"$"http://d-nb.info/gnd/2024680-8"$"Halle (Saale)"$"http://d-nb.info/gnd/4023025-9"
"65"$"Qu. Cod. 85"$"https://opendata.uni-halle.de//json/iiif/1981185920/36420/2152be16-b522-47aa-baa1-3e705afa3ac6/manifest"$"https://opendata.uni-halle.de//handle/1981185920/36420"$"https://opendata.uni-halle.de//iiif-imgsrv/68ff1aa1-901d-4ebe-b025-615fd51e11ec/!0!65!14!37!65143707125883088090403355847769502130/full/,200/0/default.jpg"$"Komplett"$"Original"$"Standard"$"Einzelseite"$""$"2021"$"Universitäts- und Landesbibliothek Sachsen-Anhalt"$"http://d-nb.info/gnd/2024680-8"$"Halle (Saale)"$"http://d-nb.info/gnd/4023025-9"$"Universitäts- und Landesbibliothek Sachsen-Anhalt"$"http://d-nb.info/gnd/2024680-8"$"Halle (Saale)"$"http://d-nb.info/gnd/4023025-9"
"66"$"Qu. Cod. 85, Fragment 1"$"https://opendata.uni-halle.de//json/iiif/1981185920/36421/2b8b47fd-7633-447a-a8d4-9a5ea7fa6742/manifest"$"https://opendata.uni-halle.de//handle/1981185920/36421"$"https://opendata.uni-halle.de//iiif-imgsrv/45d12eb6-bb8b-470e-bc67-36bc3a1a0b13/!0!41!01!78!41017817623803084778390295914611581998/full/,200/0/default.jpg"$"Komplett"$"Original"$"Standard"$"Einzelseite"$""$"2021"$"Universitäts- und Landesbibliothek Sachsen-Anhalt"$"http://d-nb.info/gnd/2024680-8"$"Halle (Saale)"$"http://d-nb.info/gnd/4023025-9"$"Universitäts- und Landesbibliothek Sachsen-Anhalt"$"http://d-nb.info/gnd/2024680-8"$"Halle (Saale)"$"http://d-nb.info/gnd/4023025-9"
"67"$"Qu. Cod. 86"$"https://opendata.uni-halle.de//json/iiif/1981185920/34828/1d5ff884-80cd-4c8f-bffa-d1a625d4e5d9/manifest"$"https://opendata.uni-halle.de//handle/1981185920/34828"$"https://opendata.uni-halle.de//iiif-imgsrv/22ebc6a1-efbb-4059-b114-148c672b7bf1/!0!64!82!90!64829088015235967760036043636692282897/full/,200/0/default.jpg"$"Komplett"$"Original"$"Standard"$"Einzelseite"$""$"2020"$"Universitäts- und Landesbibliothek Sachsen-Anhalt"$"http://d-nb.info/gnd/2024680-8"$"Halle (Saale)"$"http://d-nb.info/gnd/4023025-9"$"Universitäts- und Landesbibliothek Sachsen-Anhalt"$"http://d-nb.info/gnd/2024680-8"$"Halle (Saale)"$"http://d-nb.info/gnd/4023025-9"
"68"$"Qu. Cod. 86, Fragment 1"$"https://opendata.uni-halle.de//json/iiif/1981185920/34331/8ed041d2-1ea6-469e-9a10-437e4970ea03/manifest"$"https://opendata.uni-halle.de//handle/1981185920/34331"$"https://opendata.uni-halle.de//iiif-imgsrv/2c63acdc-df1a-4d63-be72-ee5398b7cb00/!0!11!50!16!115016089645975143848790732258776802424/full/,200/0/default.jpg"$"Komplett"$"Original"$"Standard"$"Einzelseite"$""$"2020"$"Universitäts- und Landesbibliothek Sachsen-Anhalt"$"http://d-nb.info/gnd/2024680-8"$"Halle (Saale)"$"http://d-nb.info/gnd/4023025-9"$"Universitäts- und Landesbibliothek Sachsen-Anhalt"$"http://d-nb.info/gnd/2024680-8"$"Halle (Saale)"$"http://d-nb.info/gnd/4023025-9"
"69"$"Qu. Cod. 87"$"https://opendata.uni-halle.de//json/iiif/1981185920/35390/da14bfc7-2101-417e-af43-fde81129a8e2/manifest"$"https://opendata.uni-halle.de//handle/1981185920/35390"$"https://opendata.uni-halle.de//iiif-imgsrv/5989cd9f-6853-49ea-bbd2-45793a08a96d/!0!14!29!86!142986343678357527071077196033773558268/full/,200/0/default.jpg"$"Komplett"$"Original"$"Standard"$"Einzelseite"$""$"2020"$"Universitäts- und Landesbibliothek Sachsen-Anhalt"$"http://d-nb.info/gnd/2024680-8"$"Halle (Saale)"$"http://d-nb.info/gnd/4023025-9"$"Universitäts- und Landesbibliothek Sachsen-Anhalt"$"http://d-nb.info/gnd/2024680-8"$"Halle (Saale)"$"http://d-nb.info/gnd/4023025-9"
"70"$"Qu. Cod. 88"$"https://opendata.uni-halle.de//json/iiif/1981185920/34503/eef61a76-268a-4cde-8fa9-8997c72d1ce4/manifest"$"https://opendata.uni-halle.de//handle/1981185920/34503"$"https://opendata.uni-halle.de//iiif-imgsrv/599f8255-2697-43c0-9b57-e63ef40cf922/!0!11!88!76!11887616906490812466970759637964279200/full/,200/0/default.jpg"$"Komplett"$"Original"$"Standard"$"Einzelseite"$""$"2020"$"Universitäts- und Landesbibliothek Sachsen-Anhalt"$"http://d-nb.info/gnd/2024680-8"$"Halle (Saale)"$"http://d-nb.info/gnd/4023025-9"$"Universitäts- und Landesbibliothek Sachsen-Anhalt"$"http://d-nb.info/gnd/2024680-8"$"Halle (Saale)"$"http://d-nb.info/gnd/4023025-9"
"71"$"Qu. Cod. 89"$"https://opendata.uni-halle.de//json/iiif/1981185920/36284/1bffb734-a56a-4e52-bccd-089126418864/manifest"$"https://opendata.uni-halle.de//handle/1981185920/36284"$"https://opendata.uni-halle.de//iiif-imgsrv/a68af1d5-5ead-4ca6-9d9f-71ebee5ea1f4/!0!12!73!76!127376126819565885656462036790680414594/full/,200/0/default.jpg"$"Komplett"$"Original"$"Standard"$"Einzelseite"$""$"2021"$"Universitäts- und Landesbibliothek Sachsen-Anhalt"$"http://d-nb.info/gnd/2024680-8"$"Halle (Saale)"$"http://d-nb.info/gnd/4023025-9"$"Universitäts- und Landesbibliothek Sachsen-Anhalt"$"http://d-nb.info/gnd/2024680-8"$"Halle (Saale)"$"http://d-nb.info/gnd/4023025-9"
"72"$"Qu. Cod. 91"$"https://opendata.uni-halle.de//json/iiif/1981185920/34898/7aa4d487-1259-4562-aa0e-76697c15f350/manifest"$"https://opendata.uni-halle.de//handle/1981185920/34898"$"https://opendata.uni-halle.de//iiif-imgsrv/0d75c3b5-e955-492c-8eb9-d1e226ff333c/!0!10!48!96!104896319066268674390373593525523160729/full/,200/0/default.jpg"$"Komplett"$"Original"$"Standard"$"Einzelseite"$""$"2020"$"Universitäts- und Landesbibliothek Sachsen-Anhalt"$"http://d-nb.info/gnd/2024680-8"$"Halle (Saale)"$"http://d-nb.info/gnd/4023025-9"$"Universitäts- und Landesbibliothek Sachsen-Anhalt"$"http://d-nb.info/gnd/2024680-8"$"Halle (Saale)"$"http://d-nb.info/gnd/4023025-9"
"73"$"Qu. Cod. 93"$"https://opendata.uni-halle.de//json/iiif/1981185920/36450/d6936ad6-ac4c-4f4f-9ab3-9d5fcb6d0681/manifest"$"https://opendata.uni-halle.de//handle/1981185920/36450"$"https://opendata.uni-halle.de//iiif-imgsrv/25e84fef-4d23-4c00-8bf8-f4d076be1528/!0!10!42!53!104253979680193603268517709028477466878/full/,200/0/default.jpg"$"Komplett"$"Original"$"Standard"$"Einzelseite"$""$"2021"$"Universitäts- und Landesbibliothek Sachsen-Anhalt"$"http://d-nb.info/gnd/2024680-8"$"Halle (Saale)"$"http://d-nb.info/gnd/4023025-9"$"Universitäts- und Landesbibliothek Sachsen-Anhalt"$"http://d-nb.info/gnd/2024680-8"$"Halle (Saale)"$"http://d-nb.info/gnd/4023025-9"
"74"$"Qu. Cod. 93 b"$"https://opendata.uni-halle.de//json/iiif/1981185920/36543/ebc01f72-281b-471d-9979-4f5a2e8696dd/manifest"$"https://opendata.uni-halle.de//handle/1981185920/36543"$"https://opendata.uni-halle.de//iiif-imgsrv/4702e1e7-c473-413f-98e5-b7d6620d537f/!0!13!62!93!136293725840318710743057615657048843158/full/,200/0/default.jpg"$"Komplett"$"Original"$"Standard"$"Einzelseite"$""$"2021"$"Universitäts- und Landesbibliothek Sachsen-Anhalt"$"http://d-nb.info/gnd/2024680-8"$"Halle (Saale)"$"http://d-nb.info/gnd/4023025-9"$"Universitäts- und Landesbibliothek Sachsen-Anhalt"$"http://d-nb.info/gnd/2024680-8"$"Halle (Saale)"$"http://d-nb.info/gnd/4023025-9"
"75"$"Qu. Cod. 93 c"$"https://opendata.uni-halle.de//json/iiif/1981185920/36537/43d016e6-8279-4e91-8cbd-dee9104af2e2/manifest"$"https://opendata.uni-halle.de//handle/1981185920/36537"$"https://opendata.uni-halle.de//iiif-imgsrv/353a1363-e424-4c47-ba96-8f75fc5dc740/!0!93!62!79!93627955770704998822295982601115767995/full/,200/0/default.jpg"$"Komplett"$"Original"$"Standard"$"Einzelseite"$""$"2021"$"Universitäts- und Landesbibliothek Sachsen-Anhalt"$"http://d-nb.info/gnd/2024680-8"$"Halle (Saale)"$"http://d-nb.info/gnd/4023025-9"$"Universitäts- und Landesbibliothek Sachsen-Anhalt"$"http://d-nb.info/gnd/2024680-8"$"Halle (Saale)"$"http://d-nb.info/gnd/4023025-9"
"76"$"Qu. Cod. 93 c, Fragment 1"$"https://opendata.uni-halle.de//json/iiif/1981185920/34557/d69c2306-6338-4565-ad31-c4bda8ddf79f/manifest"$"https://opendata.uni-halle.de//handle/1981185920/34557"$"https://opendata.uni-halle.de//iiif-imgsrv/bf1df49f-3997-44e8-8519-4500e3cfc83f/!0!16!94!20!169420324928841509024090922319618258220/full/,200/0/default.jpg"$"Komplett"$"Original"$"Standard"$"Einzelseite"$""$"2020"$"Universitäts- und Landesbibliothek Sachsen-Anhalt"$"http://d-nb.info/gnd/2024680-8"$"Halle (Saale)"$"http://d-nb.info/gnd/4023025-9"$"Universitäts- und Landesbibliothek Sachsen-Anhalt"$"http://d-nb.info/gnd/2024680-8"$"Halle (Saale)"$"http://d-nb.info/gnd/4023025-9"
"77"$"Qu. Cod. 93 d"$"https://opendata.uni-halle.de//json/iiif/1981185920/36604/24780195-7e37-44e1-bb41-04257883af5a/manifest"$"https://opendata.uni-halle.de//handle/1981185920/36604"$"https://opendata.uni-halle.de//iiif-imgsrv/b1aabcd4-fe56-45bf-8b7e-b22f5012989b/!0!12!18!37!121837979671911667625799923290835890114/full/,200/0/default.jpg"$"Komplett"$"Original"$"Standard"$"Einzelseite"$""$"2021"$"Universitäts- und Landesbibliothek Sachsen-Anhalt"$"http://d-nb.info/gnd/2024680-8"$"Halle (Saale)"$"http://d-nb.info/gnd/4023025-9"$"Universitäts- und Landesbibliothek Sachsen-Anhalt"$"http://d-nb.info/gnd/2024680-8"$"Halle (Saale)"$"http://d-nb.info/gnd/4023025-9"
"78"$"Qu. Cod. 93 d, Fragment 1"$"https://opendata.uni-halle.de//json/iiif/1981185920/35169/2575504f-81a0-455f-ad07-b5b2eb9b07ac/manifest"$"https://opendata.uni-halle.de//handle/1981185920/35169"$"https://opendata.uni-halle.de//iiif-imgsrv/4b70df29-7503-4642-ac5b-bf702db32b15/!0!48!74!67!48746739806183757125180801210079015879/full/,200/0/default.jpg"$"Komplett"$"Original"$"Standard"$"Einzelseite"$""$"2020"$"Universitäts- und Landesbibliothek Sachsen-Anhalt"$"http://d-nb.info/gnd/2024680-8"$"Halle (Saale)"$"http://d-nb.info/gnd/4023025-9"$"Universitäts- und Landesbibliothek Sachsen-Anhalt"$"http://d-nb.info/gnd/2024680-8"$"Halle (Saale)"$"http://d-nb.info/gnd/4023025-9"
"79"$"Qu. Cod. 93 d, Fragment 2"$"https://opendata.uni-halle.de//json/iiif/1981185920/35170/e7efc57f-f2cf-4bb9-96e9-923f8a461e26/manifest"$"https://opendata.uni-halle.de//handle/1981185920/35170"$"https://opendata.uni-halle.de//iiif-imgsrv/04341e1e-31bf-4601-a1d1-234e15061c70/!0!67!08!54!67085482987576085298135890720556182372/full/,200/0/default.jpg"$"Komplett"$"Original"$"Standard"$"Einzelseite"$""$"2020"$"Universitäts- und Landesbibliothek Sachsen-Anhalt"$"http://d-nb.info/gnd/2024680-8"$"Halle (Saale)"$"http://d-nb.info/gnd/4023025-9"$"Universitäts- und Landesbibliothek Sachsen-Anhalt"$"http://d-nb.info/gnd/2024680-8"$"Halle (Saale)"$"http://d-nb.info/gnd/4023025-9"
"80"$"Qu. Cod. 93 e"$"https://opendata.uni-halle.de//json/iiif/1981185920/36716/fa509226-8ecc-48cb-b723-8318b6b60a52/manifest"$"https://opendata.uni-halle.de//handle/1981185920/36716"$"https://opendata.uni-halle.de//iiif-imgsrv/ca6e6e37-44fd-4296-b65a-295d137017d5/!0!40!55!84!40558495857330203006443269509603854372/full/,200/0/default.jpg"$"Komplett"$"Original"$"Standard"$"Einzelseite"$""$"2021"$"Universitäts- und Landesbibliothek Sachsen-Anhalt"$"http://d-nb.info/gnd/2024680-8"$"Halle (Saale)"$"http://d-nb.info/gnd/4023025-9"$"Universitäts- und Landesbibliothek Sachsen-Anhalt"$"http://d-nb.info/gnd/2024680-8"$"Halle (Saale)"$"http://d-nb.info/gnd/4023025-9"
"81"$"Qu. Cod. 94"$"https://opendata.uni-halle.de//json/iiif/1981185920/36239/f625ee47-d82d-4d8d-a8ed-1f57596831dd/manifest"$"https://opendata.uni-halle.de//handle/1981185920/36239"$"https://opendata.uni-halle.de//iiif-imgsrv/20200e12-ab3b-4de7-b886-5bf8f57b7a89/!0!14!68!05!146805781284856280798336377555918793500/full/!200,/0/default.jpg"$"Komplett"$"Original"$"Standard"$"Einzelseite"$""$"2021"$"Universitäts- und Landesbibliothek Sachsen-Anhalt"$"http://d-nb.info/gnd/2024680-8"$"Halle (Saale)"$"http://d-nb.info/gnd/4023025-9"$"Universitäts- und Landesbibliothek Sachsen-Anhalt"$"http://d-nb.info/gnd/2024680-8"$"Halle (Saale)"$"http://d-nb.info/gnd/4023025-9"
"82"$"Qu. Cod. 95"$"https://opendata.uni-halle.de//json/iiif/1981185920/34419/ec3a91a1-1251-4229-b4b9-a326c29c37be/manifest"$"https://opendata.uni-halle.de//handle/1981185920/34419"$"https://opendata.uni-halle.de//iiif-imgsrv/be092c87-043a-49d0-897a-be2d1cda30ac/!0!16!49!57!164957203294316231920868318608658002907/full/,200/0/default.jpg"$"Komplett"$"Original"$"Standard"$"Einzelseite"$""$"2020"$"Universitäts- und Landesbibliothek Sachsen-Anhalt"$"http://d-nb.info/gnd/2024680-8"$"Halle (Saale)"$"http://d-nb.info/gnd/4023025-9"$"Universitäts- und Landesbibliothek Sachsen-Anhalt"$"http://d-nb.info/gnd/2024680-8"$"Halle (Saale)"$"http://d-nb.info/gnd/4023025-9"
"83"$"Qu. Cod. 96"$"https://opendata.uni-halle.de//json/iiif/1981185920/36019/30f5e994-e0da-4039-bf85-bf18de939ce6/manifest"$"https://opendata.uni-halle.de//handle/1981185920/36019"$"https://opendata.uni-halle.de//iiif-imgsrv/f16ccddf-1d04-4b9d-963b-902d4505630a/!0!40!16!02!40160210402925843573528444744079439003/full/,200/0/default.jpg"$"Komplett"$"Original"$"Standard"$"Einzelseite"$""$"2021"$"Universitäts- und Landesbibliothek Sachsen-Anhalt"$"http://d-nb.info/gnd/2024680-8"$"Halle (Saale)"$"http://d-nb.info/gnd/4023025-9"$"Universitäts- und Landesbibliothek Sachsen-Anhalt"$"http://d-nb.info/gnd/2024680-8"$"Halle (Saale)"$"http://d-nb.info/gnd/4023025-9"
"84"$"Qu. Fragm. 1"$"https://opendata.uni-halle.de//json/iiif/1981185920/36294/40693757-1fc4-4e1d-aba0-bbdc4456b665/manifest"$"https://opendata.uni-halle.de//handle/1981185920/36294"$"https://opendata.uni-halle.de//iiif-imgsrv/8d73b0f3-7852-4f53-909e-d8f3089108c1/!0!13!89!24!138924553627223616001593429598315568624/full/,200/0/default.jpg"$"Komplett"$"Original"$"Standard"$"Einzelseite"$""$"2021"$"Universitäts- und Landesbibliothek Sachsen-Anhalt"$"http://d-nb.info/gnd/2024680-8"$"Halle (Saale)"$"http://d-nb.info/gnd/4023025-9"$"Universitäts- und Landesbibliothek Sachsen-Anhalt"$"http://d-nb.info/gnd/2024680-8"$"Halle (Saale)"$"http://d-nb.info/gnd/4023025-9"
"85"$"Qu. Fragm. 2"$"https://opendata.uni-halle.de//json/iiif/1981185920/36295/4af8c946-7f43-420c-986c-cc6af4178d7d/manifest"$"https://opendata.uni-halle.de//handle/1981185920/36295"$"https://opendata.uni-halle.de//iiif-imgsrv/1feb29ea-7779-4f2f-8445-f2dd19c8c52f/!0!95!17!97!95179766404666568073874615368623665421/full/,200/0/default.jpg"$"Komplett"$"Original"$"Standard"$"Einzelseite"$""$"2021"$"Universitäts- und Landesbibliothek Sachsen-Anhalt"$"http://d-nb.info/gnd/2024680-8"$"Halle (Saale)"$"http://d-nb.info/gnd/4023025-9"$"Universitäts- und Landesbibliothek Sachsen-Anhalt"$"http://d-nb.info/gnd/2024680-8"$"Halle (Saale)"$"http://d-nb.info/gnd/4023025-9"
"86"$"Qu. Fragm. 3"$"https://opendata.uni-halle.de//json/iiif/1981185920/36296/1fc4f7f3-199c-49e5-a812-9caf937f3214/manifest"$"https://opendata.uni-halle.de//handle/1981185920/36296"$"https://opendata.uni-halle.de//iiif-imgsrv/b0b7e0ef-6be4-4033-b3df-0a8506a37255/!0!11!55!71!115571282011886234708214235122179133589/full/,200/0/default.jpg"$"Komplett"$"Original"$"Standard"$"Einzelseite"$""$"2021"$"Universitäts- und Landesbibliothek Sachsen-Anhalt"$"http://d-nb.info/gnd/2024680-8"$"Halle (Saale)"$"http://d-nb.info/gnd/4023025-9"$"Universitäts- und Landesbibliothek Sachsen-Anhalt"$"http://d-nb.info/gnd/2024680-8"$"Halle (Saale)"$"http://d-nb.info/gnd/4023025-9"
"87"$"Qu. Fragm. 4"$"https://opendata.uni-halle.de//json/iiif/1981185920/35164/82a7bb80-4758-4e03-8853-7531ab0c017c/manifest"$"https://opendata.uni-halle.de//handle/1981185920/35164, http://dx.doi.org/10.25673/34962"$"https://opendata.uni-halle.de//iiif-imgsrv/48bbe31f-b259-47f6-b595-545dfe157d1b/!0!12!40!80!124080535280956716121142294131258384435/full/,200/0/default.jpg"$"Komplett"$"Original"$"Standard"$"Einzelseite"$""$"2020"$"Universitäts- und Landesbibliothek Sachsen-Anhalt"$"http://d-nb.info/gnd/2024680-8"$"Halle (Saale)"$"http://d-nb.info/gnd/4023025-9"$"Universitäts- und Landesbibliothek Sachsen-Anhalt"$"http://d-nb.info/gnd/2024680-8"$"Halle (Saale)"$"http://d-nb.info/gnd/4023025-9"
"88"$"Qu. Fragm. 5"$"https://opendata.uni-halle.de//json/iiif/1981185920/36297/087261f6-4c00-4640-be6e-aaca60c04a49/manifest"$"https://opendata.uni-halle.de//handle/1981185920/36297"$"https://opendata.uni-halle.de//iiif-imgsrv/9bf186ef-bb38-4a3d-a42a-39383d209a9d/!0!83!17!23!83172393460156884343681139930096097564/full/,200/0/default.jpg"$"Komplett"$"Original"$"Standard"$"Einzelseite"$""$"2021"$"Universitäts- und Landesbibliothek Sachsen-Anhalt"$"http://d-nb.info/gnd/2024680-8"$"Halle (Saale)"$"http://d-nb.info/gnd/4023025-9"$"Universitäts- und Landesbibliothek Sachsen-Anhalt"$"http://d-nb.info/gnd/2024680-8"$"Halle (Saale)"$"http://d-nb.info/gnd/4023025-9"
"89"$"Qu. Fragm. 6"$"https://opendata.uni-halle.de//json/iiif/1981185920/36298/a9f92bf3-a543-4b05-9c84-ffba1f3cfd20/manifest"$"https://opendata.uni-halle.de//handle/1981185920/36298"$"https://opendata.uni-halle.de//iiif-imgsrv/11fe36fa-aa92-4993-9789-742725e25dda/!0!12!82!49!128249627412594443271053641714147549548/full/,200/0/default.jpg"$"Komplett"$"Original"$"Standard"$"Einzelseite"$""$"2021"$"Universitäts- und Landesbibliothek Sachsen-Anhalt"$"http://d-nb.info/gnd/2024680-8"$"Halle (Saale)"$"http://d-nb.info/gnd/4023025-9"$"Universitäts- und Landesbibliothek Sachsen-Anhalt"$"http://d-nb.info/gnd/2024680-8"$"Halle (Saale)"$"http://d-nb.info/gnd/4023025-9"
"90"$"Qu. Cod. 216"$"https://opendata.uni-halle.de//json/iiif/1981185920/91816/6ab03b5f-c31d-4530-97ac-90c24d4f170e/manifest"$"https://opendata.uni-halle.de//handle/1981185920/91816"$"https://opendata.uni-halle.de//iiif-imgsrv/74bea39f-428e-4f7b-aa28-3c2c006de31a/!0!12!86!89!128689069501756661820093166967087012159/full/,200/0/default.jpg"$"Komplett"$"Original"$"Standard"$"Einzelseite"$""$"2021"$"Universitäts- und Landesbibliothek Sachsen-Anhalt"$"http://d-nb.info/gnd/2024680-8"$"Halle (Saale)"$"http://d-nb.info/gnd/4023025-9"$"Universitäts- und Landesbibliothek Sachsen-Anhalt"$"http://d-nb.info/gnd/2024680-8"$"Halle (Saale)"$"http://d-nb.info/gnd/4023025-9"
"91"$"Qu. Cod. 215"$"https://opendata.uni-halle.de//json/iiif/1981185920/91809/e5a10d26-0cd6-4959-a767-bf8705b6ef61/manifest"$"https://opendata.uni-halle.de//handle/1981185920/91809"$"https://opendata.uni-halle.de//iiif-imgsrv/807caa7b-78c4-4810-96bc-7bf233b0599b/!0!63!47!38!63473811429063190900901540390474604485/full/,200/0/default.jpg"$"Komplett"$"Original"$"Standard"$"Einzelseite"$""$"2021"$"Universitäts- und Landesbibliothek Sachsen-Anhalt"$"http://d-nb.info/gnd/2024680-8"$"Halle (Saale)"$"http://d-nb.info/gnd/4023025-9"$"Universitäts- und Landesbibliothek Sachsen-Anhalt"$"http://d-nb.info/gnd/2024680-8"$"Halle (Saale)"$"http://d-nb.info/gnd/4023025-9"
"92"$"Qu. Cod. 188"$"https://opendata.uni-halle.de//json/iiif/1981185920/91817/029364e9-3b5e-490b-b447-3fdd72287c93/manifest"$"https://opendata.uni-halle.de//handle/1981185920/91817"$"https://opendata.uni-halle.de//iiif-imgsrv/52f489f2-4734-4f75-8c2f-ca935c2123f0/!0!11!93!32!119332158143133458705075481989252900336/full/,200/0/default.jpg"$"Komplett"$"Original"$"Standard"$"Einzelseite"$""$"2021"$"Universitäts- und Landesbibliothek Sachsen-Anhalt"$"http://d-nb.info/gnd/2024680-8"$"Halle (Saale)"$"http://d-nb.info/gnd/4023025-9"$"Universitäts- und Landesbibliothek Sachsen-Anhalt"$"http://d-nb.info/gnd/2024680-8"$"Halle (Saale)"$"http://d-nb.info/gnd/4023025-9"
"93"$"Qu. Cod. 142"$"https://opendata.uni-halle.de//json/iiif/1981185920/91821/a56f74db-dab9-4d48-a88f-699f9b8b882a/manifest"$"https://opendata.uni-halle.de//handle/1981185920/91821"$"https://opendata.uni-halle.de//iiif-imgsrv/ce9ad62e-2a39-4562-b292-048a8e984291/!0!11!21!26!112126925470610751717277230858680966013/full/,200/0/default.jpg"$"Komplett"$"Original"$"Standard"$"Einzelseite"$""$"2021"$"Universitäts- und Landesbibliothek Sachsen-Anhalt"$"http://d-nb.info/gnd/2024680-8"$"Halle (Saale)"$"http://d-nb.info/gnd/4023025-9"$"Universitäts- und Landesbibliothek Sachsen-Anhalt"$"http://d-nb.info/gnd/2024680-8"$"Halle (Saale)"$"http://d-nb.info/gnd/4023025-9"
"94"$"Qu. Cod. 76"$"https://opendata.uni-halle.de//json/iiif/1981185920/91818/6464a678-d343-48f3-8eac-fb4364c6128c/manifest"$"https://opendata.uni-halle.de//handle/1981185920/91818"$"https://opendata.uni-halle.de//iiif-imgsrv/c35b39eb-aad7-4217-8b18-d45d8e6c076b/!0!10!62!98!106298505876625265973395199513202286404/full/,200/0/default.jpg"$"Komplett"$"Original"$"Standard"$"Einzelseite"$""$"2021"$"Universitäts- und Landesbibliothek Sachsen-Anhalt"$"http://d-nb.info/gnd/2024680-8"$"Halle (Saale)"$"http://d-nb.info/gnd/4023025-9"$"Universitäts- und Landesbibliothek Sachsen-Anhalt"$"http://d-nb.info/gnd/2024680-8"$"Halle (Saale)"$"http://d-nb.info/gnd/4023025-9"
"95"$"Qu. Cod. 75 b"$"https://opendata.uni-halle.de//json/iiif/1981185920/91820/56ad2636-2d38-4a9a-a9b4-c34ecf956ee9/manifest"$"https://opendata.uni-halle.de//handle/1981185920/91820"$"https://opendata.uni-halle.de//iiif-imgsrv/8208809d-0a03-4318-a72e-717cd9ab7a49/!0!13!99!01!139901850694290909514564391413644785329/full/,200/0/default.jpg"$"Komplett"$"Original"$"Standard"$"Einzelseite"$""$"2021"$"Universitäts- und Landesbibliothek Sachsen-Anhalt"$"http://d-nb.info/gnd/2024680-8"$"Halle (Saale)"$"http://d-nb.info/gnd/4023025-9"$"Universitäts- und Landesbibliothek Sachsen-Anhalt"$"http://d-nb.info/gnd/2024680-8"$"Halle (Saale)"$"http://d-nb.info/gnd/4023025-9"
"96"$"Qu. Cod. 70"$"https://opendata.uni-halle.de//json/iiif/1981185920/88089/e9211a6a-64f1-4080-a293-39b0eff98b60/manifest"$"https://opendata.uni-halle.de//handle/1981185920/88089"$"https://opendata.uni-halle.de//iiif-imgsrv/5ff5555c-a340-4e50-b507-d0506ec8c7b7/!0!22!25!39!22253934756221671784360990145621091864/full/,200/0/default.jpg"$"Komplett"$"Original"$"Standard"$"Einzelseite"$""$"2021"$"Universitäts- und Landesbibliothek Sachsen-Anhalt"$"http://d-nb.info/gnd/2024680-8"$"Halle (Saale)"$"http://d-nb.info/gnd/4023025-9"$"Universitäts- und Landesbibliothek Sachsen-Anhalt"$"http://d-nb.info/gnd/2024680-8"$"Halle (Saale)"$"http://d-nb.info/gnd/4023025-9"
"97"$"Qu. Cod. 141"$"https://opendata.uni-halle.de//json/iiif/1981185920/91804/ae8702fb-05a7-4a30-8d23-1276f1bb5a6d/manifest"$"https://opendata.uni-halle.de//handle/1981185920/91804"$"https://opendata.uni-halle.de//iiif-imgsrv/7ec0c398-4470-4718-aa80-bf288677ed83/!0!73!27!81!73278142371295135534125742778138015374/full/,200/0/default.jpg"$"Komplett"$"Original"$"Standard"$"Einzelseite"$""$"2021"$"Universitäts- und Landesbibliothek Sachsen-Anhalt"$"http://d-nb.info/gnd/2024680-8"$"Halle (Saale)"$"http://d-nb.info/gnd/4023025-9"$"Universitäts- und Landesbibliothek Sachsen-Anhalt"$"http://d-nb.info/gnd/2024680-8"$"Halle (Saale)"$"http://d-nb.info/gnd/4023025-9"
"98"$"ThSGV 3147"$"https://opendata.uni-halle.de//json/iiif/1981185920/33715/c2516e26-3f3d-4396-85f6-39a836583f09/manifest"$"https://opendata.uni-halle.de//handle/1981185920/33715"$"https://opendata.uni-halle.de//iiif-imgsrv/14ffd64c-b3e1-4fe5-9311-d7adc076290d/!0!85!05!87!85058747478510627644116916712212512486/full/,200/0/default.jpg"$"Komplett"$"Original"$"Standard"$"Einzelseite"$""$"2021"$"Universitäts- und Landesbibliothek Sachsen-Anhalt"$"http://d-nb.info/gnd/2024680-8"$"Halle (Saale)"$"http://d-nb.info/gnd/4023025-9"$"Universitäts- und Landesbibliothek Sachsen-Anhalt"$"http://d-nb.info/gnd/2024680-8"$"Halle (Saale)"$"http://d-nb.info/gnd/4023025-9"
"99"$"Yc 2° 1"$"https://opendata.uni-halle.de//json/iiif/1981185920/91806/f83f5d6a-09a3-486c-b59f-a18c46bde74f/manifest"$"https://opendata.uni-halle.de//handle/1981185920/91806"$"https://opendata.uni-halle.de//iiif-imgsrv/8ae0b535-2345-45da-b25c-5214824b6648/!0!13!25!90!132590710825798014134251132145049503809/full/,200/0/default.jpg"$"Komplett"$"Original"$"Standard"$"Einzelseite"$""$"2021"$"Universitäts- und Landesbibliothek Sachsen-Anhalt"$"http://d-nb.info/gnd/2024680-8"$"Halle (Saale)"$"http://d-nb.info/gnd/4023025-9"$"Universitäts- und Landesbibliothek Sachsen-Anhalt"$"http://d-nb.info/gnd/2024680-8"$"Halle (Saale)"$"http://d-nb.info/gnd/4023025-9"
"100"$"Yc 8° 6"$"https://opendata.uni-halle.de//json/iiif/1981185920/91822/e5828b3d-bed8-4635-b3a5-b1b4f57b65f7/manifest"$"https://opendata.uni-halle.de//handle/1981185920/91822"$"https://opendata.uni-halle.de//iiif-imgsrv/106e9c74-8aa4-4e5f-98a8-7ec85cb76666/!0!15!35!69!153569651867680570564051810175622985105/full/,200/0/default.jpg"$"Komplett"$"Original"$"Standard"$"Einzelseite"$""$"2021"$"Universitäts- und Landesbibliothek Sachsen-Anhalt"$"http://d-nb.info/gnd/2024680-8"$"Halle (Saale)"$"http://d-nb.info/gnd/4023025-9"$"Universitäts- und Landesbibliothek Sachsen-Anhalt"$"http://d-nb.info/gnd/2024680-8"$"Halle (Saale)"$"http://d-nb.info/gnd/4023025-9"
"101"$"Yd 4° 9"$"https://opendata.uni-halle.de//json/iiif/1981185920/34389/745ab606-f90a-400d-8ae1-fe7a11a996a3/manifest"$"https://opendata.uni-halle.de//handle/1981185920/34389"$"https://opendata.uni-halle.de//iiif-imgsrv/5910c972-0275-43bd-ad77-75c31abf13da/!0!36!76!76!36767603275631931807671975642137016862/full/,200/0/default.jpg"$"Komplett"$"Original"$"Standard"$"Einzelseite"$""$"2021"$"Universitäts- und Landesbibliothek Sachsen-Anhalt"$"http://d-nb.info/gnd/2024680-8"$"Halle (Saale)"$"http://d-nb.info/gnd/4023025-9"$"Universitäts- und Landesbibliothek Sachsen-Anhalt"$"http://d-nb.info/gnd/2024680-8"$"Halle (Saale)"$"http://d-nb.info/gnd/4023025-9"
"102"$"Yg 2° 21"$"https://opendata.uni-halle.de//json/iiif/1981185920/33947/b2b47f55-ff58-4156-a04c-2b323b61a936/manifest"$"https://opendata.uni-halle.de//handle/1981185920/33947"$"https://opendata.uni-halle.de//iiif-imgsrv/8f4aed7c-377f-45f5-bff8-c1c4b944c44a/!0!14!83!82!148382532995144364862685457450095667518/full/,200/0/default.jpg"$"Komplett"$"Original"$"Standard"$"Einzelseite"$""$"2021"$"Universitäts- und Landesbibliothek Sachsen-Anhalt"$"http://d-nb.info/gnd/2024680-8"$"Halle (Saale)"$"http://d-nb.info/gnd/4023025-9"$"Universitäts- und Landesbibliothek Sachsen-Anhalt"$"http://d-nb.info/gnd/2024680-8"$"Halle (Saale)"$"http://d-nb.info/gnd/4023025-9"
"103"$"Yg 4° 19"$"https://opendata.uni-halle.de//json/iiif/1981185920/34715/1988590e-1015-4e69-a0af-ebcf4a0fa64d/manifest"$"https://opendata.uni-halle.de//handle/1981185920/34715"$"https://opendata.uni-halle.de//iiif-imgsrv/366a9883-aa0c-4477-af9c-eb5e28d8b8bb/!0!94!24!49!94244930856631805303524920479561624691/full/,200/0/default.jpg"$"Komplett"$"Original"$"Standard"$"Einzelseite"$""$"2021"$"Universitäts- und Landesbibliothek Sachsen-Anhalt"$"http://d-nb.info/gnd/2024680-8"$"Halle (Saale)"$"http://d-nb.info/gnd/4023025-9"$"Universitäts- und Landesbibliothek Sachsen-Anhalt"$"http://d-nb.info/gnd/2024680-8"$"Halle (Saale)"$"http://d-nb.info/gnd/4023025-9"
"104"$"Yg 4° 22"$"https://opendata.uni-halle.de//json/iiif/1981185920/36240/20a34540-7c9f-442c-b243-a7475907dd76/manifest"$"https://opendata.uni-halle.de//handle/1981185920/36240"$"https://opendata.uni-halle.de//iiif-imgsrv/901329c7-7439-45e1-bfbb-42e8795dd545/!0!33!09!70!3309704953118340304283159833883223043/full/,200/0/default.jpg"$"Komplett"$"Original"$"Standard"$"Einzelseite"$""$"2021"$"Universitäts- und Landesbibliothek Sachsen-Anhalt"$"http://d-nb.info/gnd/2024680-8"$"Halle (Saale)"$"http://d-nb.info/gnd/4023025-9"$"Universitäts- und Landesbibliothek Sachsen-Anhalt"$"http://d-nb.info/gnd/2024680-8"$"Halle (Saale)"$"http://d-nb.info/gnd/4023025-9"
"105"$"Ms Fragm. 1"$"https://opendata.uni-halle.de//json/iiif/1981185920/36300/f3e24c7c-07df-48b8-a057-d2f5b377a5ba/manifest"$"https://opendata.uni-halle.de//handle/1981185920/36300"$"https://opendata.uni-halle.de//iiif-imgsrv/f6793eab-3450-4bb0-b69f-f28919e80657/!0!11!81!16!118116461539102004344843412437092734387/full/,200/0/default.jpg"$"Komplett"$"Original"$"Standard"$"Einzelseite"$""$"2021"$"Universitäts- und Landesbibliothek Sachsen-Anhalt"$"http://d-nb.info/gnd/2024680-8"$"Halle (Saale)"$"http://d-nb.info/gnd/4023025-9"$"Universitäts- und Landesbibliothek Sachsen-Anhalt"$"http://d-nb.info/gnd/2024680-8"$"Halle (Saale)"$"http://d-nb.info/gnd/4023025-9"
"106"$"Ms Fragm. 3"$"https://opendata.uni-halle.de//json/iiif/1981185920/36375/87fa69d1-044f-4f2a-a7d8-f4292902bbe7/manifest"$"https://opendata.uni-halle.de//handle/1981185920/36375"$"https://opendata.uni-halle.de//iiif-imgsrv/8fd0d664-09e2-438a-a368-036a5bcd054f/!0!16!42!73!164273592526090293143142208851145298026/full/,200/0/default.jpg"$"Komplett"$"Original"$"Standard"$"Einzelseite"$""$"2021"$"Universitäts- und Landesbibliothek Sachsen-Anhalt"$"http://d-nb.info/gnd/2024680-8"$"Halle (Saale)"$"http://d-nb.info/gnd/4023025-9"$"Universitäts- und Landesbibliothek Sachsen-Anhalt"$"http://d-nb.info/gnd/2024680-8"$"Halle (Saale)"$"http://d-nb.info/gnd/4023025-9"
"107"$"Ms Fragm. 17"$"https://opendata.uni-halle.de//json/iiif/1981185920/36288/cce2d617-c1e4-4cd3-99b1-a5a886479445/manifest"$"https://opendata.uni-halle.de//handle/1981185920/36288"$"https://opendata.uni-halle.de//iiif-imgsrv/0e29bf74-9e58-4276-beec-1c0ba393f726/!0!12!28!49!12284911972837315271389796597652091324/full/,200/0/default.jpg"$"Komplett"$"Original"$"Standard"$"Einzelseite"$""$"2021"$"Universitäts- und Landesbibliothek Sachsen-Anhalt"$"http://d-nb.info/gnd/2024680-8"$"Halle (Saale)"$"http://d-nb.info/gnd/4023025-9"$"Universitäts- und Landesbibliothek Sachsen-Anhalt"$"http://d-nb.info/gnd/2024680-8"$"Halle (Saale)"$"http://d-nb.info/gnd/4023025-9"
"108"$"Ms Fragm. 20"$"https://opendata.uni-halle.de//json/iiif/1981185920/36387/7a166ef6-1895-49e5-a18b-13644fe9de14/manifest"$"https://opendata.uni-halle.de//handle/1981185920/36387"$"https://opendata.uni-halle.de//iiif-imgsrv/13f81234-50ae-443e-89cd-ed8f1be502a9/!0!60!42!97!60429792056877348786841782615465464489/full/,200/0/default.jpg"$"Komplett"$"Original"$"Standard"$"Einzelseite"$""$"2021"$"Universitäts- und Landesbibliothek Sachsen-Anhalt"$"http://d-nb.info/gnd/2024680-8"$"Halle (Saale)"$"http://d-nb.info/gnd/4023025-9"$"Universitäts- und Landesbibliothek Sachsen-Anhalt"$"http://d-nb.info/gnd/2024680-8"$"Halle (Saale)"$"http://d-nb.info/gnd/4023025-9"
"109"$"Ms Fragm. 26"$"https://opendata.uni-halle.de//json/iiif/1981185920/36374/9e6a516a-e137-4a27-b86d-7affa73903d0/manifest"$"https://opendata.uni-halle.de//handle/1981185920/36374"$"https://opendata.uni-halle.de//iiif-imgsrv/26d2b489-aa17-45db-ae66-c22f71ef1104/!0!96!03!57!96035771450384308241104143628959035523/full/,200/0/default.jpg"$"Komplett"$"Original"$"Standard"$"Einzelseite"$""$"2021"$"Universitäts- und Landesbibliothek Sachsen-Anhalt"$"http://d-nb.info/gnd/2024680-8"$"Halle (Saale)"$"http://d-nb.info/gnd/4023025-9"$"Universitäts- und Landesbibliothek Sachsen-Anhalt"$"http://d-nb.info/gnd/2024680-8"$"Halle (Saale)"$"http://d-nb.info/gnd/4023025-9"
"110"$"Ms Fragm. 171"$"https://opendata.uni-halle.de//json/iiif/1981185920/36299/97e7f422-7770-4cc0-bbe2-a026459294e9/manifest"$"https://opendata.uni-halle.de//handle/1981185920/36299"$"https://opendata.uni-halle.de//iiif-imgsrv/688fdd22-f76e-4709-88f2-3fc8b319e37c/!0!11!13!66!111366430960919921257967849340269355035/full/,200/0/default.jpg"$"Komplett"$"Original"$"Standard"$"Einzelseite"$""$"2021"$"Universitäts- und Landesbibliothek Sachsen-Anhalt"$"http://d-nb.info/gnd/2024680-8"$"Halle (Saale)"$"http://d-nb.info/gnd/4023025-9"$"Universitäts- und Landesbibliothek Sachsen-Anhalt"$"http://d-nb.info/gnd/2024680-8"$"Halle (Saale)"$"http://d-nb.info/gnd/4023025-9"
"111"$"Ms Fragm. 180"$"https://opendata.uni-halle.de//json/iiif/1981185920/36436/7f40a004-3d76-4efe-b080-f548fd852ce8/manifest"$"https://opendata.uni-halle.de//handle/1981185920/36436"$"https://opendata.uni-halle.de//iiif-imgsrv/d5fc1a9c-bc5c-46e2-afd6-2d369bb0e180/!0!12!16!18!121618034098395375183077334267666516042/full/,200/0/default.jpg"$"Komplett"$"Original"$"Standard"$"Einzelseite"$""$"2021"$"Universitäts- und Landesbibliothek Sachsen-Anhalt"$"http://d-nb.info/gnd/2024680-8"$"Halle (Saale)"$"http://d-nb.info/gnd/4023025-9"$"Universitäts- und Landesbibliothek Sachsen-Anhalt"$"http://d-nb.info/gnd/2024680-8"$"Halle (Saale)"$"http://d-nb.info/gnd/4023025-9"