"Emden"$"4014564-5"$"Stiftung Johannes a Lasco Bibliothek Große Kirche Emden"$"2179343-8"$"Emden, JALB, Hs 2º 3"$"Emden, JALB, Hs 2° 3"$"Emden, BGro K, Hs. fol. 3"$"Hs. 2o 3"$"Hs. 2° 3"$"Hs. 2º 3"$"Hs. fol. 3"
"Emden"$"4014564-5"$"Stiftung Johannes a Lasco Bibliothek Große Kirche Emden"$"2179343-8"$"Emden, JALB, Hs 4º 1"$"Emden, JALB, Hs 4° 1"$"Emden, BGro K, Hs. quart 1"$"Hs. 4o 1"$"Hs. 4° 1"$"Hs. 4º 1"$"Hs. quart 1"
"Emden"$"4014564-5"$"Stiftung Johannes a Lasco Bibliothek Große Kirche Emden"$"2179343-8"$"Emden, JALB, Hs 4º 2"$"Emden, JALB, Hs 4° 2"$"Emden, BGro K, Hs. quart 2"$"Hs. 4o 2"$"Hs. 4° 2"$"Hs. 4º 2"$"Hs. quart 2"
"Emden"$"4014564-5"$"Stiftung Johannes a Lasco Bibliothek Große Kirche Emden"$"2179343-8"$"Emden, JALB, Hs 4º 3"$"Emden, JALB, Hs 4° 3"$"Emden, BGro K, Hs. quart 3"$"Hs. 4o 3"$"Hs. 4° 3"$"Hs. 4º 3"$"Hs. quart 3"
"Emden"$"4014564-5"$"Stiftung Johannes a Lasco Bibliothek Große Kirche Emden"$"2179343-8"$"Emden, JALB, Hs 4º 4"$"Emden, JALB, Hs 4° 4"$"Emden, BGro K, Hs. quart 4"$"Hs. 4o 4"$"Hs. 4° 4"$"Hs. 4º 4"$"Hs. quart 4"
"Emden"$"4014564-5"$"Stiftung Johannes a Lasco Bibliothek Große Kirche Emden"$"2179343-8"$"Emden, JALB, Hs 4º 14"$"Emden, JALB, Hs 4° 14"$"Emden, BGro K, Hs. quart 14"$"Hs. 4o 14"$"Hs. 4° 14"$"Hs. 4º 14"$"Hs. quart 14"
"Emden"$"4014564-5"$"Stiftung Johannes a Lasco Bibliothek Große Kirche Emden"$"2179343-8"$"Emden, JALB, Hs 4º 17"$"Emden, JALB, Hs 4° 17"$"Emden, BGro K, Hs. quart 17"$"Hs. 4o 17"$"Hs. 4° 17"$"Hs. 4º 17"$"Hs. quart 17"
"Emden"$"4014564-5"$"Stiftung Johannes a Lasco Bibliothek Große Kirche Emden"$"2179343-8"$"Emden, JALB, Hs 4º 18"$"Emden, JALB, Hs 4° 18"$"Emden, BGro K, Hs. quart 18"$"Hs. 4o 18"$"Hs. 4° 18"$"Hs. 4º 18"$"Hs. quart 18"
"Emden"$"4014564-5"$"Stiftung Johannes a Lasco Bibliothek Große Kirche Emden"$"2179343-8"$"Emden, JALB, Hs 4º 30"$"Emden, JALB, Hs 4° 30"$"Emden, BGro K, Hs. quart 30"$"Hs. 4o 30"$"Hs. 4° 30"$"Hs. 4º 30"$"Hs. quart 30"
"Emden"$"4014564-5"$"Stiftung Johannes a Lasco Bibliothek Große Kirche Emden"$"2179343-8"$"Emden, JALB, Hs 4º 75"$"Emden, JALB, Hs 4° 75"$"Emden, BGro K, Hs. quart 75"$"Hs. 4o 75"$"Hs. 4° 75"$"Hs. 4º 75"$"Hs. quart 75"
"Emden"$"4014564-5"$"Stiftung Johannes a Lasco Bibliothek Große Kirche Emden"$"2179343-8"$"Emden, JALB, Hs 4º 76"$"Emden, JALB, Hs 4° 76"$"Emden, BGro K, Hs. quart 76"$"Hs. 4o 76"$"Hs. 4° 76"$"Hs. 4º 76"$"Hs. quart 76"
"Emden"$"4014564-5"$"Stiftung Johannes a Lasco Bibliothek Große Kirche Emden"$"2179343-8"$"Emden, JALB, Kunst, Hs 535"$"Emden, BGeschBiKu, Hs. 63"$"Bi Kunst 063"$"Hs. 63"
"Emden"$"4014564-5"$"Stiftung Johannes a Lasco Bibliothek Große Kirche Emden"$"2179343-8"$"Emden, JALB, Kunst, Hs 543"$"Emden, BGeschBiKu, Hs. 64"$"Bi Kunst 064"$"Hs. 64"
"Emden"$"4014564-5"$"Stiftung Johannes a Lasco Bibliothek Große Kirche Emden"$"2179343-8"$"Emden, JALB, Kunst, Hs 539"$"Emden, BGeschBiKu, Hs. 76"$"Bi Kunst 076"$"Hs. 76"
"Emden"$"4014564-5"$"Stiftung Johannes a Lasco Bibliothek Große Kirche Emden"$"2179343-8"$"Emden, JALB, Kunst, Hs 542"$"Emden, BGeschBiKu, Hs. 100"$"Bi Kunst 100"$"Hs. 100"






