"1"$"2 Cod. Ms. hist. 740 Cim."$"https://manifests.sub.uni-goettingen.de/iiif/presentation/PPN1012142418/manifest?version=03be9719"$"https://resolver.sub.uni-goettingen.de/purl?PPN1012142418"$"https://images.sub.uni-goettingen.de/iiif/image/gdz:PPN1012142418:00000001/full/96,/0/default.jpg"$"Komplett"$"Original"$"Standard"$"Einzelseite"$"2018"$""$"Niedersächsische Staats- und Universitätsbibliothek Göttingen"$"https://d-nb.info/gnd/2020450-4"$"Göttingen"$"https://d-nb.info/gnd/4021477-1"$"Niedersächsische Staats- und Universitätsbibliothek Göttingen"$"https://d-nb.info/gnd/2020450-4"$"Göttingen"$"https://d-nb.info/gnd/4021477-1"
"2"$"2 Cod. Ms. jurid. 213"$"https://manifests.sub.uni-goettingen.de/iiif/presentation/PPN1066647852/manifest?version=03be9719"$"https://resolver.sub.uni-goettingen.de/purl?PPN1066647852"$"https://images.sub.uni-goettingen.de/iiif/image/gdz:PPN1066647852:00000001/full/96,/0/default.jpg"$"Komplett"$"Original"$"Standard"$"Einzelseite"$"2019"$""$"Niedersächsische Staats- und Universitätsbibliothek Göttingen"$"https://d-nb.info/gnd/2020450-4"$"Göttingen"$"https://d-nb.info/gnd/4021477-1"$"Niedersächsische Staats- und Universitätsbibliothek Göttingen"$"https://d-nb.info/gnd/2020450-4"$"Göttingen"$"https://d-nb.info/gnd/4021477-1"
"3"$"8 Cod. Ms. theol. 160"$"https://manifests.sub.uni-goettingen.de/iiif/presentation/PPN86944929X/manifest?version=03be9719"$"https://resolver.sub.uni-goettingen.de/purl?PPN86944929X"$"https://images.sub.uni-goettingen.de/iiif/image/gdz:PPN86944929X:00000001/full/96,/0/default.jpg"$"Komplett"$"Original"$"Standard"$"Einzelseite"$"2016"$""$"Niedersächsische Staats- und Universitätsbibliothek Göttingen"$"https://d-nb.info/gnd/2020450-4"$"Göttingen"$"https://d-nb.info/gnd/4021477-1"$"Niedersächsische Staats- und Universitätsbibliothek Göttingen"$"https://d-nb.info/gnd/2020450-4"$"Göttingen"$"https://d-nb.info/gnd/4021477-1"
"4"$"8 Cod. Ms. theol. 243"$"https://manifests.sub.uni-goettingen.de/iiif/presentation/PPN1066663408/manifest?version=03be9719"$"https://resolver.sub.uni-goettingen.de/purl?PPN1066663408"$""""https://images.sub.uni-goettingen.de/iiif/image/gdz:PPN1066663408:00000001/full/96,/0/default.jpg""$"Komplett"$"Original"$"Standard"$"Einzelseite"$"2019"$""$"Niedersächsische Staats- und Universitätsbibliothek Göttingen"$"https://d-nb.info/gnd/2020450-4"$"Göttingen"$"https://d-nb.info/gnd/4021477-1"$"Niedersächsische Staats- und Universitätsbibliothek Göttingen"$"https://d-nb.info/gnd/2020450-4"$"Göttingen"$"https://d-nb.info/gnd/4021477-1"
"5"$"4 Cod. Ms. theol. 197"$"https://manifests.sub.uni-goettingen.de/iiif/presentation/DE-611-HS-3571207/manifest?version=03be9719"$"https://resolver.sub.uni-goettingen.de/purl?DE-611-HS-3571207"$"https://images.sub.uni-goettingen.de/iiif/image/gdz:DE-611-HS-3571207:00000001/full/96,/0/default.jpg"$"Komplett"$"Original"$"Standard"$"Einzelseite"$"2020"$""$"Niedersächsische Staats- und Universitätsbibliothek Göttingen"$"https://d-nb.info/gnd/2020450-4"$"Göttingen"$"https://d-nb.info/gnd/4021477-1"$"Niedersächsische Staats- und Universitätsbibliothek Göttingen"$"https://d-nb.info/gnd/2020450-4"$"Göttingen"$"https://d-nb.info/gnd/4021477-1"
"6"$"8 Cod. Ms. theol. 204"$"https://manifests.sub.uni-goettingen.de/iiif/presentation/DE-611-HS-3554073/manifest?version=03be9719"$"https://resolver.sub.uni-goettingen.de/purl?DE-611-HS-3554073"$"https://images.sub.uni-goettingen.de/iiif/image/gdz:DE-611-HS-3554073:00000001/full/96,/0/default.jpg"$"Komplett"$"Original"$"Standard"$"Einzelseite"$"2015"$""$"Niedersächsische Staats- und Universitätsbibliothek Göttingen"$"https://d-nb.info/gnd/2020450-4"$"Göttingen"$"https://d-nb.info/gnd/4021477-1"$"Niedersächsische Staats- und Universitätsbibliothek Göttingen"$"https://d-nb.info/gnd/2020450-4"$"Göttingen"$"https://d-nb.info/gnd/4021477-1"
"7"$"2 Cod. Ms. hist. 98"$"https://manifests.sub.uni-goettingen.de/iiif/presentation/DE-611-HS-3563081/manifest?version=03be9719"$"https://resolver.sub.uni-goettingen.de/purl?DE-611-HS-3563081"$"https://images.sub.uni-goettingen.de/iiif/image/gdz:DE-611-HS-3563081:00000001/full/96,/0/default.jpg"$"Komplett"$"Original"$"Standard"$"Einzelseite"$"2020"$""$"Niedersächsische Staats- und Universitätsbibliothek Göttingen"$"https://d-nb.info/gnd/2020450-4"$"Göttingen"$"https://d-nb.info/gnd/4021477-1"$"Niedersächsische Staats- und Universitätsbibliothek Göttingen"$"https://d-nb.info/gnd/2020450-4"$"Göttingen"$"https://d-nb.info/gnd/4021477-1"
"8"$"4 Cod. Ms. hist. 45"$"https://manifests.sub.uni-goettingen.de/iiif/presentation/DE-611-HS-3563070/manifest?version=03be9719"$"https://resolver.sub.uni-goettingen.de/purl?DE-611-HS-3563070"$"https://images.sub.uni-goettingen.de/iiif/image/gdz:DE-611-HS-3563070:00000001/full/96,/0/default.jpg"$"Komplett"$"Original"$"Standard"$"Einzelseite"$"2020"$""$"Niedersächsische Staats- und Universitätsbibliothek Göttingen"$"https://d-nb.info/gnd/2020450-4"$"Göttingen"$"https://d-nb.info/gnd/4021477-1"$"Niedersächsische Staats- und Universitätsbibliothek Göttingen"$"https://d-nb.info/gnd/2020450-4"$"Göttingen"$"https://d-nb.info/gnd/4021477-1"
"9"$"2 Cod. Ms. theol. 107r Cim."$"https://manifests.sub.uni-goettingen.de/iiif/presentation/DE-611-HS-3560553/manifest?version=03be9719"$"https://resolver.sub.uni-goettingen.de/purl?DE-611-HS-3560553"$"https://images.sub.uni-goettingen.de/iiif/image/gdz:DE-611-HS-3560553:00000001/full/96,/0/default.jpg"$"Komplett"$"Original"$"Standard"$"Einzelseite"$"2020"$""$"Niedersächsische Staats- und Universitätsbibliothek Göttingen"$"https://d-nb.info/gnd/2020450-4"$"Göttingen"$"https://d-nb.info/gnd/4021477-1"$"Niedersächsische Staats- und Universitätsbibliothek Göttingen"$"https://d-nb.info/gnd/2020450-4"$"Göttingen"$"https://d-nb.info/gnd/4021477-1"
"10"$"2 Cod. Ms. philos. 47"$"https://manifests.sub.uni-goettingen.de/iiif/presentation/DE-611-HS-3800088/manifest?version=03be9719"$"https://resolver.sub.uni-goettingen.de/purl?DE-611-HS-3800088"$"https://images.sub.uni-goettingen.de/iiif/image/gdz:DE-611-HS-3800088:00000001/full/96,/0/default.jpg"$"Komplett"$"Original"$"Standard"$"Einzelseite"$"2021"$""$"Niedersächsische Staats- und Universitätsbibliothek Göttingen"$"https://d-nb.info/gnd/2020450-4"$"Göttingen"$"https://d-nb.info/gnd/4021477-1"$"Niedersächsische Staats- und Universitätsbibliothek Göttingen"$"https://d-nb.info/gnd/2020450-4"$"Göttingen"$"https://d-nb.info/gnd/4021477-1"
"11"$"2 Cod. Ms. jurid. 394"$"https://manifests.sub.uni-goettingen.de/iiif/presentation/DE-611-HS-3753908/manifest?version=03be9719"$"https://resolver.sub.uni-goettingen.de/purl?DE-611-HS-3753908"$"https://images.sub.uni-goettingen.de/iiif/image/gdz:DE-611-HS-3753908:00000001/full/96,/0/default.jpg"$"Komplett"$"Original"$"Standard"$"Einzelseite"$"2021"$""$"Niedersächsische Staats- und Universitätsbibliothek Göttingen"$"https://d-nb.info/gnd/2020450-4"$"Göttingen"$"https://d-nb.info/gnd/4021477-1"$"Niedersächsische Staats- und Universitätsbibliothek Göttingen"$"https://d-nb.info/gnd/2020450-4"$"Göttingen"$"https://d-nb.info/gnd/4021477-1"
"12"$"2 Cod. Ms. jurid. 388"$"https://manifests.sub.uni-goettingen.de/iiif/presentation/DE-611-HS-3753323/manifest?version=03be9719"$"https://resolver.sub.uni-goettingen.de/purl?DE-611-HS-3753323"$"https://images.sub.uni-goettingen.de/iiif/image/gdz:DE-611-HS-3753323:00000001/full/96,/0/default.jpg"$"Komplett"$"Original"$"Standard"$"Einzelseite"$"2021"$""$"Niedersächsische Staats- und Universitätsbibliothek Göttingen"$"https://d-nb.info/gnd/2020450-4"$"Göttingen"$"https://d-nb.info/gnd/4021477-1"$"Niedersächsische Staats- und Universitätsbibliothek Göttingen"$"https://d-nb.info/gnd/2020450-4"$"Göttingen"$"https://d-nb.info/gnd/4021477-1"
"13"$"2 Cod. Ms. jurid. 392"$"https://manifests.sub.uni-goettingen.de/iiif/presentation/DE-611-HS-3749884/manifest?version=03be9719"$"https://resolver.sub.uni-goettingen.de/purl?DE-611-HS-3749884"$"https://images.sub.uni-goettingen.de/iiif/image/gdz:DE-611-HS-3749884:00000001/full/96,/0/default.jpg"$"Komplett"$"Original"$"Standard"$"Einzelseite"$"2021"$""$"Niedersächsische Staats- und Universitätsbibliothek Göttingen"$"https://d-nb.info/gnd/2020450-4"$"Göttingen"$"https://d-nb.info/gnd/4021477-1"$"Niedersächsische Staats- und Universitätsbibliothek Göttingen"$"https://d-nb.info/gnd/2020450-4"$"Göttingen"$"https://d-nb.info/gnd/4021477-1"
"14"$"2 Cod. Ms. jurid. 389"$"https://manifests.sub.uni-goettingen.de/iiif/presentation/DE-611-HS-3753325/manifest?version=03be9719"$"https://resolver.sub.uni-goettingen.de/purl?DE-611-HS-3753325"$"https://images.sub.uni-goettingen.de/iiif/image/gdz:DE-611-HS-3753325:00000001/full/96,/0/default.jpg"$"Komplett"$"Original"$"Standard"$"Einzelseite"$"2021"$""$"Niedersächsische Staats- und Universitätsbibliothek Göttingen"$"https://d-nb.info/gnd/2020450-4"$"Göttingen"$"https://d-nb.info/gnd/4021477-1"$"Niedersächsische Staats- und Universitätsbibliothek Göttingen"$"https://d-nb.info/gnd/2020450-4"$"Göttingen"$"https://d-nb.info/gnd/4021477-1"
"15"$"2 Cod. Ms. jurid. 214"$"https://manifests.sub.uni-goettingen.de/iiif/presentation/DE-611-HS-3753321/manifest?version=03be9719"$"https://resolver.sub.uni-goettingen.de/purl?DE-611-HS-3753321"$"https://images.sub.uni-goettingen.de/iiif/image/gdz:DE-611-HS-3753321:00000001/full/96,/0/default.jpg"$"Komplett"$"Original"$"Standard"$"Einzelseite"$"2021"$""$"Niedersächsische Staats- und Universitätsbibliothek Göttingen"$"https://d-nb.info/gnd/2020450-4"$"Göttingen"$"https://d-nb.info/gnd/4021477-1"$"Niedersächsische Staats- und Universitätsbibliothek Göttingen"$"https://d-nb.info/gnd/2020450-4"$"Göttingen"$"https://d-nb.info/gnd/4021477-1"
"16"$"2 Cod. Ms. hist. 46"$"https://manifests.sub.uni-goettingen.de/iiif/presentation/DE-611-HS-3741927/manifest?version=03be9719"$"https://resolver.sub.uni-goettingen.de/purl?DE-611-HS-3741927"$"https://images.sub.uni-goettingen.de/iiif/image/gdz:DE-611-HS-3741927:00000001/full/96,/0/default.jpg"$"Komplett"$"Original"$"Standard"$"Einzelseite"$"2021"$""$"Niedersächsische Staats- und Universitätsbibliothek Göttingen"$"https://d-nb.info/gnd/2020450-4"$"Göttingen"$"https://d-nb.info/gnd/4021477-1"$"Niedersächsische Staats- und Universitätsbibliothek Göttingen"$"https://d-nb.info/gnd/2020450-4"$"Göttingen"$"https://d-nb.info/gnd/4021477-1"
"17"$"2 Cod. Ms. jurid. 385"$"https://manifests.sub.uni-goettingen.de/iiif/presentation/DE-611-HS-3800090/manifest?version=03be9719"$"https://resolver.sub.uni-goettingen.de/purl?DE-611-HS-3800090"$"https://images.sub.uni-goettingen.de/iiif/image/gdz:DE-611-HS-3800090:00000001/full/96,/0/default.jpg"$"Komplett"$"Original"$"Standard"$"Einzelseite"$"2021"$""$"Niedersächsische Staats- und Universitätsbibliothek Göttingen"$"https://d-nb.info/gnd/2020450-4"$"Göttingen"$"https://d-nb.info/gnd/4021477-1"$"Niedersächsische Staats- und Universitätsbibliothek Göttingen"$"https://d-nb.info/gnd/2020450-4"$"Göttingen"$"https://d-nb.info/gnd/4021477-1"
"18"$"2 Cod. Ms. jurid. 391"$"https://manifests.sub.uni-goettingen.de/iiif/presentation/DE-611-HS-3800080/manifest?version=03be9719"$"https://resolver.sub.uni-goettingen.de/purl?DE-611-HS-3800080"$"https://images.sub.uni-goettingen.de/iiif/image/gdz:DE-611-HS-3800080:00000001/full/96,/0/default.jpg"$"Komplett"$"Original"$"Standard"$"Einzelseite"$"2021"$""$"Niedersächsische Staats- und Universitätsbibliothek Göttingen"$"https://d-nb.info/gnd/2020450-4"$"Göttingen"$"https://d-nb.info/gnd/4021477-1"$"Niedersächsische Staats- und Universitätsbibliothek Göttingen"$"https://d-nb.info/gnd/2020450-4"$"Göttingen"$"https://d-nb.info/gnd/4021477-1"
"19"$"4 Cod. Ms. hist. nat. 88"$"https://manifests.sub.uni-goettingen.de/iiif/presentation/DE-611-HS-3753294/manifest?version=03be9719"$"https://resolver.sub.uni-goettingen.de/purl?DE-611-HS-3753294"$"https://images.sub.uni-goettingen.de/iiif/image/gdz:DE-611-HS-3753294:00000001/full/96,/0/default.jpg"$"Komplett"$"Original"$"Standard"$"Einzelseite"$"2021"$""$"Niedersächsische Staats- und Universitätsbibliothek Göttingen"$"https://d-nb.info/gnd/2020450-4"$"Göttingen"$"https://d-nb.info/gnd/4021477-1"$"Niedersächsische Staats- und Universitätsbibliothek Göttingen"$"https://d-nb.info/gnd/2020450-4"$"Göttingen"$"https://d-nb.info/gnd/4021477-1"
"20"$"2 Cod. Ms. jurid. 393"$"https://manifests.sub.uni-goettingen.de/iiif/presentation/DE-611-HS-3753238/manifest?version=03be9719"$"https://resolver.sub.uni-goettingen.de/purl?DE-611-HS-3753238"$"https://images.sub.uni-goettingen.de/iiif/image/gdz:DE-611-HS-3753238:00000001/full/96,/0/default.jpg"$"Komplett"$"Original"$"Standard"$"Einzelseite"$"2021"$""$"Niedersächsische Staats- und Universitätsbibliothek Göttingen"$"https://d-nb.info/gnd/2020450-4"$"Göttingen"$"https://d-nb.info/gnd/4021477-1"$"Niedersächsische Staats- und Universitätsbibliothek Göttingen"$"https://d-nb.info/gnd/2020450-4"$"Göttingen"$"https://d-nb.info/gnd/4021477-1"
"21"$"4 Cod. Ms. hist. 823"$"https://manifests.sub.uni-goettingen.de/iiif/presentation/DE-611-HS-3744913/manifest?version=03be9719"$"https://resolver.sub.uni-goettingen.de/purl?DE-611-HS-3744913"$"https://images.sub.uni-goettingen.de/iiif/image/gdz:DE-611-HS-3744913:00000001/full/96,/0/default.jpg"$"Komplett"$"Original"$"Standard"$"Einzelseite"$"2021"$""$"Niedersächsische Staats- und Universitätsbibliothek Göttingen"$"https://d-nb.info/gnd/2020450-4"$"Göttingen"$"https://d-nb.info/gnd/4021477-1"$"Niedersächsische Staats- und Universitätsbibliothek Göttingen"$"https://d-nb.info/gnd/2020450-4"$"Göttingen"$"https://d-nb.info/gnd/4021477-1"
"22"$"8 Cod. Ms. theol. 200"$"https://manifests.sub.uni-goettingen.de/iiif/presentation/DE-611-HS-3767765/manifest?version=03be9719"$"https://resolver.sub.uni-goettingen.de/purl?DE-611-HS-3767765"$"https://images.sub.uni-goettingen.de/iiif/image/gdz:DE-611-HS-3767765:00000001/full/96,/0/default.jpg"$"Komplett"$"Original"$"Standard"$"Einzelseite"$"2021"$""$"Niedersächsische Staats- und Universitätsbibliothek Göttingen"$"https://d-nb.info/gnd/2020450-4"$"Göttingen"$"https://d-nb.info/gnd/4021477-1"$"Niedersächsische Staats- und Universitätsbibliothek Göttingen"$"https://d-nb.info/gnd/2020450-4"$"Göttingen"$"https://d-nb.info/gnd/4021477-1"
"23"$"2 Cod. Ms. jurid. 395"$"https://manifests.sub.uni-goettingen.de/iiif/presentation/DE-611-HS-3753928/manifest?version=03be9719"$"https://resolver.sub.uni-goettingen.de/purl?DE-611-HS-3753928"$"https://images.sub.uni-goettingen.de/iiif/image/gdz:DE-611-HS-3753928:00000001/full/96,/0/default.jpg"$"Komplett"$"Original"$"Standard"$"Einzelseite"$"2021"$""$"Niedersächsische Staats- und Universitätsbibliothek Göttingen"$"https://d-nb.info/gnd/2020450-4"$"Göttingen"$"https://d-nb.info/gnd/4021477-1"$"Niedersächsische Staats- und Universitätsbibliothek Göttingen"$"https://d-nb.info/gnd/2020450-4"$"Göttingen"$"https://d-nb.info/gnd/4021477-1"
"24"$"2 Cod. Ms. theol. 101n Cim."$"https://manifests.sub.uni-goettingen.de/iiif/presentation/DE-611-HS-3796554/manifest?version=03be9719"$"https://resolver.sub.uni-goettingen.de/purl?DE-611-HS-3796554"$"https://images.sub.uni-goettingen.de/iiif/image/gdz:DE-611-HS-3796554:00000001/full/96,/0/default.jpg"$"Komplett"$"Original"$"Standard"$"Einzelseite"$"2021"$""$"Niedersächsische Staats- und Universitätsbibliothek Göttingen"$"https://d-nb.info/gnd/2020450-4"$"Göttingen"$"https://d-nb.info/gnd/4021477-1"$"Niedersächsische Staats- und Universitätsbibliothek Göttingen"$"https://d-nb.info/gnd/2020450-4"$"Göttingen"$"https://d-nb.info/gnd/4021477-1"
"25"$"2 Cod. Ms. philos. 98"$"https://manifests.sub.uni-goettingen.de/iiif/presentation/DE-611-HS-3794300/manifest?version=03be9719"$"https://resolver.sub.uni-goettingen.de/purl?DE-611-HS-3794300"$"https://images.sub.uni-goettingen.de/iiif/image/gdz:DE-611-HS-3794300:00000001/full/96,/0/default.jpg"$"Komplett"$"Original"$"Standard"$"Einzelseite"$"2021"$""$"Niedersächsische Staats- und Universitätsbibliothek Göttingen"$"https://d-nb.info/gnd/2020450-4"$"Göttingen"$"https://d-nb.info/gnd/4021477-1"$"Niedersächsische Staats- und Universitätsbibliothek Göttingen"$"https://d-nb.info/gnd/2020450-4"$"Göttingen"$"https://d-nb.info/gnd/4021477-1"
"26"$"8 Cod. Ms. theol. 290"$"https://manifests.sub.uni-goettingen.de/iiif/presentation/DE-611-HS-3753193/manifest?version=03be9719"$"https://resolver.sub.uni-goettingen.de/purl?DE-611-HS-3753193"$"https://images.sub.uni-goettingen.de/iiif/image/gdz:DE-611-HS-3753193:00000001/full/96,/0/default.jpg"$"Komplett"$"Original"$"Standard"$"Einzelseite"$"2021"$""$"Niedersächsische Staats- und Universitätsbibliothek Göttingen"$"https://d-nb.info/gnd/2020450-4"$"Göttingen"$"https://d-nb.info/gnd/4021477-1"$"Niedersächsische Staats- und Universitätsbibliothek Göttingen"$"https://d-nb.info/gnd/2020450-4"$"Göttingen"$"https://d-nb.info/gnd/4021477-1"
"27"$"4 Cod. Ms. hist. 553"$"https://manifests.sub.uni-goettingen.de/iiif/presentation/DE-611-HS-3744899/manifest?version=03be9719"$"https://resolver.sub.uni-goettingen.de/purl?DE-611-HS-3744899"$"https://images.sub.uni-goettingen.de/iiif/image/gdz:DE-611-HS-3744899:00000001/full/96,/0/default.jpg"$"Komplett"$"Original"$"Standard"$"Einzelseite"$"2021"$""$"Niedersächsische Staats- und Universitätsbibliothek Göttingen"$"https://d-nb.info/gnd/2020450-4"$"Göttingen"$"https://d-nb.info/gnd/4021477-1"$"Niedersächsische Staats- und Universitätsbibliothek Göttingen"$"https://d-nb.info/gnd/2020450-4"$"Göttingen"$"https://d-nb.info/gnd/4021477-1"
"28"$"8 Cod. Ms. theol. 147"$"https://manifests.sub.uni-goettingen.de/iiif/presentation/DE-611-HS-3794303/manifest?version=03be9719"$"https://resolver.sub.uni-goettingen.de/purl?DE-611-HS-3794303"$"https://images.sub.uni-goettingen.de/iiif/image/gdz:DE-611-HS-3794303:00000001/full/96,/0/default.jpg"$"Komplett"$"Original"$"Standard"$"Einzelseite"$"2021"$""$"Niedersächsische Staats- und Universitätsbibliothek Göttingen"$"https://d-nb.info/gnd/2020450-4"$"Göttingen"$"https://d-nb.info/gnd/4021477-1"$"Niedersächsische Staats- und Universitätsbibliothek Göttingen"$"https://d-nb.info/gnd/2020450-4"$"Göttingen"$"https://d-nb.info/gnd/4021477-1"
"29"$"8 Cod. Ms. jurid. 94"$"https://manifests.sub.uni-goettingen.de/iiif/presentation/DE-611-HS-3794179/manifest?version=03be9719"$"https://resolver.sub.uni-goettingen.de/purl?DE-611-HS-3794179"$"https://images.sub.uni-goettingen.de/iiif/image/gdz:DE-611-HS-3794179:00000001/full/96,/0/default.jpg"$"Komplett"$"Original"$"Standard"$"Einzelseite"$"2021"$""$"Niedersächsische Staats- und Universitätsbibliothek Göttingen"$"https://d-nb.info/gnd/2020450-4"$"Göttingen"$"https://d-nb.info/gnd/4021477-1"$"Niedersächsische Staats- und Universitätsbibliothek Göttingen"$"https://d-nb.info/gnd/2020450-4"$"Göttingen"$"https://d-nb.info/gnd/4021477-1"
"30"$"8 Cod. Ms. theol. 294 Cim."$"https://manifests.sub.uni-goettingen.de/iiif/presentation/DE-611-HS-3747839/manifest?version=03be9719"$"https://resolver.sub.uni-goettingen.de/purl?DE-611-HS-3747839"$"https://images.sub.uni-goettingen.de/iiif/image/gdz:DE-611-HS-3747839:00000001/full/96,/0/default.jpg"$"Komplett"$"Original"$"Standard"$"Einzelseite"$"2021"$""$"Niedersächsische Staats- und Universitätsbibliothek Göttingen"$"https://d-nb.info/gnd/2020450-4"$"Göttingen"$"https://d-nb.info/gnd/4021477-1"$"Niedersächsische Staats- und Universitätsbibliothek Göttingen"$"https://d-nb.info/gnd/2020450-4"$"Göttingen"$"https://d-nb.info/gnd/4021477-1"
"31"$"8 Cod. Ms. theol. 82"$"https://manifests.sub.uni-goettingen.de/iiif/presentation/DE-611-HS-3754005/manifest?version=03be9719"$"https://resolver.sub.uni-goettingen.de/purl?DE-611-HS-3754005"$"https://images.sub.uni-goettingen.de/iiif/image/gdz:DE-611-HS-3754005:00000001/full/96,/0/default.jpg"$"Komplett"$"Original"$"Standard"$"Einzelseite"$"2021"$""$"Niedersächsische Staats- und Universitätsbibliothek Göttingen"$"https://d-nb.info/gnd/2020450-4"$"Göttingen"$"https://d-nb.info/gnd/4021477-1"$"Niedersächsische Staats- und Universitätsbibliothek Göttingen"$"https://d-nb.info/gnd/2020450-4"$"Göttingen"$"https://d-nb.info/gnd/4021477-1"
"32"$"8 Cod. Ms. Uffenbach 51 Cim."$"https://manifests.sub.uni-goettingen.de/iiif/presentation/DE-611-HS-3572793/manifest?version=03be9719"$"https://resolver.sub.uni-goettingen.de/purl?DE-611-HS-3572793"$"https://images.sub.uni-goettingen.de/iiif/image/gdz:DE-611-HS-3572793:00000001/full/96,/0/default.jpg"$"Komplett"$"Original"$"Standard"$"Einzelseite"$"2021"$""$"Niedersächsische Staats- und Universitätsbibliothek Göttingen"$"https://d-nb.info/gnd/2020450-4"$"Göttingen"$"https://d-nb.info/gnd/4021477-1"$"Niedersächsische Staats- und Universitätsbibliothek Göttingen"$"https://d-nb.info/gnd/2020450-4"$"Göttingen"$"https://d-nb.info/gnd/4021477-1"
"33"$"8 Cod. Ms. Luneb. 24 b"$"https://manifests.sub.uni-goettingen.de/iiif/presentation/DE-611-HS-3750290/manifest?version=03be9719"$"https://resolver.sub.uni-goettingen.de/purl?DE-611-HS-3750290"$"https://images.sub.uni-goettingen.de/iiif/image/gdz:DE-611-HS-3750290:00000001/full/96,/0/default.jpg"$"Komplett"$"Original"$"Standard"$"Einzelseite"$"2021"$""$"Niedersächsische Staats- und Universitätsbibliothek Göttingen"$"https://d-nb.info/gnd/2020450-4"$"Göttingen"$"https://d-nb.info/gnd/4021477-1"$"Niedersächsische Staats- und Universitätsbibliothek Göttingen"$"https://d-nb.info/gnd/2020450-4"$"Göttingen"$"https://d-nb.info/gnd/4021477-1"
"34"$"8 Cod. Ms. Luneb. 24 a"$"https://manifests.sub.uni-goettingen.de/iiif/presentation/DE-611-HS-3750285/manifest?version=03be9719"$"https://resolver.sub.uni-goettingen.de/purl?DE-611-HS-3750285"$"https://images.sub.uni-goettingen.de/iiif/image/gdz:DE-611-HS-3750285:00000001/full/96,/0/default.jpg"$"Komplett"$"Original"$"Standard"$"Einzelseite"$"2021"$""$"Niedersächsische Staats- und Universitätsbibliothek Göttingen"$"https://d-nb.info/gnd/2020450-4"$"Göttingen"$"https://d-nb.info/gnd/4021477-1"$"Niedersächsische Staats- und Universitätsbibliothek Göttingen"$"https://d-nb.info/gnd/2020450-4"$"Göttingen"$"https://d-nb.info/gnd/4021477-1"
"35"$"8 Cod. Ms. theol. 292"$"https://manifests.sub.uni-goettingen.de/iiif/presentation/DE-611-HS-3794321/manifest?version=03be9719"$"https://resolver.sub.uni-goettingen.de/purl?DE-611-HS-3794321"$"https://images.sub.uni-goettingen.de/iiif/image/gdz:DE-611-HS-3794321:00000001/full/96,/0/default.jpg"$"Komplett"$"Original"$"Standard"$"Einzelseite"$"2021"$""$"Niedersächsische Staats- und Universitätsbibliothek Göttingen"$"https://d-nb.info/gnd/2020450-4"$"Göttingen"$"https://d-nb.info/gnd/4021477-1"$"Niedersächsische Staats- und Universitätsbibliothek Göttingen"$"https://d-nb.info/gnd/2020450-4"$"Göttingen"$"https://d-nb.info/gnd/4021477-1"
"36"$"8 Cod. Ms. hist. nat. 42"$"https://manifests.sub.uni-goettingen.de/iiif/presentation/DE-611-HS-3794148/manifest?version=03be9719"$"https://resolver.sub.uni-goettingen.de/purl?DE-611-HS-3794148"$"https://images.sub.uni-goettingen.de/iiif/image/gdz:DE-611-HS-3794148:00000001/full/96,/0/default.jpg"$"Komplett"$"Original"$"Standard"$"Einzelseite"$"2021"$""$"Niedersächsische Staats- und Universitätsbibliothek Göttingen"$"https://d-nb.info/gnd/2020450-4"$"Göttingen"$"https://d-nb.info/gnd/4021477-1"$"Niedersächsische Staats- und Universitätsbibliothek Göttingen"$"https://d-nb.info/gnd/2020450-4"$"Göttingen"$"https://d-nb.info/gnd/4021477-1"
"37"$"8 Cod. Ms. theol. 215"$"https://manifests.sub.uni-goettingen.de/iiif/presentation/DE-611-HS-3768431/manifest?version=03be9719"$"https://resolver.sub.uni-goettingen.de/purl?DE-611-HS-3768431"$"https://images.sub.uni-goettingen.de/iiif/image/gdz:DE-611-HS-3768431:00000001/full/96,/0/default.jpg"$"Komplett"$"Original"$"Standard"$"Einzelseite"$"2021"$""$"Niedersächsische Staats- und Universitätsbibliothek Göttingen"$"https://d-nb.info/gnd/2020450-4"$"Göttingen"$"https://d-nb.info/gnd/4021477-1"$"Niedersächsische Staats- und Universitätsbibliothek Göttingen"$"https://d-nb.info/gnd/2020450-4"$"Göttingen"$"https://d-nb.info/gnd/4021477-1"
"38"$"8 Cod. Ms. theol. 91"$"https://manifests.sub.uni-goettingen.de/iiif/presentation/DE-611-HS-3785235/manifest?version=03be9719"$"https://resolver.sub.uni-goettingen.de/purl?DE-611-HS-3785235"$"https://images.sub.uni-goettingen.de/iiif/image/gdz:DE-611-HS-3785235:00000001/full/96,/0/default.jpg"$"Komplett"$"Original"$"Standard"$"Einzelseite"$"2021"$""$"Niedersächsische Staats- und Universitätsbibliothek Göttingen"$"https://d-nb.info/gnd/2020450-4"$"Göttingen"$"https://d-nb.info/gnd/4021477-1"$"Niedersächsische Staats- und Universitätsbibliothek Göttingen"$"https://d-nb.info/gnd/2020450-4"$"Göttingen"$"https://d-nb.info/gnd/4021477-1"
"39"$"8 Cod. Ms. hist. nat. 44"$"https://manifests.sub.uni-goettingen.de/iiif/presentation/DE-611-HS-3746423/manifest?version=03be9719"$"https://resolver.sub.uni-goettingen.de/purl?DE-611-HS-3746423"$"https://images.sub.uni-goettingen.de/iiif/image/gdz:DE-611-HS-3746423:00000001/full/96,/0/default.jpg"$"Komplett"$"Original"$"Standard"$"Einzelseite"$"2021"$""$"Niedersächsische Staats- und Universitätsbibliothek Göttingen"$"https://d-nb.info/gnd/2020450-4"$"Göttingen"$"https://d-nb.info/gnd/4021477-1"$"Niedersächsische Staats- und Universitätsbibliothek Göttingen"$"https://d-nb.info/gnd/2020450-4"$"Göttingen"$"https://d-nb.info/gnd/4021477-1"
"40"$"8 Cod. Ms. hist. 823 b"$"https://manifests.sub.uni-goettingen.de/iiif/presentation/DE-611-HS-3746406/manifest?version=03be9719"$"https://resolver.sub.uni-goettingen.de/purl?DE-611-HS-3746406"$"https://images.sub.uni-goettingen.de/iiif/image/gdz:DE-611-HS-3746406:00000001/full/96,/0/default.jpg"$"Komplett"$"Original"$"Standard"$"Einzelseite"$"2021"$""$"Niedersächsische Staats- und Universitätsbibliothek Göttingen"$"https://d-nb.info/gnd/2020450-4"$"Göttingen"$"https://d-nb.info/gnd/4021477-1"$"Niedersächsische Staats- und Universitätsbibliothek Göttingen"$"https://d-nb.info/gnd/2020450-4"$"Göttingen"$"https://d-nb.info/gnd/4021477-1"
"41"$"4 Cod. Ms. theol. 57"$"https://manifests.sub.uni-goettingen.de/iiif/presentation/DE-611-HS-3569530/manifest?version=03be9719"$"https://resolver.sub.uni-goettingen.de/purl?DE-611-HS-3569530"$"https://images.sub.uni-goettingen.de/iiif/image/gdz:DE-611-HS-3569530:00000001/full/96,/0/default.jpg"$"Komplett"$"Original"$"Standard"$"Einzelseite"$"2020"$""$"Niedersächsische Staats- und Universitätsbibliothek Göttingen"$"https://d-nb.info/gnd/2020450-4"$"Göttingen"$"https://d-nb.info/gnd/4021477-1"$"Niedersächsische Staats- und Universitätsbibliothek Göttingen"$"https://d-nb.info/gnd/2020450-4"$"Göttingen"$"https://d-nb.info/gnd/4021477-1"
"42"$"4 Cod. Ms. philos. 21 Cim."$"https://manifests.sub.uni-goettingen.de/iiif/presentation/DE-611-HS-3800086/manifest?version=03be9719"$"https://resolver.sub.uni-goettingen.de/purl?DE-611-HS-3800086"$"https://images.sub.uni-goettingen.de/iiif/image/gdz:DE-611-HS-3800086:00000001/full/96,/0/default.jpg"$"Komplett"$"Original"$"Standard"$"Einzelseite"$"2021"$""$"Niedersächsische Staats- und Universitätsbibliothek Göttingen"$"https://d-nb.info/gnd/2020450-4"$"Göttingen"$"https://d-nb.info/gnd/4021477-1"$"Niedersächsische Staats- und Universitätsbibliothek Göttingen"$"https://d-nb.info/gnd/2020450-4"$"Göttingen"$"https://d-nb.info/gnd/4021477-1"
"43"$"8 Cod. Ms. theol. 123"$"https://manifests.sub.uni-goettingen.de/iiif/presentation/DE-611-HS-3754017/manifest?version=03be9719"$"https://resolver.sub.uni-goettingen.de/purl?DE-611-HS-3754017"$"https://images.sub.uni-goettingen.de/iiif/image/gdz:DE-611-HS-3754017:00000001/full/96,/0/default.jpg"$"Komplett"$"Original"$"Standard"$"Einzelseite"$"2021"$""$"Niedersächsische Staats- und Universitätsbibliothek Göttingen"$"https://d-nb.info/gnd/2020450-4"$"Göttingen"$"https://d-nb.info/gnd/4021477-1"$"Niedersächsische Staats- und Universitätsbibliothek Göttingen"$"https://d-nb.info/gnd/2020450-4"$"Göttingen"$"https://d-nb.info/gnd/4021477-1"
"44"$"8 Cod. Ms. theol. 294 i"$"https://manifests.sub.uni-goettingen.de/iiif/presentation/DE-611-HS-3768444/manifest?version=03be9719"$"https://resolver.sub.uni-goettingen.de/purl?DE-611-HS-3768444"$"https://images.sub.uni-goettingen.de/iiif/image/gdz:DE-611-HS-3768444:00000001/full/96,/0/default.jpg"$"Komplett"$"Original"$"Standard"$"Einzelseite"$"2021"$""$"Niedersächsische Staats- und Universitätsbibliothek Göttingen"$"https://d-nb.info/gnd/2020450-4"$"Göttingen"$"https://d-nb.info/gnd/4021477-1"$"Niedersächsische Staats- und Universitätsbibliothek Göttingen"$"https://d-nb.info/gnd/2020450-4"$"Göttingen"$"https://d-nb.info/gnd/4021477-1"
"45"$"8 Cod. Ms. jurid. 806"$"https://manifests.sub.uni-goettingen.de/iiif/presentation/DE-611-HS-3794279/manifest?version=03be9719"$"https://resolver.sub.uni-goettingen.de/purl?DE-611-HS-3794279"$"https://images.sub.uni-goettingen.de/iiif/image/gdz:DE-611-HS-3794279:00000001/full/96,/0/default.jpg"$"Komplett"$"Original"$"Standard"$"Einzelseite"$"2021"$""$"Niedersächsische Staats- und Universitätsbibliothek Göttingen"$"https://d-nb.info/gnd/2020450-4"$"Göttingen"$"https://d-nb.info/gnd/4021477-1"$"Niedersächsische Staats- und Universitätsbibliothek Göttingen"$"https://d-nb.info/gnd/2020450-4"$"Göttingen"$"https://d-nb.info/gnd/4021477-1"
"46"$"8 Cod. Ms. theol. 199"$"https://manifests.sub.uni-goettingen.de/iiif/presentation/DE-611-HS-3757986/manifest?version=03be9719"$"https://resolver.sub.uni-goettingen.de/purl?DE-611-HS-3757986"$"https://images.sub.uni-goettingen.de/iiif/image/gdz:DE-611-HS-3757986:00000001/full/96,/0/default.jpg"$"Komplett"$"Original"$"Standard"$"Einzelseite"$"2021"$""$"Niedersächsische Staats- und Universitätsbibliothek Göttingen"$"https://d-nb.info/gnd/2020450-4"$"Göttingen"$"https://d-nb.info/gnd/4021477-1"$"Niedersächsische Staats- und Universitätsbibliothek Göttingen"$"https://d-nb.info/gnd/2020450-4"$"Göttingen"$"https://d-nb.info/gnd/4021477-1"
"47"$"8 Cod. Ms. philol. 187"$"https://manifests.sub.uni-goettingen.de/iiif/presentation/DE-611-HS-3750294/manifest?version=03be9719"$"https://resolver.sub.uni-goettingen.de/purl?DE-611-HS-3750294"$"https://images.sub.uni-goettingen.de/iiif/image/gdz:DE-611-HS-3750294:00000001/full/96,/0/default.jpg"$"Komplett"$"Original"$"Standard"$"Einzelseite"$"2021"$""$"Niedersächsische Staats- und Universitätsbibliothek Göttingen"$"https://d-nb.info/gnd/2020450-4"$"Göttingen"$"https://d-nb.info/gnd/4021477-1"$"Niedersächsische Staats- und Universitätsbibliothek Göttingen"$"https://d-nb.info/gnd/2020450-4"$"Göttingen"$"https://d-nb.info/gnd/4021477-1"
"48"$"8 Cod. Ms. theol. 214"$"https://manifests.sub.uni-goettingen.de/iiif/presentation/DE-611-HS-3768407/manifest?version=03be9719"$"https://resolver.sub.uni-goettingen.de/purl?DE-611-HS-3768407"$"https://images.sub.uni-goettingen.de/iiif/image/gdz:DE-611-HS-3768407:00000001/full/96,/0/default.jpg"$"Komplett"$"Original"$"Standard"$"Einzelseite"$"2021"$""$"Niedersächsische Staats- und Universitätsbibliothek Göttingen"$"https://d-nb.info/gnd/2020450-4"$"Göttingen"$"https://d-nb.info/gnd/4021477-1"$"Niedersächsische Staats- und Universitätsbibliothek Göttingen"$"https://d-nb.info/gnd/2020450-4"$"Göttingen"$"https://d-nb.info/gnd/4021477-1"
"49"$"4 Cod. Ms. philol. 184 : I"$"https://manifests.sub.uni-goettingen.de/iiif/presentation/DE-611-HS-3801877/manifest?version=03be9719"$"https://resolver.sub.uni-goettingen.de/purl?DE-611-HS-3801877"$"https://images.sub.uni-goettingen.de/iiif/image/gdz:DE-611-HS-3801877:00000001/full/96,/0/default.jpg"$"Komplett"$"Original"$"Standard"$"Einzelseite"$"2021"$""$"Niedersächsische Staats- und Universitätsbibliothek Göttingen"$"https://d-nb.info/gnd/2020450-4"$"Göttingen"$"https://d-nb.info/gnd/4021477-1"$"Niedersächsische Staats- und Universitätsbibliothek Göttingen"$"https://d-nb.info/gnd/2020450-4"$"Göttingen"$"https://d-nb.info/gnd/4021477-1"
"50"$"4 Cod. Ms. philol. 184 : VI"$"https://manifests.sub.uni-goettingen.de/iiif/presentation/DE-611-HS-3801907/manifest?version=03be9719"$"https://resolver.sub.uni-goettingen.de/purl?DE-611-HS-3801907"$"https://images.sub.uni-goettingen.de/iiif/image/gdz:DE-611-HS-3801907:00000001/full/96,/0/default.jpg"$"Komplett"$"Original"$"Standard"$"Einzelseite"$"2021"$""$"Niedersächsische Staats- und Universitätsbibliothek Göttingen"$"https://d-nb.info/gnd/2020450-4"$"Göttingen"$"https://d-nb.info/gnd/4021477-1"$"Niedersächsische Staats- und Universitätsbibliothek Göttingen"$"https://d-nb.info/gnd/2020450-4"$"Göttingen"$"https://d-nb.info/gnd/4021477-1"
"51"$"4 Cod. Ms. philol. 184 : IV"$"https://manifests.sub.uni-goettingen.de/iiif/presentation/DE-611-HS-3801889/manifest?version=03be9719"$"https://resolver.sub.uni-goettingen.de/purl?DE-611-HS-3801889"$"https://images.sub.uni-goettingen.de/iiif/image/gdz:DE-611-HS-3801889:00000001/full/96,/0/default.jpg"$"Komplett"$"Original"$"Standard"$"Einzelseite"$"2021"$""$"Niedersächsische Staats- und Universitätsbibliothek Göttingen"$"https://d-nb.info/gnd/2020450-4"$"Göttingen"$"https://d-nb.info/gnd/4021477-1"$"Niedersächsische Staats- und Universitätsbibliothek Göttingen"$"https://d-nb.info/gnd/2020450-4"$"Göttingen"$"https://d-nb.info/gnd/4021477-1"
"52"$"4 Cod. Ms. philol. 184 : III"$"https://manifests.sub.uni-goettingen.de/iiif/presentation/DE-611-HS-3801884/manifest?version=03be9719"$"https://resolver.sub.uni-goettingen.de/purl?DE-611-HS-3801884"$"https://images.sub.uni-goettingen.de/iiif/image/gdz:DE-611-HS-3801884:00000001/full/96,/0/default.jpg"$"Komplett"$"Original"$"Standard"$"Einzelseite"$"2021"$""$"Niedersächsische Staats- und Universitätsbibliothek Göttingen"$"https://d-nb.info/gnd/2020450-4"$"Göttingen"$"https://d-nb.info/gnd/4021477-1"$"Niedersächsische Staats- und Universitätsbibliothek Göttingen"$"https://d-nb.info/gnd/2020450-4"$"Göttingen"$"https://d-nb.info/gnd/4021477-1"
"53"$"4 Cod. Ms. philol. 184 : VIII"$"https://manifests.sub.uni-goettingen.de/iiif/presentation/DE-611-HS-3801914/manifest?version=03be9719"$"https://resolver.sub.uni-goettingen.de/purl?DE-611-HS-3801914"$"https://images.sub.uni-goettingen.de/iiif/image/gdz:DE-611-HS-3801914:00000001/full/96,/0/default.jpg"$"Komplett"$"Original"$"Standard"$"Einzelseite"$"2021"$""$"Niedersächsische Staats- und Universitätsbibliothek Göttingen"$"https://d-nb.info/gnd/2020450-4"$"Göttingen"$"https://d-nb.info/gnd/4021477-1"$"Niedersächsische Staats- und Universitätsbibliothek Göttingen"$"https://d-nb.info/gnd/2020450-4"$"Göttingen"$"https://d-nb.info/gnd/4021477-1"
"54"$"4 Cod. Ms. philol. 184 : V"$"https://manifests.sub.uni-goettingen.de/iiif/presentation/DE-611-HS-3801893/manifest?version=03be9719"$"https://resolver.sub.uni-goettingen.de/purl?DE-611-HS-3801893"$"https://images.sub.uni-goettingen.de/iiif/image/gdz:DE-611-HS-3801893:00000001/full/96,/0/default.jpg"$"Komplett"$"Original"$"Standard"$"Einzelseite"$"2021"$""$"Niedersächsische Staats- und Universitätsbibliothek Göttingen"$"https://d-nb.info/gnd/2020450-4"$"Göttingen"$"https://d-nb.info/gnd/4021477-1"$"Niedersächsische Staats- und Universitätsbibliothek Göttingen"$"https://d-nb.info/gnd/2020450-4"$"Göttingen"$"https://d-nb.info/gnd/4021477-1"
"55"$"2 Cod. Ms. jurid. 60"$"https://manifests.sub.uni-goettingen.de/iiif/presentation/DE-611-HS-3800082/manifest?version=03be9719"$"https://resolver.sub.uni-goettingen.de/purl?DE-611-HS-3800082"$"https://images.sub.uni-goettingen.de/iiif/image/gdz:DE-611-HS-3800082:00000001/full/96,/0/default.jpg"$"Komplett"$"Original"$"Standard"$"Einzelseite"$"2021"$""$"Niedersächsische Staats- und Universitätsbibliothek Göttingen"$"https://d-nb.info/gnd/2020450-4"$"Göttingen"$"https://d-nb.info/gnd/4021477-1"$"Niedersächsische Staats- und Universitätsbibliothek Göttingen"$"https://d-nb.info/gnd/2020450-4"$"Göttingen"$"https://d-nb.info/gnd/4021477-1"
"56"$"8 Cod. Ms. theol. 242"$"https://manifests.sub.uni-goettingen.de/iiif/presentation/DE-611-HS-3551429/manifest?version=03be9719"$"https://resolver.sub.uni-goettingen.de/purl?DE-611-HS-3551429"$"https://images.sub.uni-goettingen.de/iiif/image/gdz:DE-611-HS-3551429:00000001/full/96,/0/default.jpg"$"Komplett"$"Original"$"Standard"$"Einzelseite"$"2021"$""$"Niedersächsische Staats- und Universitätsbibliothek Göttingen"$"https://d-nb.info/gnd/2020450-4"$"Göttingen"$"https://d-nb.info/gnd/4021477-1"$"Niedersächsische Staats- und Universitätsbibliothek Göttingen"$"https://d-nb.info/gnd/2020450-4"$"Göttingen"$"https://d-nb.info/gnd/4021477-1"
"57"$"2 Cod. Ms. jurid. 72 Cim."$"https://manifests.sub.uni-goettingen.de/iiif/presentation/DE-611-HS-3800085/manifest?version=03be9719"$"https://resolver.sub.uni-goettingen.de/purl?DE-611-HS-3800085"$"https://images.sub.uni-goettingen.de/iiif/image/gdz:DE-611-HS-3800085:00000001/full/96,/0/default.jpg"$"Komplett"$"Original"$"Standard"$"Einzelseite"$"2021"$""$"Niedersächsische Staats- und Universitätsbibliothek Göttingen"$"https://d-nb.info/gnd/2020450-4"$"Göttingen"$"https://d-nb.info/gnd/4021477-1"$"Niedersächsische Staats- und Universitätsbibliothek Göttingen"$"https://d-nb.info/gnd/2020450-4"$"Göttingen"$"https://d-nb.info/gnd/4021477-1"
"58"$"8 Cod. Ms. hist. 202"$"https://manifests.sub.uni-goettingen.de/iiif/presentation/DE-611-HS-3793623/manifest?version=03be9719"$"https://resolver.sub.uni-goettingen.de/purl?DE-611-HS-3793623"$"https://images.sub.uni-goettingen.de/iiif/image/gdz:DE-611-HS-3793623:00000001/full/96,/0/default.jpg"$"Komplett"$"Original"$"Standard"$"Einzelseite"$"2021"$""$"Niedersächsische Staats- und Universitätsbibliothek Göttingen"$"https://d-nb.info/gnd/2020450-4"$"Göttingen"$"https://d-nb.info/gnd/4021477-1"$"Niedersächsische Staats- und Universitätsbibliothek Göttingen"$"https://d-nb.info/gnd/2020450-4"$"Göttingen"$"https://d-nb.info/gnd/4021477-1"
"59"$"8 Cod. Ms. theol. 295"$"https://manifests.sub.uni-goettingen.de/iiif/presentation/DE-611-HS-3768445/manifest?version=03be9719"$"https://resolver.sub.uni-goettingen.de/purl?DE-611-HS-3768445"$"https://images.sub.uni-goettingen.de/iiif/image/gdz:DE-611-HS-3768445:00000001/full/96,/0/default.jpg"$"Komplett"$"Original"$"Standard"$"Einzelseite"$"2021"$""$"Niedersächsische Staats- und Universitätsbibliothek Göttingen"$"https://d-nb.info/gnd/2020450-4"$"Göttingen"$"https://d-nb.info/gnd/4021477-1"$"Niedersächsische Staats- und Universitätsbibliothek Göttingen"$"https://d-nb.info/gnd/2020450-4"$"Göttingen"$"https://d-nb.info/gnd/4021477-1"
"60"$"2 Cod. Ms. jurid. 93"$"https://manifests.sub.uni-goettingen.de/iiif/presentation/DE-611-HS-3753969/manifest?version=03be9719"$"https://resolver.sub.uni-goettingen.de/purl?DE-611-HS-3753969"$"https://images.sub.uni-goettingen.de/iiif/image/gdz:DE-611-HS-3753969:00000001/full/96,/0/default.jpg"$"Komplett"$"Original"$"Standard"$"Einzelseite"$"2021"$""$"Niedersächsische Staats- und Universitätsbibliothek Göttingen"$"https://d-nb.info/gnd/2020450-4"$"Göttingen"$"https://d-nb.info/gnd/4021477-1"$"Niedersächsische Staats- und Universitätsbibliothek Göttingen"$"https://d-nb.info/gnd/2020450-4"$"Göttingen"$"https://d-nb.info/gnd/4021477-1"
"61"$"8 Cod. Ms. hist. 540"$"https://manifests.sub.uni-goettingen.de/iiif/presentation/DE-611-HS-3744883/manifest?version=03be9719"$"https://resolver.sub.uni-goettingen.de/purl?DE-611-HS-3744883"$"https://images.sub.uni-goettingen.de/iiif/image/gdz:DE-611-HS-3744883:00000001/full/96,/0/default.jpg"$"Komplett"$"Original"$"Standard"$"Einzelseite"$"2021"$""$"Niedersächsische Staats- und Universitätsbibliothek Göttingen"$"https://d-nb.info/gnd/2020450-4"$"Göttingen"$"https://d-nb.info/gnd/4021477-1"$"Niedersächsische Staats- und Universitätsbibliothek Göttingen"$"https://d-nb.info/gnd/2020450-4"$"Göttingen"$"https://d-nb.info/gnd/4021477-1"
"62"$"2 Cod. Ms. philol. 189 b"$"https://manifests.sub.uni-goettingen.de/iiif/presentation/DE-611-HS-3750299/manifest?version=03be9719"$"https://resolver.sub.uni-goettingen.de/purl?DE-611-HS-3750299"$"https://images.sub.uni-goettingen.de/iiif/image/gdz:DE-611-HS-3750299:00000001/full/96,/0/default.jpg"$"Komplett"$"Original"$"Standard"$"Einzelseite"$"2021"$""$"Niedersächsische Staats- und Universitätsbibliothek Göttingen"$"https://d-nb.info/gnd/2020450-4"$"Göttingen"$"https://d-nb.info/gnd/4021477-1"$"Niedersächsische Staats- und Universitätsbibliothek Göttingen"$"https://d-nb.info/gnd/2020450-4"$"Göttingen"$"https://d-nb.info/gnd/4021477-1"
"63"$"8 Cod. Ms. theol. 295 i"$"https://manifests.sub.uni-goettingen.de/iiif/presentation/DE-611-HS-3796539/manifest?version=03be9719"$"https://resolver.sub.uni-goettingen.de/purl?DE-611-HS-3796539"$"https://images.sub.uni-goettingen.de/iiif/image/gdz:DE-611-HS-3796539:00000001/full/96,/0/default.jpg"$"Komplett"$"Original"$"Standard"$"Einzelseite"$"2021"$""$"Niedersächsische Staats- und Universitätsbibliothek Göttingen"$"https://d-nb.info/gnd/2020450-4"$"Göttingen"$"https://d-nb.info/gnd/4021477-1"$"Niedersächsische Staats- und Universitätsbibliothek Göttingen"$"https://d-nb.info/gnd/2020450-4"$"Göttingen"$"https://d-nb.info/gnd/4021477-1"
"64"$"8 Cod. Ms. theol. 241 a"$"https://manifests.sub.uni-goettingen.de/iiif/presentation/DE-611-HS-3800089/manifest?version=03be9719"$"https://resolver.sub.uni-goettingen.de/purl?DE-611-HS-3800089"$"https://images.sub.uni-goettingen.de/iiif/image/gdz:DE-611-HS-3800089:00000001/full/96,/0/default.jpg"$"Komplett"$"Original"$"Standard"$"Einzelseite"$"2021"$""$"Niedersächsische Staats- und Universitätsbibliothek Göttingen"$"https://d-nb.info/gnd/2020450-4"$"Göttingen"$"https://d-nb.info/gnd/4021477-1"$"Niedersächsische Staats- und Universitätsbibliothek Göttingen"$"https://d-nb.info/gnd/2020450-4"$"Göttingen"$"https://d-nb.info/gnd/4021477-1"
"65"$"4 Cod. Ms. theol. 285"$"https://manifests.sub.uni-goettingen.de/iiif/presentation/DE-611-HS-3749511/manifest?version=03be9719"$"https://resolver.sub.uni-goettingen.de/purl?DE-611-HS-3749511"$"https://images.sub.uni-goettingen.de/iiif/image/gdz:DE-611-HS-3749511:00000001/full/96,/0/default.jpg"$"Komplett"$"Original"$"Standard"$"Einzelseite"$"2021"$""$"Niedersächsische Staats- und Universitätsbibliothek Göttingen"$"https://d-nb.info/gnd/2020450-4"$"Göttingen"$"https://d-nb.info/gnd/4021477-1"$"Niedersächsische Staats- und Universitätsbibliothek Göttingen"$"https://d-nb.info/gnd/2020450-4"$"Göttingen"$"https://d-nb.info/gnd/4021477-1"
"66"$"4 Cod. Ms. theol. 293"$"https://manifests.sub.uni-goettingen.de/iiif/presentation/DE-611-HS-3795774/manifest?version=03be9719"$"https://resolver.sub.uni-goettingen.de/purl?DE-611-HS-3795774"$"https://images.sub.uni-goettingen.de/iiif/image/gdz:DE-611-HS-3795774:00000001/full/96,/0/default.jpg"$"Komplett"$"Original"$"Standard"$"Einzelseite"$"2021"$""$"Niedersächsische Staats- und Universitätsbibliothek Göttingen"$"https://d-nb.info/gnd/2020450-4"$"Göttingen"$"https://d-nb.info/gnd/4021477-1"$"Niedersächsische Staats- und Universitätsbibliothek Göttingen"$"https://d-nb.info/gnd/2020450-4"$"Göttingen"$"https://d-nb.info/gnd/4021477-1"
"67"$"2 Cod. Ms. jurid. 396"$"https://manifests.sub.uni-goettingen.de/iiif/presentation/DE-611-HS-3794206/manifest?version=03be9719"$"https://resolver.sub.uni-goettingen.de/purl?DE-611-HS-3794206"$"https://images.sub.uni-goettingen.de/iiif/image/gdz:DE-611-HS-3794206:00000001/full/96,/0/default.jpg"$"Komplett"$"Original"$"Standard"$"Einzelseite"$"2021"$""$"Niedersächsische Staats- und Universitätsbibliothek Göttingen"$"https://d-nb.info/gnd/2020450-4"$"Göttingen"$"https://d-nb.info/gnd/4021477-1"$"Niedersächsische Staats- und Universitätsbibliothek Göttingen"$"https://d-nb.info/gnd/2020450-4"$"Göttingen"$"https://d-nb.info/gnd/4021477-1"
"68"$"4 Cod. Ms. philol. 184 : VII"$"https://manifests.sub.uni-goettingen.de/iiif/presentation/DE-611-HS-3801911/manifest?version=03be9719"$"https://resolver.sub.uni-goettingen.de/purl?DE-611-HS-3801911"$"https://images.sub.uni-goettingen.de/iiif/image/gdz:DE-611-HS-3801911:00000001/full/96,/0/default.jpg"$"Komplett"$"Original"$"Standard"$"Einzelseite"$"2021"$""$"Niedersächsische Staats- und Universitätsbibliothek Göttingen"$"https://d-nb.info/gnd/2020450-4"$"Göttingen"$"https://d-nb.info/gnd/4021477-1"$"Niedersächsische Staats- und Universitätsbibliothek Göttingen"$"https://d-nb.info/gnd/2020450-4"$"Göttingen"$"https://d-nb.info/gnd/4021477-1"
"69"$"8 Cod. Ms. hist. nat. 51"$"https://manifests.sub.uni-goettingen.de/iiif/presentation/DE-611-HS-3793909/manifest?version=03be9719"$"https://resolver.sub.uni-goettingen.de/purl?DE-611-HS-3793909"$"https://images.sub.uni-goettingen.de/iiif/image/gdz:DE-611-HS-3793909:00000001/full/96,/0/default.jpg"$"Komplett"$"Original"$"Standard"$"Einzelseite"$"2021"$""$"Niedersächsische Staats- und Universitätsbibliothek Göttingen"$"https://d-nb.info/gnd/2020450-4"$"Göttingen"$"https://d-nb.info/gnd/4021477-1"$"Niedersächsische Staats- und Universitätsbibliothek Göttingen"$"https://d-nb.info/gnd/2020450-4"$"Göttingen"$"https://d-nb.info/gnd/4021477-1"
"70"$"8 Cod. Ms. theol. 201"$"https://manifests.sub.uni-goettingen.de/iiif/presentation/DE-611-HS-3749506/manifest?version=03be9719"$"https://resolver.sub.uni-goettingen.de/purl?DE-611-HS-3749506"$"https://images.sub.uni-goettingen.de/iiif/image/gdz:DE-611-HS-3749506:00000001/full/96,/0/default.jpg"$"Komplett"$"Original"$"Standard"$"Einzelseite"$"2021"$""$"Niedersächsische Staats- und Universitätsbibliothek Göttingen"$"https://d-nb.info/gnd/2020450-4"$"Göttingen"$"https://d-nb.info/gnd/4021477-1"$"Niedersächsische Staats- und Universitätsbibliothek Göttingen"$"https://d-nb.info/gnd/2020450-4"$"Göttingen"$"https://d-nb.info/gnd/4021477-1"
"71"$"8 Cod. Ms. jurid. 681"$"https://manifests.sub.uni-goettingen.de/iiif/presentation/DE-611-HS-3794252/manifest?version=03be9719"$"https://resolver.sub.uni-goettingen.de/purl?DE-611-HS-3794252"$"https://images.sub.uni-goettingen.de/iiif/image/gdz:DE-611-HS-3794252:00000001/full/96,/0/default.jpg"$"Komplett"$"Original"$"Standard"$"Einzelseite"$"2021"$""$"Niedersächsische Staats- und Universitätsbibliothek Göttingen"$"https://d-nb.info/gnd/2020450-4"$"Göttingen"$"https://d-nb.info/gnd/4021477-1"$"Niedersächsische Staats- und Universitätsbibliothek Göttingen"$"https://d-nb.info/gnd/2020450-4"$"Göttingen"$"https://d-nb.info/gnd/4021477-1"
"72"$"2 Cod. Ms. jurid. 390"$"https://manifests.sub.uni-goettingen.de/iiif/presentation/DE-611-HS-3753327/manifest?version=03be9719"$"https://resolver.sub.uni-goettingen.de/purl?DE-611-HS-3753327"$"https://images.sub.uni-goettingen.de/iiif/image/gdz:DE-611-HS-3753327:00000001/full/96,/0/default.jpg"$"Komplett"$"Original"$"Standard"$"Einzelseite"$"2021"$""$"Niedersächsische Staats- und Universitätsbibliothek Göttingen"$"https://d-nb.info/gnd/2020450-4"$"Göttingen"$"https://d-nb.info/gnd/4021477-1"$"Niedersächsische Staats- und Universitätsbibliothek Göttingen"$"https://d-nb.info/gnd/2020450-4"$"Göttingen"$"https://d-nb.info/gnd/4021477-1"
"73"$"4 Cod. Ms. philol. 184 : II"$"https://manifests.sub.uni-goettingen.de/iiif/presentation/DE-611-HS-3801882/manifest?version=03be9719"$"https://resolver.sub.uni-goettingen.de/purl?DE-611-HS-3801882"$"https://images.sub.uni-goettingen.de/iiif/image/gdz:DE-611-HS-3801882:00000001/full/96,/0/default.jpg"$"Komplett"$"Original"$"Standard"$"Einzelseite"$"2021"$""$"Niedersächsische Staats- und Universitätsbibliothek Göttingen"$"https://d-nb.info/gnd/2020450-4"$"Göttingen"$"https://d-nb.info/gnd/4021477-1"$"Niedersächsische Staats- und Universitätsbibliothek Göttingen"$"https://d-nb.info/gnd/2020450-4"$"Göttingen"$"https://d-nb.info/gnd/4021477-1"
"74"$"8 Cod. Ms. philol. 190"$"https://manifests.sub.uni-goettingen.de/iiif/presentation/DE-611-HS-3753172/manifest?version=03be9719"$"https://resolver.sub.uni-goettingen.de/purl?DE-611-HS-3753172"$"https://images.sub.uni-goettingen.de/iiif/image/gdz:DE-611-HS-3753172:00000001/full/96,/0/default.jpg"$"Komplett"$"Original"$"Standard"$"Einzelseite"$"2021"$""$"Niedersächsische Staats- und Universitätsbibliothek Göttingen"$"https://d-nb.info/gnd/2020450-4"$"Göttingen"$"https://d-nb.info/gnd/4021477-1"$"Niedersächsische Staats- und Universitätsbibliothek Göttingen"$"https://d-nb.info/gnd/2020450-4"$"Göttingen"$"https://d-nb.info/gnd/4021477-1"
"75"$"2 Cod. Ms. jurid. 387"$"https://manifests.sub.uni-goettingen.de/iiif/presentation/DE-611-HS-3747782/manifest?version=03be9719"$"https://resolver.sub.uni-goettingen.de/purl?DE-611-HS-3747782"$"https://images.sub.uni-goettingen.de/iiif/image/gdz:DE-611-HS-3747782:00000001/full/96,/0/default.jpg"$"Komplett"$"Original"$"Standard"$"Einzelseite"$"2021"$""$"Niedersächsische Staats- und Universitätsbibliothek Göttingen"$"https://d-nb.info/gnd/2020450-4"$"Göttingen"$"https://d-nb.info/gnd/4021477-1"$"Niedersächsische Staats- und Universitätsbibliothek Göttingen"$"https://d-nb.info/gnd/2020450-4"$"Göttingen"$"https://d-nb.info/gnd/4021477-1"
"76"$"2 Cod. Ms. jurid. 418"$"https://manifests.sub.uni-goettingen.de/iiif/presentation/DE-611-HS-3794232/manifest?version=03be9719"$"https://resolver.sub.uni-goettingen.de/purl?DE-611-HS-3794232"$"https://images.sub.uni-goettingen.de/iiif/image/gdz:DE-611-HS-3794232:00000001/full/96,/0/default.jpg"$"Komplett"$"Original"$"Standard"$"Einzelseite"$"2021"$""$"Niedersächsische Staats- und Universitätsbibliothek Göttingen"$"https://d-nb.info/gnd/2020450-4"$"Göttingen"$"https://d-nb.info/gnd/4021477-1"$"Niedersächsische Staats- und Universitätsbibliothek Göttingen"$"https://d-nb.info/gnd/2020450-4"$"Göttingen"$"https://d-nb.info/gnd/4021477-1"
"77"$"4 Cod. Ms. hist. 99"$"https://manifests.sub.uni-goettingen.de/iiif/presentation/DE-611-HS-3746419/manifest?version=03be9719"$"https://resolver.sub.uni-goettingen.de/purl?DE-611-HS-3746419"$"https://images.sub.uni-goettingen.de/iiif/image/gdz:DE-611-HS-3746419:00000001/full/96,/0/default.jpg"$"Komplett"$"Original"$"Standard"$"Einzelseite"$"2021"$""$"Niedersächsische Staats- und Universitätsbibliothek Göttingen"$"https://d-nb.info/gnd/2020450-4"$"Göttingen"$"https://d-nb.info/gnd/4021477-1"$"Niedersächsische Staats- und Universitätsbibliothek Göttingen"$"https://d-nb.info/gnd/2020450-4"$"Göttingen"$"https://d-nb.info/gnd/4021477-1"
"78"$"4 Cod. Ms. jurid. 60 a"$"https://manifests.sub.uni-goettingen.de/iiif/presentation/DE-611-HS-3753956/manifest?version=03be9719"$"https://resolver.sub.uni-goettingen.de/purl?DE-611-HS-3753956"$"https://images.sub.uni-goettingen.de/iiif/image/gdz:DE-611-HS-3753956:00000001/full/96,/0/default.jpg"$"Komplett"$"Original"$"Standard"$"Einzelseite"$"2021"$""$"Niedersächsische Staats- und Universitätsbibliothek Göttingen"$"https://d-nb.info/gnd/2020450-4"$"Göttingen"$"https://d-nb.info/gnd/4021477-1"$"Niedersächsische Staats- und Universitätsbibliothek Göttingen"$"https://d-nb.info/gnd/2020450-4"$"Göttingen"$"https://d-nb.info/gnd/4021477-1"
"79"$"2 Cod. Ms. hist. lit. 123 Cim."$"https://manifests.sub.uni-goettingen.de/iiif/presentation/DE-611-HS-3735958/manifest?version=03be9719"$"https://resolver.sub.uni-goettingen.de/purl?DE-611-HS-3735958"$"https://images.sub.uni-goettingen.de/iiif/image/gdz:DE-611-HS-3735958:00000001/full/96,/0/default.jpg"$"Komplett"$"Original"$"Standard"$"Einzelseite"$"2021"$""$"Niedersächsische Staats- und Universitätsbibliothek Göttingen"$"https://d-nb.info/gnd/2020450-4"$"Göttingen"$"https://d-nb.info/gnd/4021477-1"$"Niedersächsische Staats- und Universitätsbibliothek Göttingen"$"https://d-nb.info/gnd/2020450-4"$"Göttingen"$"https://d-nb.info/gnd/4021477-1"
