"Heidelberg"$"4023996-2"$"Universitätsbibliothek Heidelberg"$"2002498-8"$"Salem. VII, 1b"
"Heidelberg"$"4023996-2"$"Universitätsbibliothek Heidelberg"$"2002498-8"$"Salem. VII, 2"
"Heidelberg"$"4023996-2"$"Universitätsbibliothek Heidelberg"$"2002498-8"$"Salem. VII, 37"
"Heidelberg"$"4023996-2"$"Universitätsbibliothek Heidelberg"$"2002498-8"$"Salem. VII, 98"
"Heidelberg"$"4023996-2"$"Universitätsbibliothek Heidelberg"$"2002498-8"$"Salem. VII, 99"
"Heidelberg"$"4023996-2"$"Universitätsbibliothek Heidelberg"$"2002498-8"$"Salem. VII, 100"
"Heidelberg"$"4023996-2"$"Universitätsbibliothek Heidelberg"$"2002498-8"$"Salem. VII, 104"
"Heidelberg"$"4023996-2"$"Universitätsbibliothek Heidelberg"$"2002498-8"$"Salem. VII, 114"
"Heidelberg"$"4023996-2"$"Universitätsbibliothek Heidelberg"$"2002498-8"$"Salem. VIII, 13"
"Heidelberg"$"4023996-2"$"Universitätsbibliothek Heidelberg"$"2002498-8"$"Salem. VIII, 24"
"Heidelberg"$"4023996-2"$"Universitätsbibliothek Heidelberg"$"2002498-8"$"Salem. VIII, 36"
"Heidelberg"$"4023996-2"$"Universitätsbibliothek Heidelberg"$"2002498-8"$"Salem. VIII, 77"
"Heidelberg"$"4023996-2"$"Universitätsbibliothek Heidelberg"$"2002498-8"$"Salem. VIII, 85"
"Heidelberg"$"4023996-2"$"Universitätsbibliothek Heidelberg"$"2002498-8"$"Salem. IX, 7"
"Heidelberg"$"4023996-2"$"Universitätsbibliothek Heidelberg"$"2002498-8"$"Salem. IX, 16"
"Heidelberg"$"4023996-2"$"Universitätsbibliothek Heidelberg"$"2002498-8"$"Salem. IX, 28"
"Heidelberg"$"4023996-2"$"Universitätsbibliothek Heidelberg"$"2002498-8"$"Salem. IX, 39"
"Heidelberg"$"4023996-2"$"Universitätsbibliothek Heidelberg"$"2002498-8"$"Salem. IX, 45"
"Heidelberg"$"4023996-2"$"Universitätsbibliothek Heidelberg"$"2002498-8"$"Salem. IX, 53"
"Heidelberg"$"4023996-2"$"Universitätsbibliothek Heidelberg"$"2002498-8"$"Salem. IX, 70"
"Heidelberg"$"4023996-2"$"Universitätsbibliothek Heidelberg"$"2002498-8"$"Salem. X, 3"
"Heidelberg"$"4023996-2"$"Universitätsbibliothek Heidelberg"$"2002498-8"$"Trübner 1474"
"Heidelberg"$"4023996-2"$"Universitätsbibliothek Heidelberg"$"2002498-8"$"Trübner 1483"
"Heidelberg"$"4023996-2"$"Universitätsbibliothek Heidelberg"$"2002498-8"$"Trübner 1489"
"Heidelberg"$"4023996-2"$"Universitätsbibliothek Heidelberg"$"2002498-8"$"Trübner 1491"