"Moskau"$"4074987-3"$"Russische Staatsbibliothek"$"2125990-2"$"Fonds 68, Nr. 215"$"In 1237"$"Fond 68, Nr. 215"$"Fonds 68. Nr. 215"$"Фонд 68, № 215"$"Фонд 68, ед. хр. 215"$"Фонд 68, N 215"$"Ин 1237"$"Ин. 1237"	
"Moskau"$"4074987-3"$"Russische Staatsbibliothek"$"2125990-2"$"Fonds 68, Nr. 338"$"In 1360"$"Fond 68, Nr. 338"$"Fonds 68. Nr. 338"$"Фонд 68, № 338"$"Фонд 68, ед. хр. 338"$"Фонд 68, N 338"$"Ин 1360"$"Ин. 1360"	
"Moskau"$"4074987-3"$"Russische Staatsbibliothek"$"2125990-2"$"Fonds 68, Nr. 339"$"In 1284"$"Fond 68, Nr. 339"$"Fonds 68. Nr. 339"$"Фонд 68, № 339"$"Фонд 68, ед. хр. 339"$"Фонд 68, N 339"$"Ин 1284"$"Ин. 1284"
"Moskau"$"4074987-3"$"Russische Staatsbibliothek"$"2125990-2"$"Fonds 68, Nr. 341"$"In 1283"$"Fond 68, Nr. 341"$"Fonds 68. Nr. 341"$"Фонд 68, № 341"$"Фонд 68, ед. хр. 341"$"Фонд 68, N 341"$"Ин 1283"$"Ин. 1283"	
"Moskau"$"4074987-3"$"Russische Staatsbibliothek"$"2125990-2"$"Fonds 68, Nr. 342"$"In 1280"$"Fond 68, Nr. 342"$"Fonds 68. Nr. 342"$"Фонд 68, № 342"$"Фонд 68, ед. хр. 342"$"Фонд 68, N 342"$"Ин 1280"$"Ин. 1280"	
"Moskau"$"4074987-3"$"Russische Staatsbibliothek"$"2125990-2"$"Fonds 68, Nr. 343.1"$"In 1361"$"Fond 68, Nr. 343.1"$"Fonds 68. Nr. 343.1"$"Фонд 68, № 343.1"$"Фонд 68, ед. хр. 343.1"$"Фонд 68, N 343.1"$"Ин 1361"$"Ин. 1361"	
"Moskau"$"4074987-3"$"Russische Staatsbibliothek"$"2125990-2"$"Fonds 68, Nr. 343.2"$"In 1361"$"Fond 68, Nr. 343.2"$"Fonds 68. Nr. 343.2"$"Фонд 68, № 343.2"$"Фонд 68, ед. хр. 343.2"$"Фонд 68, N 343.2"$"Ин 1361"$"Ин. 1361"	
"Moskau"$"4074987-3"$"Russische Staatsbibliothek"$"2125990-2"$"Fonds 68, Nr. 344"$"In 1281"$"Fond 68, Nr. 344"$"Fonds 68. Nr. 344"$"Фонд 68, № 344"$"Фонд 68, ед. хр. 344"$"Фонд 68, N 344"$"Ин 1281"$"Ин. 1281"	
"Moskau"$"4074987-3"$"Russische Staatsbibliothek"$"2125990-2"$"Fonds 68, Nr. 348"$"Fond 68, Nr. 348"$"Fonds 68. Nr. 348"$"Фонд 68, № 348"$"Фонд 68, ед. хр. 348"$"Фонд 68, N 348"			
"Moskau"$"4074987-3"$"Russische Staatsbibliothek"$"2125990-2"$"Fonds 68, Nr. 354"$"In 1359"$"Fond 68, Nr. 354"$"Fonds 68. Nr. 354"$"Фонд 68, № 354"$"Фонд 68, ед. хр. 354"$"Фонд 68, N 354"$"Ин 1359"$"Ин. 1359"	
"Moskau"$"4074987-3"$"Russische Staatsbibliothek"$"2125990-2"$"Fonds 68, Nr. 396"$"In 1326"$"Fond 68, Nr. 396"$"Fonds 68. Nr. 396"$"Фонд 68, № 396"$"Фонд 68, ед. хр. 396"$"Фонд 68, N 396"$"Ин 1326"$"Ин. 1326"	
"Moskau"$"4074987-3"$"Russische Staatsbibliothek"$"2125990-2"$"Fonds 68, Nr. 417"$"In 1373"$"Fond 68, Nr. 417"$"Fonds 68. Nr. 417"$"Фонд 68, № 417"$"Фонд 68, ед. хр. 417"$"Фонд 68, N 417"$"Ин 1373"$"Ин. 1373"	
"Moskau"$"4074987-3"$"Russische Staatsbibliothek"$"2125990-2"$"Fonds 68, Nr. 420"$"In 1217"$"Fond 68, Nr. 420"$"Fonds 68. Nr. 420"$"Фонд 68, № 420"$"Фонд 68, ед. хр. 420"$"Фонд 68, N 420"$"Ин 1217"$"Ин. 1217"	
"Moskau"$"4074987-3"$"Russische Staatsbibliothek"$"2125990-2"$"Fonds 68, Nr. 435"$"In 1230"$"Fond 68, Nr. 435"$"Fonds 68. Nr. 435"$"Фонд 68, № 435"$"Фонд 68, ед. хр. 435"$"Фонд 68, N 435"$"Ин 1230"$"Ин. 1230"	
"Moskau"$"4074987-3"$"Russische Staatsbibliothek"$"2125990-2"$"Fonds 68, Nr. 436"$"In 1322"$"Fond 68, Nr. 436"$"Fonds 68. Nr. 436"$"Фонд 68, № 436"$"Фонд 68, ед. хр. 436"$"Фонд 68, N 436"$"Ин 1322"$"Ин. 1322"	
"Moskau"$"4074987-3"$"Russische Staatsbibliothek"$"2125990-2"$"Fonds 68, Nr. 437"$"In 1409"$"Fond 68, Nr. 437"$"Fonds 68. Nr. 437"$"Фонд 68, № 437"$"Фонд 68, ед. хр. 437"$"Фонд 68, N 437"$"Ин 1409"$"Ин. 1409"	
"Moskau"$"4074987-3"$"Russische Staatsbibliothek"$"2125990-2"$"Fonds 68, Nr. 438"$"In 1231"$"Fond 68, Nr. 438"$"Fonds 68. Nr. 438"$"Фонд 68, № 438"$"Фонд 68, ед. хр. 438"$"Фонд 68, N 438"$"Ин 1231"$"Ин. 1231"	
"Moskau"$"4074987-3"$"Russische Staatsbibliothek"$"2125990-2"$"Fonds 68, Nr. 439"$"In 1227"$"Fond 68, Nr. 439"$"Fonds 68. Nr. 439"$"Фонд 68, № 439"$"Фонд 68, ед. хр. 439"$"Фонд 68, N 439"$"Ин 1227"$"Ин. 1227"	
"Moskau"$"4074987-3"$"Russische Staatsbibliothek"$"2125990-2"$"Fonds 68, Nr. 440"$"In 1228"$"Fond 68, Nr. 440"$"Fonds 68. Nr. 440"$"Фонд 68, № 440"$"Фонд 68, ед. хр. 440"$"Фонд 68, N 440"$"Ин 1228"$"Ин. 1228"	
"Moskau"$"4074987-3"$"Russische Staatsbibliothek"$"2125990-2"$"Fonds 68, Nr. 441"$"In 1226"$"M.K. 11 пр 5"$"Fond 68, Nr. 441"$"Fonds 68. Nr. 441"$"Фонд 68, № 441"$"Фонд 68, ед. хр. 441"$"Фонд 68, N 441"$"Ин 1226"$"Ин. 1226"	
"Moskau"$"4074987-3"$"Russische Staatsbibliothek"$"2125990-2"$"Fonds 68, Nr. 444"$"In 1311"$"Fond 68, Nr. 444"$"Fonds 68. Nr. 444"$"Фонд 68, № 444"$"Фонд 68, ед. хр. 444"$"Фонд 68, N 444"$"Ин 1311"$"Ин. 1311"	
"Moskau"$"4074987-3"$"Russische Staatsbibliothek"$"2125990-2"$"Fonds 68, Nr. 445"$"In 1234"$"Fond 68, Nr. 445"$"Fonds 68. Nr. 445"$"Фонд 68, № 445"$"Фонд 68, ед. хр. 445"$"Фонд 68, N 445"$"Ин 1234"$"Ин. 1234"	
"Moskau"$"4074987-3"$"Russische Staatsbibliothek"$"2125990-2"$"Fonds 68, Nr. 446"$"In 1310"$"Fond 68, Nr. 446"$"Fonds 68. Nr. 446"$"Фонд 68, № 446"$"Фонд 68, ед. хр. 446"$"Фонд 68, N 446"$"Ин 1310"$"Ин. 1310"	
"Moskau"$"4074987-3"$"Russische Staatsbibliothek"$"2125990-2"$"Fonds 68, Nr. 447"$"In 1233"$"Fond 68, Nr. 447"$"Fonds 68. Nr. 447"$"Фонд 68, № 447"$"Фонд 68, ед. хр. 447"$"Фонд 68, N 447"$"Ин 1233"$"Ин. 1233"	
"Moskau"$"4074987-3"$"Russische Staatsbibliothek"$"2125990-2"$"Fonds 68, Nr. 448"$"In 1321"$"Fond 68, Nr. 448"$"Fonds 68. Nr. 448"$"Фонд 68, № 448"$"Фонд 68, ед. хр. 448"$"Фонд 68, N 448"$"Ин 1321"$"Ин. 1321"	
"Moskau"$"4074987-3"$"Russische Staatsbibliothek"$"2125990-2"$"Fonds 68, Nr. 449"$"In 1219"$"Fond 68, Nr. 449"$"Fonds 68. Nr. 449"$"Фонд 68, № 449"$"Фонд 68, ед. хр. 449"$"Фонд 68, N 449"$"Ин 1219"$"Ин. 1219"	
"Moskau"$"4074987-3"$"Russische Staatsbibliothek"$"2125990-2"$"Fonds 68, Nr. 450"$"In 1236"$"Fond 68, Nr. 450"$"Fonds 68. Nr. 450"$"Фонд 68, № 450"$"Фонд 68, ед. хр. 450"$"Фонд 68, N 450"$"Ин 1236"$"Ин. 1236"	
"Moskau"$"4074987-3"$"Russische Staatsbibliothek"$"2125990-2"$"Fonds 183, Nr. 281"$"Fond 183, Nr. 281"$"Fonds 183. Nr. 281"$"Фонд 183, № 281"$"Фонд 183, ед. хр. 281"$"Фонд 183, N 281"			
"Moskau"$"4074987-3"$"Russische Staatsbibliothek"$"2125990-2"$"Fonds 183, Nr. 282"$"Fond 183, Nr. 282"$"Fonds 183. Nr. 282"$"Фонд 183, № 282"$"Фонд 183, ед. хр. 282"$"Фонд 183, N 282"			
"Moskau"$"4074987-3"$"Russische Staatsbibliothek"$"2125990-2"$"Fonds 183, Nr. 355"$"Fond 183, Nr. 355"$"Fonds 183. Nr. 355"$"Фонд 183, № 355"$"Фонд 183, ед. хр. 355"$"Фонд 183, N 355"			
"Moskau"$"4074987-3"$"Russische Staatsbibliothek"$"2125990-2"$"Fonds 183, Nr. 356"$"Fond 183, Nr. 356"$"Fonds 183. Nr. 356"$"Фонд 183, № 356"$"Фонд 183, ед. хр. 356"$"Фонд 183, N 356"			
"Moskau"$"4074987-3"$"Russische Staatsbibliothek"$"2125990-2"$"Fonds 183, Nr. 357"$"Fond 183, Nr. 357"$"Fonds 183. Nr. 357"$"Фонд 183, № 357"$"Фонд 183, ед. хр. 357"$"Фонд 183, N 357"			
"Moskau"$"4074987-3"$"Russische Staatsbibliothek"$"2125990-2"$"Fonds 183, Nr. 368"$"Fond 183, Nr. 368"$"Fonds 183. Nr. 368"$"Фонд 183, № 368"$"Фонд 183, ед. хр. 368"$"Фонд 183, N 368"			
"Moskau"$"4074987-3"$"Russische Staatsbibliothek"$"2125990-2"$"Fonds 183, Nr. 433"$"Nr. 8059"$"Fond 183, Nr. 433"$"Fonds 183. Nr. 433"$"Фонд 183, № 433"$"Фонд 183, ед. хр. 433"$"Фонд 183, N 433"$"№ 8059"
"Moskau"$"4074987-3"$"Russische Staatsbibliothek"$"2125990-2"$"Fonds 183, Nr. 447"$"Fond 183, Nr. 447"$"Fonds 183. Nr. 447"$"Фонд 183, № 447"$"Фонд 183, ед. хр. 447"$"Фонд 183, N 447"			
"Moskau"$"4074987-3"$"Russische Staatsbibliothek"$"2125990-2"$"Fonds 183, Nr. 451"$"Fond 183, Nr. 451"$"Fonds 183. Nr. 451"$"Фонд 183, № 451"$"Фонд 183, ед. хр. 451"$"Фонд 183, N 451"			
"Moskau"$"4074987-3"$"Russische Staatsbibliothek"$"2125990-2"$"Fonds 183, Nr. 452"$"Fond 183, Nr. 452"$"Fonds 183. Nr. 452"$"Фонд 183, № 452"$"Фонд 183, ед. хр. 452"$"Фонд 183, N 452"			
"Moskau"$"4074987-3"$"Russische Staatsbibliothek"$"2125990-2"$"Fonds 183, Nr. 453"$"Fond 183, Nr. 453"$"Fonds 183. Nr. 453"$"Фонд 183, № 453"$"Фонд 183, ед. хр. 453"$"Фонд 183, N 453"			
"Moskau"$"4074987-3"$"Russische Staatsbibliothek"$"2125990-2"$"Fonds 183, Nr. 456"$"Fond 183, Nr. 456"$"Fonds 183. Nr. 456"$"Фонд 183, № 456"$"Фонд 183, ед. хр. 456"$"Фонд 183, N 456"			
"Moskau"$"4074987-3"$"Russische Staatsbibliothek"$"2125990-2"$"Fonds 183, Nr. 846"$"Fond 183, Nr. 846"$"Fonds 183. Nr. 846"$"Фонд 183, № 846"$"Фонд 183, ед. хр. 846"$"Фонд 183, N 846"			
"Moskau"$"4074987-3"$"Russische Staatsbibliothek"$"2125990-2"$"Fonds 183, Nr. 849"$"Fond 183, Nr. 849"$"Fonds 183. Nr. 849"$"Фонд 183, № 849"$"Фонд 183, ед. хр. 849"$"Фонд 183, N 849"			
"Moskau"$"4074987-3"$"Russische Staatsbibliothek"$"2125990-2"$"Fonds 183, Nr. 850"$"Fond 183, Nr. 850"$"Fonds 183. Nr. 850"$"Фонд 183, № 850"$"Фонд 183, ед. хр. 850"$"Фонд 183, N 850"			
"Moskau"$"4074987-3"$"Russische Staatsbibliothek"$"2125990-2"$"Fonds 183, Nr. 872"$"Fond 183, Nr. 872"$"Fonds 183. Nr. 872"$"Фонд 183, № 872"$"Фонд 183, ед. хр. 872"$"Фонд 183, N 872"			
"Moskau"$"4074987-3"$"Russische Staatsbibliothek"$"2125990-2"$"Fonds 183, Nr. 903"$"Fond 183, Nr. 903"$"Fonds 183. Nr. 903"$"Фонд 183, № 903"$"Фонд 183, ед. хр. 903"$"Фонд 183, N 903"			
"Moskau"$"4074987-3"$"Russische Staatsbibliothek"$"2125990-2"$"Fonds 183, Nr. 904"$"Fond 183, Nr. 904"$"Fonds 183. Nr. 904"$"Фонд 183, № 904"$"Фонд 183, ед. хр. 904"$"Фонд 183, N 904"			
"Moskau"$"4074987-3"$"Russische Staatsbibliothek"$"2125990-2"$"Fonds 183, Nr. 919"$"Fond 183, Nr. 919"$"Fonds 183. Nr. 919"$"Фонд 183, № 919"$"Фонд 183, ед. хр. 919"$"Фонд 183, N 919"			
"Moskau"$"4074987-3"$"Russische Staatsbibliothek"$"2125990-2"$"Fonds 183, Nr. 923"$"Fond 183, Nr. 923"$"Fonds 183. Nr. 923"$"Фонд 183, № 923"$"Фонд 183, ед. хр. 923"$"Фонд 183, N 923"			
"Moskau"$"4074987-3"$"Russische Staatsbibliothek"$"2125990-2"$"Fonds 183, Nr. 926"$"Fond 183, Nr. 926"$"Fonds 183. Nr. 926"$"Фонд 183, № 926"$"Фонд 183, ед. хр. 926"$"Фонд 183, N 926"			
"Moskau"$"4074987-3"$"Russische Staatsbibliothek"$"2125990-2"$"Fonds 183, Nr. 930"$"Fond 183, Nr. 930"$"Fonds 183. Nr. 930"$"Фонд 183, № 930"$"Фонд 183, ед. хр. 930"$"Фонд 183, N 930"			
"Moskau"$"4074987-3"$"Russische Staatsbibliothek"$"2125990-2"$"Fonds 183, Nr. 938"$"Fond 183, Nr. 938"$"Fonds 183. Nr. 938"$"Фонд 183, № 938"$"Фонд 183, ед. хр. 938"$"Фонд 183, N 938"			
"Moskau"$"4074987-3"$"Russische Staatsbibliothek"$"2125990-2"$"Fonds 183, Nr. 948"$"Fond 183, Nr. 948"$"Fonds 183. Nr. 948"$"Фонд 183, № 948"$"Фонд 183, ед. хр. 948"$"Фонд 183, N 948"			
"Moskau"$"4074987-3"$"Russische Staatsbibliothek"$"2125990-2"$"Fonds 183, Nr. 952"$"Fond 183, Nr. 952"$"Fonds 183. Nr. 952"$"Фонд 183, № 952"$"Фонд 183, ед. хр. 952"$"Фонд 183, N 952"			
"Moskau"$"4074987-3"$"Russische Staatsbibliothek"$"2125990-2"$"Fonds 183, Nr. 960"$"Fond 183, Nr. 960"$"Fonds 183. Nr. 960"$"Фонд 183, № 960"$"Фонд 183, ед. хр. 960"$"Фонд 183, N 960"			
"Moskau"$"4074987-3"$"Russische Staatsbibliothek"$"2125990-2"$"Fonds 183, Nr. 984"$"Fond 183, Nr. 984"$"Fonds 183. Nr. 984"$"Фонд 183, № 984"$"Фонд 183, ед. хр. 984"$"Фонд 183, N 984"			
"Moskau"$"4074987-3"$"Russische Staatsbibliothek"$"2125990-2"$"Fonds 183, Nr. 1000"$"Fond 183, Nr. 1000"$"Fonds 183. Nr. 1000"$"Фонд 183, № 1000"$"Фонд 183, ед. хр. 1000"$"Фонд 183, N 1000"			
"Moskau"$"4074987-3"$"Russische Staatsbibliothek"$"2125990-2"$"Fonds 183, Nr. 1022"$"Fond 183, Nr. 1022"$"Fonds 183. Nr. 1022"$"Фонд 183, № 1022"$"Фонд 183, ед. хр. 1022"$"Фонд 183, N 1022"			
"Moskau"$"4074987-3"$"Russische Staatsbibliothek"$"2125990-2"$"Fonds 183, Nr. 1034"$"Fond 183, Nr. 1034"$"Fonds 183. Nr. 1034"$"Фонд 183, № 1034"$"Фонд 183, ед. хр. 1034"$"Фонд 183, N 1034"			
"Moskau"$"4074987-3"$"Russische Staatsbibliothek"$"2125990-2"$"Fonds 183, Nr. 1097"$"Fond 183, Nr. 1097"$"Fonds 183. Nr. 1097"$"Фонд 183, № 1097"$"Фонд 183, ед. хр. 1097"$"Фонд 183, N 1097"			
"Moskau"$"4074987-3"$"Russische Staatsbibliothek"$"2125990-2"$"Fonds 183, Nr. 1435"$"Fond 183, Nr. 1435"$"Fonds 183. Nr. 1435"$"Фонд 183, № 1435"$"Фонд 183, ед. хр. 1435"$"Фонд 183, N 1435"			
"Moskau"$"4074987-3"$"Russische Staatsbibliothek"$"2125990-2"$"Fonds 183, Nr. 1593"$"Fond 183, Nr. 1593"$"Fonds 183. Nr. 1593"$"Фонд 183, № 1593"$"Фонд 183, ед. хр. 1593"$"Фонд 183, N 1593"			
"Moskau"$"4074987-3"$"Russische Staatsbibliothek"$"2125990-2"$"Fonds 183, Nr. 1595"$"Fond 183, Nr. 1595"$"Fonds 183. Nr. 1595"$"Фонд 183, № 1595"$"Фонд 183, ед. хр. 1595"$"Фонд 183, N 1595"			
"Moskau"$"4074987-3"$"Russische Staatsbibliothek"$"2125990-2"$"Fonds 183, Nr. 1626"$"Fond 183, Nr. 1626"$"Fonds 183. Nr. 1626"$"Фонд 183, № 1626"$"Фонд 183, ед. хр. 1626"$"Фонд 183, N 1626"			
"Moskau"$"4074987-3"$"Russische Staatsbibliothek"$"2125990-2"$"Fonds 183, Nr. 1629"$"Fond 183, Nr. 1629"$"Fonds 183. Nr. 1629"$"Фонд 183, № 1629"$"Фонд 183, ед. хр. 1629"$"Фонд 183, N 1629"			
"Moskau"$"4074987-3"$"Russische Staatsbibliothek"$"2125990-2"$"Fonds 183, Nr. 1678"$"Fond 183, Nr. 1678"$"Fonds 183. Nr. 1678"$"Фонд 183, № 1678"$"Фонд 183, ед. хр. 1678"$"Фонд 183, N 1678"			
"Moskau"$"4074987-3"$"Russische Staatsbibliothek"$"2125990-2"$"Fonds 183, Nr. 1709"$"Fond 183, Nr. 1709"$"Fonds 183. Nr. 1709"$"Фонд 183, № 1709"$"Фонд 183, ед. хр. 1709"$"Фонд 183, N 1709"			
"Moskau"$"4074987-3"$"Russische Staatsbibliothek"$"2125990-2"$"Fonds 183, Nr. 1805"$"Fond 183, Nr. 1805"$"Fonds 183. Nr. 1805"$"Фонд 183, № 1805"$"Фонд 183, ед. хр. 1805"$"Фонд 183, N 1805"			
"Moskau"$"4074987-3"$"Russische Staatsbibliothek"$"2125990-2"$"Fonds 183, Nr. 1907"$"Fond 183, Nr. 1907"$"Fonds 183. Nr. 1907"$"Фонд 183, № 1907"$"Фонд 183, ед. хр. 1907"$"Фонд 183, N 1907"			
"Moskau"$"4074987-3"$"Russische Staatsbibliothek"$"2125990-2"$"Fonds 183, Nr. 1908"$"Fond 183, Nr. 1908"$"Fonds 183. Nr. 1908"$"Фонд 183, № 1908"$"Фонд 183, ед. хр. 1908"$"Фонд 183, N 1908"			
"Moskau"$"4074987-3"$"Russische Staatsbibliothek"$"2125990-2"$"Fonds 183, Nr. 1909"$"Fond 183, Nr. 1909"$"Fonds 183. Nr. 1909"$"Фонд 183, № 1909"$"Фонд 183, ед. хр. 1909"$"Фонд 183, N 1909"			
"Moskau"$"4074987-3"$"Russische Staatsbibliothek"$"2125990-2"$"Fonds 183, Nr. 1910"$"Fond 183, Nr. 1910"$"Fonds 183. Nr. 1910"$"Фонд 183, № 1910"$"Фонд 183, ед. хр. 1910"$"Фонд 183, N 1910"			
"Moskau"$"4074987-3"$"Russische Staatsbibliothek"$"2125990-2"$"Fonds 183, Nr. 1911"$"Fond 183, Nr. 1911"$"Fonds 183. Nr. 1911"$"Фонд 183, № 1911"$"Фонд 183, ед. хр. 1911"$"Фонд 183, N 1911"			
"Moskau"$"4074987-3"$"Russische Staatsbibliothek"$"2125990-2"$"Fonds 183, Nr. 1912"$"Fond 183, Nr. 1912"$"Fonds 183. Nr. 1912"$"Фонд 183, № 1912"$"Фонд 183, ед. хр. 1912"$"Фонд 183, N 1912"			
"Moskau"$"4074987-3"$"Russische Staatsbibliothek"$"2125990-2"$"Fonds 183, Nr. 1913"$"Fond 183, Nr. 1913"$"Fonds 183. Nr. 1913"$"Фонд 183, № 1913"$"Фонд 183, ед. хр. 1913"$"Фонд 183, N 1913"			
"Moskau"$"4074987-3"$"Russische Staatsbibliothek"$"2125990-2"$"Fonds 183, Nr. 1923"$"Fond 183, Nr. 1923"$"Fonds 183. Nr. 1923"$"Фонд 183, № 1923"$"Фонд 183, ед. хр. 1923"$"Фонд 183, N 1923"			
"Moskau"$"4074987-3"$"Russische Staatsbibliothek"$"2125990-2"$"Fonds 183, Nr. 1924"$"Fond 183, Nr. 1924"$"Fonds 183. Nr. 1924"$"Фонд 183, № 1924"$"Фонд 183, ед. хр. 1924"$"Фонд 183, N 1924"			
"Moskau"$"4074987-3"$"Russische Staatsbibliothek"$"2125990-2"$"Fonds 183, Nr. 1926"$"Fond 183, Nr. 1926"$"Fonds 183. Nr. 1926"$"Фонд 183, № 1926"$"Фонд 183, ед. хр. 1926"$"Фонд 183, N 1926"			
"Moskau"$"4074987-3"$"Russische Staatsbibliothek"$"2125990-2"$"Fonds 183, Nr. 1927"$"Fond 183, Nr. 1927"$"Fonds 183. Nr. 1927"$"Фонд 183, № 1927"$"Фонд 183, ед. хр. 1927"$"Фонд 183, N 1927"			
"Moskau"$"4074987-3"$"Russische Staatsbibliothek"$"2125990-2"$"Fonds 183, Nr. 1928"$"M 8629"$"Fond 183, Nr. 1928"$"Fonds 183. Nr. 1928"$"Фонд 183, № 1928"$"Фонд 183, ед. хр. 1928"$"Фонд 183, N 1928"			
"Moskau"$"4074987-3"$"Russische Staatsbibliothek"$"2125990-2"$"Fonds 183, Nr. 1929"$"Fond 183, Nr. 1929"$"Fonds 183. Nr. 1929"$"Фонд 183, № 1929"$"Фонд 183, ед. хр. 1929"$"Фонд 183, N 1929!			
"Moskau"$"4074987-3"$"Russische Staatsbibliothek"$"2125990-2"$"Fonds 183, Nr. 1930"$"Fond 183, Nr. 1930"$"Fonds 183. Nr. 1930"$"Фонд 183, № 1930"$"Фонд 183, ед. хр. 1930"$"Фонд 183, N 1930"			
"Moskau"$"4074987-3"$"Russische Staatsbibliothek"$"2125990-2"$"Fonds 183, Nr. 1931"$"Fond 183, Nr. 1931"$"Fonds 183. Nr. 1931"$"Фонд 183, № 1931"$"Фонд 183, ед. хр. 1931"$"Фонд 183, N 1931"			
"Moskau"$"4074987-3"$"Russische Staatsbibliothek"$"2125990-2"$"Fonds 183, Nr. 1932"$"8609"$"Fond 183, Nr. 1932"$"Fonds 183. Nr. 1932"$"Фонд 183, № 1932"$"Фонд 183, ед. хр. 1932"$"Фонд 183, N 1932"			
"Moskau"$"4074987-3"$"Russische Staatsbibliothek"$"2125990-2"$"Fonds 183, Nr. 1933"$"Fond 183, Nr. 1933"$"Fonds 183. Nr. 1933"$"Фонд 183, № 1933"$"Фонд 183, ед. хр. 1933"$"Фонд 183, N 1933"			
"Moskau"$"4074987-3"$"Russische Staatsbibliothek"$"2125990-2"$"Fonds 183, Nr. 1937"$"M 8620"$"Fond 183, Nr. 1937"$"Fonds 183. Nr. 1937"$"Фонд 183, № 1937"$"Фонд 183, ед. хр. 1937"$"Фонд 183, N 1937"			
"Moskau"$"4074987-3"$"Russische Staatsbibliothek"$"2125990-2"$"Fonds 183, Nr. 1952"$"Fond 183, Nr. 1952"$"Fonds 183. Nr. 1952"$"Фонд 183, № 1952"$"Фонд 183, ед. хр. 1952"$"Фонд 183, N 1952"			
"Moskau"$"4074987-3"$"Russische Staatsbibliothek"$"2125990-2"$"Fonds 183, Nr. 1953"$"Fond 183, Nr. 1953"$"Fonds 183. Nr. 1953"$"Фонд 183, № 1953"$"Фонд 183, ед. хр. 1953"$"Фонд 183, N 1953"			
"Moskau"$"4074987-3"$"Russische Staatsbibliothek"$"2125990-2"$"Fonds 183, Nr. 1966"$"Fond 183, Nr. 1966"$"Fonds 183. Nr. 1966"$"Фонд 183, № 1966"$"Фонд 183, ед. хр. 1966"$"Фонд 183, N 1966"			
"Moskau"$"4074987-3"$"Russische Staatsbibliothek"$"2125990-2"$"Fonds 183, Nr. 1988"$"Fond 183, Nr. 1988"$"Fonds 183. Nr. 1988"$"Фонд 183, № 1988"$"Фонд 183, ед. хр. 1988"$"Фонд 183, N 1988"			
"Moskau"$"4074987-3"$"Russische Staatsbibliothek"$"2125990-2"$"Fonds 183, Nr. 1989"$"Fond 183, Nr. 1989"$"Fonds 183. Nr. 1989"$"Фонд 183, № 1989"$"Фонд 183, ед. хр. 1989"$"Фонд 183, N 1989"			
"Moskau"$"4074987-3"$"Russische Staatsbibliothek"$"2125990-2"$"Fonds 183, Nr. 1990"$"Fond 183, Nr. 1990"$"Fonds 183. Nr. 1990"$"Фонд 183, № 1990"$"Фонд 183, ед. хр. 1990"$"Фонд 183, N 1990"			
"Moskau"$"4074987-3"$"Russische Staatsbibliothek"$"2125990-2"$"Fonds 183, Nr. 1991"$"Fond 183, Nr. 1991"$"Fonds 183. Nr. 1991"$"Фонд 183, № 1991"$"Фонд 183, ед. хр. 1991"$"Фонд 183, N 1991"			
"Moskau"$"4074987-3"$"Russische Staatsbibliothek"$"2125990-2"$"Fonds 183, Nr. 1992"$"Fond 183, Nr. 1992"$"Fonds 183. Nr. 1992"$"Фонд 183, № 1992"$"Фонд 183, ед. хр. 1992"$"Фонд 183, N 1992"			
"Moskau"$"4074987-3"$"Russische Staatsbibliothek"$"2125990-2"$"Fonds 183, Nr. 1997"$"Fond 183, Nr. 1997"$"Fonds 183. Nr. 1997"$"Фонд 183, № 1997"$"Фонд 183, ед. хр. 1997"$"Фонд 183, N 1997"			
"Moskau"$"4074987-3"$"Russische Staatsbibliothek"$"2125990-2"$"Fonds 183, Nr. 3250"$"Fond 183, Nr. 3250"$"Fonds 183. Nr. 3250"$"Фонд 183, № 3250"$"Фонд 183, ед. хр. 3250"$"Фонд 183, N 3250"			
"Moskau"$"4074987-3"$"Russische Staatsbibliothek"$"2125990-2"$"Fonds 183, Nr. 3261"$"Fond 183, Nr. 3261"$"Fonds 183. Nr. 3261"$"Фонд 183, № 3261"$"Фонд 183, ед. хр. 3261"$"Фонд 183, N 3261"			
"Moskau"$"4074987-3"$"Russische Staatsbibliothek"$"2125990-2"$"Fonds 183, Nr. 3262"$"Fond 183, Nr. 3262"$"Fonds 183. Nr. 3262"$"Фонд 183, № 3262"$"Фонд 183, ед. хр. 3262"$"Фонд 183, N 3262"			
"Moskau"$"4074987-3"$"Russische Staatsbibliothek"$"2125990-2"$"Fonds 183, Nr. 3321"$"Fond 183, Nr. 3321"$"Fonds 183. Nr. 3321"$"Фонд 183, № 3321"$"Фонд 183, ед. хр. 3321"$"Фонд 183, N 3321"			
"Moskau"$"4074987-3"$"Russische Staatsbibliothek"$"2125990-2"$"Fonds 183, Nr. 3322"$"Fond 183, Nr. 3322"$"Fonds 183. Nr. 3322"$"Фонд 183, № 3322"$"Фонд 183, ед. хр. 3322"$"Фонд 183, N 3322"			
"Moskau"$"4074987-3"$"Russische Staatsbibliothek"$"2125990-2"$"Fonds 183.II, Nr. 1.7"$"Fond 183.II, Nr. 1.7"$"Fonds 183.II. Nr. 1.7"$"Фонд 183.II, № 1.7"$"Фонд 183.II, ед. хр. 1.7"$"Фонд 183.II, N 1.7"			
"Moskau"$"4074987-3"$"Russische Staatsbibliothek"$"2125990-2"$"Fonds 183.II, Nr. 12.1"$"Fond 183.II, Nr. 12.1"$"Fonds 183.II. Nr. 12.1"$"Фонд 183.II, № 12.1"$"Фонд 183.II, ед. хр. 12.1"$"Фонд 183.II, N 12.1"			
"Moskau"$"4074987-3"$"Russische Staatsbibliothek"$"2125990-2"$"Fonds 201, Nr. 32"$"In 396"$"Fond 201, Nr. 32"$"Fonds 201. Nr. 32"$"Фонд 201, № 32"$"Фонд 201, ед. хр. 32"$"Фонд 201, N 32"$"Ин 396"$"Ин. 396"	
"Moskau"$"4074987-3"$"Russische Staatsbibliothek"$"2125990-2"$"Fonds 201, Nr. 33"$"In 397"$"Fond 201, Nr. 33"$"Fonds 201. Nr. 33"$"Фонд 201, № 33"$"Фонд 201, ед. хр. 33"$"Фонд 201, N 33"$"Ин 397"$"Ин. 397"	
"Moskau"$"4074987-3"$"Russische Staatsbibliothek"$"2125990-2"$"Fonds 201, Nr. 34"$"In 395"$"Fond 201, Nr. 34"$"Fonds 201. Nr. 34"$"Фонд 201, № 34"$"Фонд 201, ед. хр. 34"$"Фонд 201, N 34"$"Ин 395"$"Ин. 395"	
"Moskau"$"4074987-3"$"Russische Staatsbibliothek"$"2125990-2"$"Fonds 201, Nr. 35"$"In 398"$"Fond 201, Nr. 35"$"Fonds 201. Nr. 35"$"Фонд 201, № 35"$"Фонд 201, ед. хр. 35"$"Фонд 201, N 35"$"Ин 398"$"Ин. 398"	
"Moskau"$"4074987-3"$"Russische Staatsbibliothek"$"2125990-2"$"Fonds 201, Nr. 36"$"In 393"$"Fond 201, Nr. 36"$"Fonds 201. Nr. 36"$"Фонд 201, № 36"$"Фонд 201, ед. хр. 36"$"Фонд 201, N 36"$"Ин 393"$"Ин. 393"	
"Moskau"$"4074987-3"$"Russische Staatsbibliothek"$"2125990-2"$"Fonds 201, Nr. 48.22"$"Avt. in. 1-50"$"Fond 201, Nr. 48.22"$"Fonds 201. Nr. 48.22"$"Фонд 201, № 48.22"$"Фонд 201, ед. хр. 48.22"$"Фонд 201, N 48.22	Авт. ин. 1-50"		
"Moskau"$"4074987-3"$"Russische Staatsbibliothek"$"2125990-2"$"Fonds 201, Nr. 48.36"$"Avt. in. 1-48"$"Fond 201, Nr. 48.36"$"Fonds 201. Nr. 48.36"$"Фонд 201, № 48.36"$"Фонд 201, ед. хр. 48.36"$"Фонд 201, N 48.36	Авт. ин. 1-48"		
"Moskau"$"4074987-3"$"Russische Staatsbibliothek"$"2125990-2"$"Fonds 218, Nr. 41"$"Fond 218, Nr. 41"$"Fonds 218. Nr. 41"$"Фонд 218, № 41"$"Фонд 218, ед. хр. 41"$"Фонд 218, N 41"			
"Moskau"$"4074987-3"$"Russische Staatsbibliothek"$"2125990-2"$"Fonds 218, Nr. 42"$"Fond 218, Nr. 42"$"Fonds 218. Nr. 42"$"Фонд 218, № 42"$"Фонд 218, ед. хр. 42"$"Фонд 218, N 42"			
"Moskau"$"4074987-3"$"Russische Staatsbibliothek"$"2125990-2"$"Fonds 218, Nr. 280"$"Fond 218, Nr. 280"$"Fonds 218. Nr. 280"$"Фонд 218, № 280"$"Фонд 218, ед. хр. 280"$"Фонд 218, N 280"			
"Moskau"$"4074987-3"$"Russische Staatsbibliothek"$"2125990-2"$"Fonds 218, Nr. 387"$"Fond 218, Nr. 387"$"Fonds 218. Nr. 387"$"Фонд 218, № 387"$"Фонд 218, ед. хр. 387"$"Фонд 218, N 387"			
"Moskau"$"4074987-3"$"Russische Staatsbibliothek"$"2125990-2"$"Fonds 218, Nr. 388"$"Fond 218, Nr. 388"$"Fonds 218. Nr. 388"$"Фонд 218, № 388"$"Фонд 218, ед. хр. 388"$"Фонд 218, N 388"			
"Moskau"$"4074987-3"$"Russische Staatsbibliothek"$"2125990-2"$"Fonds 218, Nr. 389"$"Fond 218, Nr. 389"$"Fonds 218. Nr. 389"$"Фонд 218, № 389"$"Фонд 218, ед. хр. 389"$"Фонд 218, N 389"			
"Moskau"$"4074987-3"$"Russische Staatsbibliothek"$"2125990-2"$"Fonds 218, Nr. 390"$"Fond 218, Nr. 390"$"Fonds 218. Nr. 390"$"Фонд 218, № 390"$"Фонд 218, ед. хр. 390"$"Фонд 218, N 390"			
"Moskau"$"4074987-3"$"Russische Staatsbibliothek"$"2125990-2"$"Fonds 218, Nr. 523"$"Fond 218, Nr. 523"$"Fonds 218. Nr. 523"$"Фонд 218, № 523"$"Фонд 218, ед. хр. 523"$"Фонд 218, N 523"			
"Moskau"$"4074987-3"$"Russische Staatsbibliothek"$"2125990-2"$"Fonds 218, Nr. 582"$"Fond 218, Nr. 582"$"Fonds 218. Nr. 582"$"Фонд 218, № 582"$"Фонд 218, ед. хр. 582"$"Фонд 218, N 582"			
"Moskau"$"4074987-3"$"Russische Staatsbibliothek"$"2125990-2"$"Fonds 218, Nr. 787"$"Fond 218, Nr. 787"$"Fonds 218. Nr. 787"$"Фонд 218, № 787"$"Фонд 218, ед. хр. 787"$"Фонд 218, N 787"			
"Moskau"$"4074987-3"$"Russische Staatsbibliothek"$"2125990-2"$"Fonds 218, Nr. 859"$"Fond 218, Nr. 859"$"Fonds 218. Nr. 859"$"Фонд 218, № 859"$"Фонд 218, ед. хр. 859"$"Фонд 218, N 859"			
"Moskau"$"4074987-3"$"Russische Staatsbibliothek"$"2125990-2"$"Fonds 218, Nr. 928"$"Fond 218, Nr. 928"$"Fonds 218. Nr. 928"$"Фонд 218, № 928"$"Фонд 218, ед. хр. 928"$"Фонд 218, N 928"			
"Moskau"$"4074987-3"$"Russische Staatsbibliothek"$"2125990-2"$"Fonds 218, Nr. 952"$"Fond 218, Nr. 952"$"Fonds 218. Nr. 952"$"Фонд 218, № 952"$"Фонд 218, ед. хр. 952"$"Фонд 218, N 952"			
"Moskau"$"4074987-3"$"Russische Staatsbibliothek"$"2125990-2"$"Fonds 218, Nr. 953.1"$"Fond 218, Nr. 953.1"$"Fonds 218. Nr. 953.1"$"Фонд 218, № 953.1"$"Фонд 218, ед. хр. 953.1"$"Фонд 218, N 953.1"			
"Moskau"$"4074987-3"$"Russische Staatsbibliothek"$"2125990-2"$"Fonds 218, Nr. 953.2"$"Fond 218, Nr. 953.2"$"Fonds 218. Nr. 953.2"$"Фонд 218, № 953.2"$"Фонд 218, ед. хр. 953.2"$"Фонд 218, N 953.2"			
"Moskau"$"4074987-3"$"Russische Staatsbibliothek"$"2125990-2"$"Fonds 218, Nr. 954"$"Fond 218, Nr. 954"$"Fonds 218. Nr. 954"$"Фонд 218, № 954"$"Фонд 218, ед. хр. 954"$"Фонд 218, N 954"			
"Moskau"$"4074987-3"$"Russische Staatsbibliothek"$"2125990-2"$"Fonds 218, Nr. 956"$"Fond 218, Nr. 956"$"Fonds 218. Nr. 956"$"Фонд 218, № 956"$"Фонд 218, ед. хр. 956"$"Фонд 218, N 956"			
"Moskau"$"4074987-3"$"Russische Staatsbibliothek"$"2125990-2"$"Fonds 218, Nr. 957"$"Fond 218, Nr. 957"$"Fonds 218. Nr. 957"$"Фонд 218, № 957"$"Фонд 218, ед. хр. 957"$"Фонд 218, N 957"			
"Moskau"$"4074987-3"$"Russische Staatsbibliothek"$"2125990-2"$"Fonds 218, Nr. 960"$"Fond 218, Nr. 960"$"Fonds 218. Nr. 960"$"Фонд 218, № 960"$"Фонд 218, ед. хр. 960"$"Фонд 218, N 960"			
"Moskau"$"4074987-3"$"Russische Staatsbibliothek"$"2125990-2"$"Fonds 218, Nr. 961"$"Fond 218, Nr. 961"$"Fonds 218. Nr. 961"$"Фонд 218, № 961"$"Фонд 218, ед. хр. 961"$"Фонд 218, N 961"			
"Moskau"$"4074987-3"$"Russische Staatsbibliothek"$"2125990-2"$"Fonds 218, Nr. 962"$"Fond 218, Nr. 962"$"Fonds 218. Nr. 962"$"Фонд 218, № 962"$"Фонд 218, ед. хр. 962"$"Фонд 218, N 962"			
"Moskau"$"4074987-3"$"Russische Staatsbibliothek"$"2125990-2"$"Fonds 218, Nr. 964"$"Fond 218, Nr. 964"$"Fonds 218. Nr. 964"$"Фонд 218, № 964"$"Фонд 218, ед. хр. 964"$"Фонд 218, N 964"			
"Moskau"$"4074987-3"$"Russische Staatsbibliothek"$"2125990-2"$"Fonds 218, Nr. 965"$"Fond 218, Nr. 965"$"Fonds 218. Nr. 965"$"Фонд 218, № 965"$"Фонд 218, ед. хр. 965"$"Фонд 218, N 965"			
"Moskau"$"4074987-3"$"Russische Staatsbibliothek"$"2125990-2"$"Fonds 218, Nr. 966"$"Fond 218, Nr. 966"$"Fonds 218. Nr. 966"$"Фонд 218, № 966"$"Фонд 218, ед. хр. 966"$"Фонд 218, N 966"			
"Moskau"$"4074987-3"$"Russische Staatsbibliothek"$"2125990-2"$"Fonds 218, Nr. 967"$"Fond 218, Nr. 967"$"Fonds 218. Nr. 967"$"Фонд 218, № 967"$"Фонд 218, ед. хр. 967"$"Фонд 218, N 967"			
"Moskau"$"4074987-3"$"Russische Staatsbibliothek"$"2125990-2"$"Fonds 218, Nr. 968"$"Fond 218, Nr. 968"$"Fonds 218. Nr. 968"$"Фонд 218, № 968"$"Фонд 218, ед. хр. 968"$"Фонд 218, N 968"			
"Moskau"$"4074987-3"$"Russische Staatsbibliothek"$"2125990-2"$"Fonds 218, Nr. 1241"$"Fond 218, Nr. 1241"$"Fonds 218. Nr. 1241"$"Фонд 218, № 1241"$"Фонд 218, ед. хр. 1241"$"Фонд 218, N 1241"			
"Moskau"$"4074987-3"$"Russische Staatsbibliothek"$"2125990-2"$"Fonds 218, Nr. 1242"$"Fond 218, Nr. 1242"$"Fonds 218. Nr. 1242"$"Фонд 218, № 1242"$"Фонд 218, ед. хр. 1242"$"Фонд 218, N 1242"			
"Moskau"$"4074987-3"$"Russische Staatsbibliothek"$"2125990-2"$"Fonds 218, Nr. 1243"$"Fond 218, Nr. 1243"$"Fonds 218. Nr. 1243"$"Фонд 218, № 1243"$"Фонд 218, ед. хр. 1243"$"Фонд 218, N 1243"			
"Moskau"$"4074987-3"$"Russische Staatsbibliothek"$"2125990-2"$"Fonds 218, Nr. 1244"$"Fond 218, Nr. 1244"$"Fonds 218. Nr. 1244"$"Фонд 218, № 1244"$"Фонд 218, ед. хр. 1244"$"Фонд 218, N 1244"			
"Moskau"$"4074987-3"$"Russische Staatsbibliothek"$"2125990-2"$"Fonds 218, Nr. 1507"$"Fond 218, Nr. 1507"$"Fonds 218. Nr. 1507"$"Фонд 218, № 1507"$"Фонд 218, ед. хр. 1507"$"Фонд 218, N 1507"			
"Moskau"$"4074987-3"$"Russische Staatsbibliothek"$"2125990-2"$"Fonds 218, Nr. 1528"$"Fond 218, Nr. 1528"$"Fonds 218. Nr. 1528"$"Фонд 218, № 1528"$"Фонд 218, ед. хр. 1528"$"Фонд 218, N 1528"			
"Moskau"$"4074987-3"$"Russische Staatsbibliothek"$"2125990-2"$"Fonds 218, Nr. 1918"$"Fond 218, Nr. 1918"$"Fonds 218. Nr. 1918"$"Фонд 218, № 1918"$"Фонд 218, ед. хр. 1918"$"Фонд 218, N 1918"			
"Moskau"$"4074987-3"$"Russische Staatsbibliothek"$"2125990-2"$"Fonds 256, Nr. 714"$"In 151"$"Fond 256, Nr. 714"$"Fonds 256. Nr. 714"$"Фонд 256, № 714"$"Фонд 256, ед. хр. 714"$"Фонд 256, N 714"$"Ин 151"$"Ин. 151"	
"Moskau"$"4074987-3"$"Russische Staatsbibliothek"$"2125990-2"$"Fonds 256, Nr. 715"$"In 152"$"Fond 256, Nr. 715"$"Fonds 256. Nr. 715"$"Фонд 256, № 715"$"Фонд 256, ед. хр. 715"$"Фонд 256, N 715"$"Ин 152"$"Ин. 152"	
"Moskau"$"4074987-3"$"Russische Staatsbibliothek"$"2125990-2"$"Fonds 256, Nr. 716"$"In 153"$"Fond 256, Nr. 716"$"Fonds 256. Nr. 716"$"Фонд 256, № 716"$"Фонд 256, ед. хр. 716"$"Фонд 256, N 716"$"Ин 153"$"Ин. 153"	
"Moskau"$"4074987-3"$"Russische Staatsbibliothek"$"2125990-2"$"Fonds 256, Nr. 736"$"In 170"$"Fond 256, Nr. 736"$"Fonds 256. Nr. 736"$"Фонд 256, № 736"$"Фонд 256, ед. хр. 736"$"Фонд 256, N 736"$"Ин 170"$"Ин. 170"	
"Moskau"$"4074987-3"$"Russische Staatsbibliothek"$"2125990-2"$"Fonds 256, Nr. 745"$"In 177"$"Fond 256, Nr. 745"$"Fonds 256. Nr. 745"$"Фонд 256, № 745"$"Фонд 256, ед. хр. 745"$"Фонд 256, N 745"$"Ин 177"$"Ин. 177"	
"Moskau"$"4074987-3"$"Russische Staatsbibliothek"$"2125990-2"$"Fonds 256, Nr. 746"$"In 178"$"Fond 256, Nr. 746"$"Fonds 256. Nr. 746"$"Фонд 256, № 746"$"Фонд 256, ед. хр. 746"$"Фонд 256, N 746"$"Ин 178"$"Ин. 178"	
"Moskau"$"4074987-3"$"Russische Staatsbibliothek"$"2125990-2"$"Fonds 256, Nr. 747"$"In 179"$"Fond 256, Nr. 747"$"Fonds 256. Nr. 747"$"Фонд 256, № 747"$"Фонд 256, ед. хр. 747"$"Фонд 256, N 747"$"Ин 179"$"Ин. 179"	
"Moskau"$"4074987-3"$"Russische Staatsbibliothek"$"2125990-2"$"Fonds 256, Nr. 748"$"In 180"$"Fond 256, Nr. 748"$"Fonds 256. Nr. 748"$"Фонд 256, № 748"$"Фонд 256, ед. хр. 748"$"Фонд 256, N 748"$"Ин 180"$"Ин. 180"	
"Moskau"$"4074987-3"$"Russische Staatsbibliothek"$"2125990-2"$"Fonds 256, Nr. 756"$"In 188"$"Fond 256, Nr. 756"$"Fonds 256. Nr. 756"$"Фонд 256, № 756"$"Фонд 256, ед. хр. 756"$"Фонд 256, N 756"$"Ин 188"$"Ин. 188"	
"Moskau"$"4074987-3"$"Russische Staatsbibliothek"$"2125990-2"$"Fonds 256, Nr. 793"$"In 223"$"Fond 256, Nr. 793"$"Fonds 256. Nr. 793"$"Фонд 256, № 793"$"Фонд 256, ед. хр. 793"$"Фонд 256, N 793"$"Ин 223"$"Ин. 223"	
"Moskau"$"4074987-3"$"Russische Staatsbibliothek"$"2125990-2"$"Fonds 256, Nr. 816"$"In 245"$"Fond 256, Nr. 816"$"Fonds 256. Nr. 816"$"Фонд 256, № 816"$"Фонд 256, ед. хр. 816"$"Фонд 256, N 816"$"Ин 245"$"Ин. 245"	
"Moskau"$"4074987-3"$"Russische Staatsbibliothek"$"2125990-2"$"Fonds 256, Nr. 817"$"In 246"$"Fond 256, Nr. 817"$"Fonds 256. Nr. 817"$"Фонд 256, № 817"$"Фонд 256, ед. хр. 817"$"Фонд 256, N 817"$"Ин 246"$"Ин. 246"	
"Moskau"$"4074987-3"$"Russische Staatsbibliothek"$"2125990-2"$"Fonds 256, Nr. 818"$"In 247"$"Fond 256, Nr. 818"$"Fonds 256. Nr. 818"$"Фонд 256, № 818"$"Фонд 256, ед. хр. 818"$"Фонд 256, N 818"$"Ин 247"$"Ин. 247"	
"Moskau"$"4074987-3"$"Russische Staatsbibliothek"$"2125990-2"$"Fonds 256, Nr. 823"$"In 252"$"Fond 256, Nr. 823"$"Fonds 256. Nr. 823"$"Фонд 256, № 823"$"Фонд 256, ед. хр. 823"$"Фонд 256, N 823"$"Ин 252"$"Ин. 252"	
"Moskau"$"4074987-3"$"Russische Staatsbibliothek"$"2125990-2"$"Fonds 270.Ib, Nr. 1"$"In 538"$"Fond 270.Ib, Nr. 1"$"Fonds 270.Ib. Nr. 1"$"Фонд 270.Ib, № 1"$"Фонд 270.Ib, ед. хр. 1"$"Фонд 270.Ib, N 1"$"Ин 538"$"Ин. 538"	
"Moskau"$"4074987-3"$"Russische Staatsbibliothek"$"2125990-2"$"Fonds 270.Ib, Nr. 2"$"In 539"$"Fond 270.Ib, Nr. 2"$"Fonds 270.Ib. Nr. 2"$"Фонд 270.Ib, № 2"$"Фонд 270.Ib, ед. хр. 2"$"Фонд 270.Ib, N 2"$"Ин 539"$"Ин. 539"	
"Moskau"$"4074987-3"$"Russische Staatsbibliothek"$"2125990-2"$"Fonds 270.Ib, Nr. 3"$"In 540"$"Fond 270.Ib, Nr. 3"$"Fonds 270.Ib. Nr. 3"$"Фонд 270.Ib, № 3"$"Фонд 270.Ib, ед. хр. 3"$"Фонд 270.Ib, N 3"$"Ин 540"$"Ин. 540"	
"Moskau"$"4074987-3"$"Russische Staatsbibliothek"$"2125990-2"$"Fonds 270.Ib, Nr. 5"$"In 542"$"Fond 270.Ib, Nr. 5"$"Fonds 270.Ib. Nr. 5"$"Фонд 270.Ib, № 5"$"Фонд 270.Ib, ед. хр. 5"$"Фонд 270.Ib, N 5"$"Ин 542"$"Ин. 542"	
"Moskau"$"4074987-3"$"Russische Staatsbibliothek"$"2125990-2"$"Fonds 492, Nr. 196"$"In 939"$"Fond 492, Nr. 196"$"Fonds 492. Nr. 196"$"Фонд 492, № 196"$"Фонд 492, ед. хр. 196"$"Фонд 492, N 196"$"Ин 939"$"Ин. 939"	
"Moskau"$"4074987-3"$"Russische Staatsbibliothek"$"2125990-2"$"Fonds 722, Nr. 16"$"Fond 722, Nr. 16"$"Fonds 722. Nr. 16"$"Фонд 722, № 16"$"Фонд 722, ед. хр. 16"$"Фонд 722, N 16"			
"Moskau"$"4074987-3"$"Russische Staatsbibliothek"$"2125990-2"$"Fonds 722, Nr. 229"$"Fond 722, Nr. 229"$"Fonds 722. Nr. 229"$"Фонд 722, № 229"$"Фонд 722, ед. хр. 229"$"Фонд 722, N 229"			
"Moskau"$"4074987-3"$"Russische Staatsbibliothek"$"2125990-2"$"Fonds 722, Nr. 304"$"Fond 722, Nr. 304"$"Fonds 722. Nr. 304"$"Фонд 722, № 304"$"Фонд 722, ед. хр. 304"$"Фонд 722, N 304"			
"Moskau"$"4074987-3"$"Russische Staatsbibliothek"$"2125990-2"$"Fonds 722, Nr. 460"$"MK Per. P1а E.33.folio"$"Fond 722, Nr. 460"$"Fonds 722. Nr. 460"$"Фонд 722, № 460"$"Фонд 722, ед. хр. 460"$"Фонд 722, N 460"$"MK Пер. П1а/E.33.2°"
"Moskau"$"4074987-3"$"Russische Staatsbibliothek"$"2125990-2"$"Fonds 722, Nr. 482"$"Fond 722, Nr. 482"$"Fonds 722. Nr. 482"$"Фонд 722, № 482"$"Фонд 722, ед. хр. 482"$"Фонд 722, N 482"			
"Moskau"$"4074987-3"$"Russische Staatsbibliothek"$"2125990-2"$"Fonds 722, Nr. 483"$"Fond 722, Nr. 483"$"Fonds 722. Nr. 483"$"Фонд 722, № 483"$"Фонд 722, ед. хр. 483"$"Фонд 722, N 483"			
"Moskau"$"4074987-3"$"Russische Staatsbibliothek"$"2125990-2"$"Fonds 722, Nr. 558"$"Fond 722, Nr. 558"$"Fonds 722. Nr. 558"$"Фонд 722, № 558"$"Фонд 722, ед. хр. 558"$"Фонд 722, N 558"			
"Moskau"$"4074987-3"$"Russische Staatsbibliothek"$"2125990-2"$"Fonds 722, Nr. 608"$"Fond 722, Nr. 608"$"Fonds 722. Nr. 608"$"Фонд 722, № 608"$"Фонд 722, ед. хр. 608"$"Фонд 722, N 608"			
"Moskau"$"4074987-3"$"Russische Staatsbibliothek"$"2125990-2"$"Fonds 722, Nr. 654"$"Fond 722, Nr. 654"$"Fonds 722. Nr. 654"$"Фонд 722, № 654"$"Фонд 722, ед. хр. 654"$"Фонд 722, N 654"			
"Moskau"$"4074987-3"$"Russische Staatsbibliothek"$"2125990-2"$"Fonds 722, Nr. 734"$"Fond 722, Nr. 734"$"Fonds 722. Nr. 734"$"Фонд 722, № 734"$"Фонд 722, ед. хр. 734"$"Фонд 722, N 734"			
"Moskau"$"4074987-3"$"Russische Staatsbibliothek"$"2125990-2"$"Fonds 722, Nr. 736"$"Fond 722, Nr. 736"$"Fonds 722. Nr. 736"$"Фонд 722, № 736"$"Фонд 722, ед. хр. 736"$"Фонд 722, N 736"			
"Moskau"$"4074987-3"$"Russische Staatsbibliothek"$"2125990-2"$"Fonds 722, Nr. 870"$"Fond 722, Nr. 870"$"Fonds 722. Nr. 870"$"Фонд 722, № 870"$"Фонд 722, ед. хр. 870"$"Фонд 722, N 870"			
"Moskau"$"4074987-3"$"Russische Staatsbibliothek"$"2125990-2"$"Fonds 755, Nr. 70"$"Fond 755, Nr. 70"$"Fonds 755. Nr. 70"$"Фонд 755, № 70"$"Фонд 755, ед. хр. 70"$"Фонд 755, N 70"			
"Moskau"$"4074987-3"$"Russische Staatsbibliothek"$"2125990-2"$"Fonds 755, Nr. 71"$"Fond 755, Nr. 71"$"Fonds 755. Nr. 71"$"Фонд 755, № 71"$"Фонд 755, ед. хр. 71"$"Фонд 755, N 71"			
"Moskau"$"4074987-3"$"Russische Staatsbibliothek"$"2125990-2"$"Fonds 755, Nr. 72"$"Fond 755, Nr. 72"$"Fonds 755. Nr. 72"$"Фонд 755, № 72"$"Фонд 755, ед. хр. 72"$"Фонд 755, N 72"			
