"1"$"C 6, fliegendes Blatt"$"https://iiif.ub.uni-leipzig.de/0000051101/manifest.json"$"https://nbn-resolving.org/urn:nbn:de:bsz:15-0026-530790"$"https://iiif.ub.uni-leipzig.de/iiif/j2k/0000/0511/0000051101/00000001.jpx/full/,200/0/default.jpg"$"Komplett"$"Original"$"Standard"$"Einzelseite"$"01.01.2022"$"01.11.2023"$"Evangelisch-Lutherische Kirchgemeinde Annaberg-Buchholz, Kirchenbibliothek"$"https://d-nb.info/gnd/1026301912"$"Annaberg-Buchholz (Erzgebirge)"$"https://d-nb.info/gnd/4085813-3"$"Universitätsbibliothek Leipzig"$"https://d-nb.info/gnd/30026-3"$"Leipzig"$"https://d-nb.info/gnd/4035206-7"
"2"$"C 7, Ansetzfalz"$"https://iiif.ub.uni-leipzig.de/0000051126/manifest.json"$"https://nbn-resolving.org/urn:nbn:de:bsz:15-0026-531528"$"https://iiif.ub.uni-leipzig.de/iiif/j2k/0000/0511/0000051126/00000001.jpx/full/,200/0/default.jpg"$"Komplett"$"Original"$"Standard"$"Einzelseite"$"01.01.2022"$"01.11.2023"$"Evangelisch-Lutherische Kirchgemeinde Annaberg-Buchholz, Kirchenbibliothek"$"https://d-nb.info/gnd/1026301912"$"Annaberg-Buchholz (Erzgebirge)"$"https://d-nb.info/gnd/4085813-3"$"Universitätsbibliothek Leipzig"$"https://d-nb.info/gnd/30026-3"$"Leipzig"$"https://d-nb.info/gnd/4035206-7"
"3"$"C 12, Ansetzfalz"$"https://iiif.ub.uni-leipzig.de/0000051470/manifest.json"$"https://nbn-resolving.org/urn:nbn:de:bsz:15-0026-533708"$"https://iiif.ub.uni-leipzig.de/iiif/j2k/0000/0514/0000051470/00000001.jpx/full/,200/0/default.jpg"$"Komplett"$"Original"$"Standard"$"Einzelseite"$"01.01.2022"$"01.11.2023"$"Evangelisch-Lutherische Kirchgemeinde Annaberg-Buchholz, Kirchenbibliothek"$"https://d-nb.info/gnd/1026301912"$"Annaberg-Buchholz (Erzgebirge)"$"https://d-nb.info/gnd/4085813-3"$"Universitätsbibliothek Leipzig"$"https://d-nb.info/gnd/30026-3"$"Leipzig"$"https://d-nb.info/gnd/4035206-7"
"4"$"C 13, Ansetzfalz"$"https://iiif.ub.uni-leipzig.de/0000051471/manifest.json"$"https://nbn-resolving.org/urn:nbn:de:bsz:15-0026-533711"$"https://iiif.ub.uni-leipzig.de/iiif/j2k/0000/0514/0000051471/00000001.jpx/full/,200/0/default.jpg"$"Komplett"$"Original"$"Standard"$"Einzelseite"$"01.01.2022"$"01.11.2023"$"Evangelisch-Lutherische Kirchgemeinde Annaberg-Buchholz, Kirchenbibliothek"$"https://d-nb.info/gnd/1026301912"$"Annaberg-Buchholz (Erzgebirge)"$"https://d-nb.info/gnd/4085813-3"$"Universitätsbibliothek Leipzig"$"https://d-nb.info/gnd/30026-3"$"Leipzig"$"https://d-nb.info/gnd/4035206-7"
"5"$"C 14, Flügelfalz"$"https://iiif.ub.uni-leipzig.de/0000055232/manifest.json"$"https://nbn-resolving.org/urn:nbn:de:bsz:15-0026-571452"$"https://iiif.ub.uni-leipzig.de/iiif/j2k/0000/0552/0000055232/00000001.jpx/full/,200/0/default.jpg"$"Komplett"$"Original"$"Standard"$"Einzelseite"$"01.01.2022"$"01.11.2023"$"Evangelisch-Lutherische Kirchgemeinde Annaberg-Buchholz, Kirchenbibliothek"$"https://d-nb.info/gnd/1026301912"$"Annaberg-Buchholz (Erzgebirge)"$"https://d-nb.info/gnd/4085813-3"$"Universitätsbibliothek Leipzig"$"https://d-nb.info/gnd/30026-3"$"Leipzig"$"https://d-nb.info/gnd/4035206-7"
"6"$"C 20, Ansetzfalz"$"https://iiif.ub.uni-leipzig.de/0000055288/manifest.json"$"https://nbn-resolving.org/urn:nbn:de:bsz:15-0026-571447"$"https://iiif.ub.uni-leipzig.de/iiif/j2k/0000/0552/0000055288/00000001.jpx/full/,200/0/default.jpg"$"Komplett"$"Original"$"Standard"$"Einzelseite"$"01.01.2022"$"01.11.2023"$"Evangelisch-Lutherische Kirchgemeinde Annaberg-Buchholz, Kirchenbibliothek"$"https://d-nb.info/gnd/1026301912"$"Annaberg-Buchholz (Erzgebirge)"$"https://d-nb.info/gnd/4085813-3"$"Universitätsbibliothek Leipzig"$"https://d-nb.info/gnd/30026-3"$"Leipzig"$"https://d-nb.info/gnd/4035206-7"
"7"$"C 21, fliegendes Blatt"$"https://iiif.ub.uni-leipzig.de/0000055234/manifest.json"$"https://nbn-resolving.org/urn:nbn:de:bsz:15-0026-571472"$"https://iiif.ub.uni-leipzig.de/iiif/j2k/0000/0552/0000055234/00000001.jpx/full/,200/0/default.jpg"$"Komplett"$"Original"$"Standard"$"Einzelseite"$"01.01.2022"$"01.11.2023"$"Evangelisch-Lutherische Kirchgemeinde Annaberg-Buchholz, Kirchenbibliothek"$"https://d-nb.info/gnd/1026301912"$"Annaberg-Buchholz (Erzgebirge)"$"https://d-nb.info/gnd/4085813-3"$"Universitätsbibliothek Leipzig"$"https://d-nb.info/gnd/30026-3"$"Leipzig"$"https://d-nb.info/gnd/4035206-7"
"8"$"C 21, Spiegel vorn"$"https://iiif.ub.uni-leipzig.de/0000055230/manifest.json"$"https://nbn-resolving.org/urn:nbn:de:bsz:15-0026-571429"$"https://iiif.ub.uni-leipzig.de/iiif/j2k/0000/0552/0000055230/00000001.jpx/full/,200/0/default.jpg"$"Komplett"$"Original"$"Standard"$"Einzelseite"$"01.01.2022"$"01.11.2023"$"Evangelisch-Lutherische Kirchgemeinde Annaberg-Buchholz, Kirchenbibliothek"$"https://d-nb.info/gnd/1026301912"$"Annaberg-Buchholz (Erzgebirge)"$"https://d-nb.info/gnd/4085813-3"$"Universitätsbibliothek Leipzig"$"https://d-nb.info/gnd/30026-3"$"Leipzig"$"https://d-nb.info/gnd/4035206-7"
"9"$"C 21, Spiegel hinten"$"https://iiif.ub.uni-leipzig.de/0000055231/manifest.json"$"https://nbn-resolving.org/urn:nbn:de:bsz:15-0026-571430"$"https://iiif.ub.uni-leipzig.de/iiif/j2k/0000/0552/0000055231/00000001.jpx/full/,200/0/default.jpg"$"Komplett"$"Original"$"Standard"$"Einzelseite"$"01.01.2022"$"01.11.2023"$"Evangelisch-Lutherische Kirchgemeinde Annaberg-Buchholz, Kirchenbibliothek"$"https://d-nb.info/gnd/1026301912"$"Annaberg-Buchholz (Erzgebirge)"$"https://d-nb.info/gnd/4085813-3"$"Universitätsbibliothek Leipzig"$"https://d-nb.info/gnd/30026-3"$"Leipzig"$"https://d-nb.info/gnd/4035206-7"
"10"$"C 27, Ansetzfalz"$"https://iiif.ub.uni-leipzig.de/0000054812/manifest.json"$"https://nbn-resolving.org/urn:nbn:de:bsz:15-0026-564194"$"https://iiif.ub.uni-leipzig.de/iiif/j2k/0000/0548/0000054812/00000001.jpx/full/,200/0/default.jpg"$"Komplett"$"Original"$"Standard"$"Einzelseite"$"01.01.2022"$"01.11.2023"$"Evangelisch-Lutherische Kirchgemeinde Annaberg-Buchholz, Kirchenbibliothek"$"https://d-nb.info/gnd/1026301912"$"Annaberg-Buchholz (Erzgebirge)"$"https://d-nb.info/gnd/4085813-3"$"Universitätsbibliothek Leipzig"$"https://d-nb.info/gnd/30026-3"$"Leipzig"$"https://d-nb.info/gnd/4035206-7"
"11"$"C 32, fliegendes Blatt"$"https://iiif.ub.uni-leipzig.de/0000055235/manifest.json"$"https://nbn-resolving.org/urn:nbn:de:bsz:15-0026-570834"$"https://iiif.ub.uni-leipzig.de/iiif/j2k/0000/0552/0000055235/00000001.jpx/full/,200/0/default.jpg"$"Komplett"$"Original"$"Standard"$"Einzelseite"$"01.01.2022"$"01.11.2023"$"Evangelisch-Lutherische Kirchgemeinde Annaberg-Buchholz, Kirchenbibliothek"$"https://d-nb.info/gnd/1026301912"$"Annaberg-Buchholz (Erzgebirge)"$"https://d-nb.info/gnd/4085813-3"$"Universitätsbibliothek Leipzig"$"https://d-nb.info/gnd/30026-3"$"Leipzig"$"https://d-nb.info/gnd/4035206-7"
"12"$"C 35, Ansetzfalz"$"https://iiif.ub.uni-leipzig.de/0000054815/manifest.json"$"https://nbn-resolving.org/urn:nbn:de:bsz:15-0026-564207"$"https://iiif.ub.uni-leipzig.de/iiif/j2k/0000/0548/0000054815/00000001.jpx/full/,200/0/default.jpg"$"Komplett"$"Original"$"Standard"$"Einzelseite"$"01.01.2022"$"01.11.2023"$"Evangelisch-Lutherische Kirchgemeinde Annaberg-Buchholz, Kirchenbibliothek"$"https://d-nb.info/gnd/1026301912"$"Annaberg-Buchholz (Erzgebirge)"$"https://d-nb.info/gnd/4085813-3"$"Universitätsbibliothek Leipzig"$"https://d-nb.info/gnd/30026-3"$"Leipzig"$"https://d-nb.info/gnd/4035206-7"
"13"$"C 36, Flügelfalz vorn"$"https://iiif.ub.uni-leipzig.de/0000054832/manifest.json"$"https://nbn-resolving.org/urn:nbn:de:bsz:15-0026-567342"$"https://iiif.ub.uni-leipzig.de/iiif/j2k/0000/0548/0000054832/00000001.jpx/full/,200/0/default.jpg"$"Komplett"$"Original"$"Standard"$"Einzelseite"$"01.01.2022"$"01.11.2023"$"Evangelisch-Lutherische Kirchgemeinde Annaberg-Buchholz, Kirchenbibliothek"$"https://d-nb.info/gnd/1026301912"$"Annaberg-Buchholz (Erzgebirge)"$"https://d-nb.info/gnd/4085813-3"$"Universitätsbibliothek Leipzig"$"https://d-nb.info/gnd/30026-3"$"Leipzig"$"https://d-nb.info/gnd/4035206-7"
"14"$"C 36, Flügelfalz hinten"$"https://iiif.ub.uni-leipzig.de/0000054833/manifest.json"$"https://nbn-resolving.org/urn:nbn:de:bsz:15-0026-567360"$"https://iiif.ub.uni-leipzig.de/iiif/j2k/0000/0548/0000054833/00000001.jpx/full/,200/0/default.jpg"$"Komplett"$"Original"$"Standard"$"Einzelseite"$"01.01.2022"$"01.11.2023"$"Evangelisch-Lutherische Kirchgemeinde Annaberg-Buchholz, Kirchenbibliothek"$"https://d-nb.info/gnd/1026301912"$"Annaberg-Buchholz (Erzgebirge)"$"https://d-nb.info/gnd/4085813-3"$"Universitätsbibliothek Leipzig"$"https://d-nb.info/gnd/30026-3"$"Leipzig"$"https://d-nb.info/gnd/4035206-7"
"15"$"C 38, Ansetzfalz"$"https://iiif.ub.uni-leipzig.de/0000054816/manifest.json"$"https://nbn-resolving.org/urn:nbn:de:bsz:15-0026-564216"$"https://iiif.ub.uni-leipzig.de/iiif/j2k/0000/0548/0000054816/00000001.jpx/full/,200/0/default.jpg"$"Komplett"$"Original"$"Standard"$"Einzelseite"$"01.01.2022"$"01.11.2023"$"Evangelisch-Lutherische Kirchgemeinde Annaberg-Buchholz, Kirchenbibliothek"$"https://d-nb.info/gnd/1026301912"$"Annaberg-Buchholz (Erzgebirge)"$"https://d-nb.info/gnd/4085813-3"$"Universitätsbibliothek Leipzig"$"https://d-nb.info/gnd/30026-3"$"Leipzig"$"https://d-nb.info/gnd/4035206-7"
"16"$"C 39, fliegendes Blatt"$"https://iiif.ub.uni-leipzig.de/0000055177/manifest.json"$"https://nbn-resolving.org/urn:nbn:de:bsz:15-0026-567173"$"https://iiif.ub.uni-leipzig.de/iiif/j2k/0000/0551/0000055177/00000001.jpx/full/,200/0/default.jpg"$"Komplett"$"Original"$"Standard"$"Einzelseite"$"01.01.2022"$"01.11.2023"$"Evangelisch-Lutherische Kirchgemeinde Annaberg-Buchholz, Kirchenbibliothek"$"https://d-nb.info/gnd/1026301912"$"Annaberg-Buchholz (Erzgebirge)"$"https://d-nb.info/gnd/4085813-3"$"Universitätsbibliothek Leipzig"$"https://d-nb.info/gnd/30026-3"$"Leipzig"$"https://d-nb.info/gnd/4035206-7"
"17"$"C 46, Ansetzfalz"$"https://iiif.ub.uni-leipzig.de/0000055240/manifest.json"$"https://nbn-resolving.org/urn:nbn:de:bsz:15-0026-570864"$"https://iiif.ub.uni-leipzig.de/iiif/j2k/0000/0552/0000055240/00000001.jpx/full/,200/0/default.jpg"$"Komplett"$"Original"$"Standard"$"Einzelseite"$"01.01.2022"$"01.11.2023"$"Evangelisch-Lutherische Kirchgemeinde Annaberg-Buchholz, Kirchenbibliothek"$"https://d-nb.info/gnd/1026301912"$"Annaberg-Buchholz (Erzgebirge)"$"https://d-nb.info/gnd/4085813-3"$"Universitätsbibliothek Leipzig"$"https://d-nb.info/gnd/30026-3"$"Leipzig"$"https://d-nb.info/gnd/4035206-7"
"18"$"C 46, fliegendes Blatt vorn"$"https://iiif.ub.uni-leipzig.de/0000055248/manifest.json"$"https://nbn-resolving.org/urn:nbn:de:bsz:15-0026-571578"$"https://iiif.ub.uni-leipzig.de/iiif/j2k/0000/0552/0000055248/00000001.jpx/full/,200/0/default.jpg"$"Komplett"$"Original"$"Standard"$"Einzelseite"$"01.01.2022"$"01.11.2023"$"Evangelisch-Lutherische Kirchgemeinde Annaberg-Buchholz, Kirchenbibliothek"$"https://d-nb.info/gnd/1026301912"$"Annaberg-Buchholz (Erzgebirge)"$"https://d-nb.info/gnd/4085813-3"$"Universitätsbibliothek Leipzig"$"https://d-nb.info/gnd/30026-3"$"Leipzig"$"https://d-nb.info/gnd/4035206-7"
"19"$"C 46, fliegendes Blatt hinten"$"https://iiif.ub.uni-leipzig.de/0000055249/manifest.json"$"https://nbn-resolving.org/urn:nbn:de:bsz:15-0026-571002"$"https://iiif.ub.uni-leipzig.de/iiif/j2k/0000/0552/0000055249/00000001.jpx/full/,200/0/default.jpg"$"Komplett"$"Original"$"Standard"$"Einzelseite"$"01.01.2022"$"01.11.2023"$"Evangelisch-Lutherische Kirchgemeinde Annaberg-Buchholz, Kirchenbibliothek"$"https://d-nb.info/gnd/1026301912"$"Annaberg-Buchholz (Erzgebirge)"$"https://d-nb.info/gnd/4085813-3"$"Universitätsbibliothek Leipzig"$"https://d-nb.info/gnd/30026-3"$"Leipzig"$"https://d-nb.info/gnd/4035206-7"
"20"$"C 47, Spiegel und fliegendes Blatt"$"https://iiif.ub.uni-leipzig.de/0000055172/manifest.json"$"https://nbn-resolving.org/urn:nbn:de:bsz:15-0026-570768"$"https://iiif.ub.uni-leipzig.de/iiif/j2k/0000/0551/0000055172/00000001.jpx/full/,200/0/default.jpg"$"Komplett"$"Original"$"Standard"$"Einzelseite"$"01.01.2022"$"01.11.2023"$"Evangelisch-Lutherische Kirchgemeinde Annaberg-Buchholz, Kirchenbibliothek"$"https://d-nb.info/gnd/1026301912"$"Annaberg-Buchholz (Erzgebirge)"$"https://d-nb.info/gnd/4085813-3"$"Universitätsbibliothek Leipzig"$"https://d-nb.info/gnd/30026-3"$"Leipzig"$"https://d-nb.info/gnd/4035206-7"
"21"$"C 52, Flügelfalz"$"https://iiif.ub.uni-leipzig.de/0000055236/manifest.json"$"https://nbn-resolving.org/urn:nbn:de:bsz:15-0026-571018"$"https://iiif.ub.uni-leipzig.de/iiif/j2k/0000/0552/0000055236/00000001.jpx/full/,200/0/default.jpg"$"Komplett"$"Original"$"Standard"$"Einzelseite"$"01.01.2022"$"01.11.2023"$"Evangelisch-Lutherische Kirchgemeinde Annaberg-Buchholz, Kirchenbibliothek"$"https://d-nb.info/gnd/1026301912"$"Annaberg-Buchholz (Erzgebirge)"$"https://d-nb.info/gnd/4085813-3"$"Universitätsbibliothek Leipzig"$"https://d-nb.info/gnd/30026-3"$"Leipzig"$"https://d-nb.info/gnd/4035206-7"
"22"$"C 52, fliegendes Blatt"$"https://iiif.ub.uni-leipzig.de/0000055178/manifest.json"$"https://nbn-resolving.org/urn:nbn:de:bsz:15-0026-570879"$"https://iiif.ub.uni-leipzig.de/iiif/j2k/0000/0551/0000055178/00000001.jpx/full/,200/0/default.jpg"$"Komplett"$"Original"$"Standard"$"Einzelseite"$"01.01.2022"$"01.11.2023"$"Evangelisch-Lutherische Kirchgemeinde Annaberg-Buchholz, Kirchenbibliothek"$"https://d-nb.info/gnd/1026301912"$"Annaberg-Buchholz (Erzgebirge)"$"https://d-nb.info/gnd/4085813-3"$"Universitätsbibliothek Leipzig"$"https://d-nb.info/gnd/30026-3"$"Leipzig"$"https://d-nb.info/gnd/4035206-7"
"23"$"C 54, fliegendes Blatt"$"https://iiif.ub.uni-leipzig.de/0000054819/manifest.json"$"https://nbn-resolving.org/urn:nbn:de:bsz:15-0026-567185"$"https://iiif.ub.uni-leipzig.de/iiif/j2k/0000/0548/0000054819/00000001.jpx/full/,200/0/default.jpg"$"Komplett"$"Original"$"Standard"$"Einzelseite"$"01.01.2022"$"01.11.2023"$"Evangelisch-Lutherische Kirchgemeinde Annaberg-Buchholz, Kirchenbibliothek"$"https://d-nb.info/gnd/1026301912"$"Annaberg-Buchholz (Erzgebirge)"$"https://d-nb.info/gnd/4085813-3"$"Universitätsbibliothek Leipzig"$"https://d-nb.info/gnd/30026-3"$"Leipzig"$"https://d-nb.info/gnd/4035206-7"
"24"$"C 57, fliegendes Blatt vorn"$"https://iiif.ub.uni-leipzig.de/0000055192/manifest.json"$"https://nbn-resolving.org/urn:nbn:de:bsz:15-0026-571020"$"https://iiif.ub.uni-leipzig.de/iiif/j2k/0000/0551/0000055192/00000001.jpx/full/,200/0/default.jpg"$"Komplett"$"Original"$"Standard"$"Einzelseite"$"01.01.2022"$"01.11.2023"$"Evangelisch-Lutherische Kirchgemeinde Annaberg-Buchholz, Kirchenbibliothek"$"https://d-nb.info/gnd/1026301912"$"Annaberg-Buchholz (Erzgebirge)"$"https://d-nb.info/gnd/4085813-3"$"Universitätsbibliothek Leipzig"$"https://d-nb.info/gnd/30026-3"$"Leipzig"$"https://d-nb.info/gnd/4035206-7"
"25"$"C 63, Ansetzfalz"$"https://iiif.ub.uni-leipzig.de/0000054820/manifest.json"$"https://nbn-resolving.org/urn:nbn:de:bsz:15-0026-567193"$"https://iiif.ub.uni-leipzig.de/iiif/j2k/0000/0548/0000054820/00000001.jpx/full/,200/0/default.jpg"$"Komplett"$"Original"$"Standard"$"Einzelseite"$"01.01.2022"$"01.11.2023"$"Evangelisch-Lutherische Kirchgemeinde Annaberg-Buchholz, Kirchenbibliothek"$"https://d-nb.info/gnd/1026301912"$"Annaberg-Buchholz (Erzgebirge)"$"https://d-nb.info/gnd/4085813-3"$"Universitätsbibliothek Leipzig"$"https://d-nb.info/gnd/30026-3"$"Leipzig"$"https://d-nb.info/gnd/4035206-7"
"26"$"C 64:3, fliegendes Blatt"$"https://iiif.ub.uni-leipzig.de/0000055237/manifest.json"$"https://nbn-resolving.org/urn:nbn:de:bsz:15-0026-571499"$"https://iiif.ub.uni-leipzig.de/iiif/j2k/0000/0552/0000055237/00000001.jpx/full/,200/0/default.jpg"$"Komplett"$"Original"$"Standard"$"Einzelseite"$"01.01.2022"$"01.11.2023"$"Evangelisch-Lutherische Kirchgemeinde Annaberg-Buchholz, Kirchenbibliothek"$"https://d-nb.info/gnd/1026301912"$"Annaberg-Buchholz (Erzgebirge)"$"https://d-nb.info/gnd/4085813-3"$"Universitätsbibliothek Leipzig"$"https://d-nb.info/gnd/30026-3"$"Leipzig"$"https://d-nb.info/gnd/4035206-7"
"27"$"C 64:4, fliegendes Blatt"$"https://iiif.ub.uni-leipzig.de/0000054821/manifest.json"$"https://nbn-resolving.org/urn:nbn:de:bsz:15-0026-567206"$"https://iiif.ub.uni-leipzig.de/iiif/j2k/0000/0548/0000054821/00000001.jpx/full/,200/0/default.jpg"$"Komplett"$"Original"$"Standard"$"Einzelseite"$"01.01.2022"$"01.11.2023"$"Evangelisch-Lutherische Kirchgemeinde Annaberg-Buchholz, Kirchenbibliothek"$"https://d-nb.info/gnd/1026301912"$"Annaberg-Buchholz (Erzgebirge)"$"https://d-nb.info/gnd/4085813-3"$"Universitätsbibliothek Leipzig"$"https://d-nb.info/gnd/30026-3"$"Leipzig"$"https://d-nb.info/gnd/4035206-7"
"28"$"C 65:1, fliegendes Blatt"$"https://iiif.ub.uni-leipzig.de/0000055187/manifest.json"$"https://nbn-resolving.org/urn:nbn:de:bsz:15-0026-570978"$"https://iiif.ub.uni-leipzig.de/iiif/j2k/0000/0551/0000055187/00000001.jpx/full/,200/0/default.jpg"$"Komplett"$"Original"$"Standard"$"Einzelseite"$"01.01.2022"$"01.11.2023"$"Evangelisch-Lutherische Kirchgemeinde Annaberg-Buchholz, Kirchenbibliothek"$"https://d-nb.info/gnd/1026301912"$"Annaberg-Buchholz (Erzgebirge)"$"https://d-nb.info/gnd/4085813-3"$"Universitätsbibliothek Leipzig"$"https://d-nb.info/gnd/30026-3"$"Leipzig"$"https://d-nb.info/gnd/4035206-7"
"29"$"C 65:5, fliegendes Blatt"$"https://iiif.ub.uni-leipzig.de/0000055185/manifest.json"$"https://nbn-resolving.org/urn:nbn:de:bsz:15-0026-570931"$"https://iiif.ub.uni-leipzig.de/iiif/j2k/0000/0551/0000055185/00000001.jpx/full/,200/0/default.jpg"$"Komplett"$"Original"$"Standard"$"Einzelseite"$"01.01.2022"$"01.11.2023"$"Evangelisch-Lutherische Kirchgemeinde Annaberg-Buchholz, Kirchenbibliothek"$"https://d-nb.info/gnd/1026301912"$"Annaberg-Buchholz (Erzgebirge)"$"https://d-nb.info/gnd/4085813-3"$"Universitätsbibliothek Leipzig"$"https://d-nb.info/gnd/30026-3"$"Leipzig"$"https://d-nb.info/gnd/4035206-7"
"30"$"C 65:6, fliegendes Blatt"$"https://iiif.ub.uni-leipzig.de/0000055183/manifest.json"$"https://nbn-resolving.org/urn:nbn:de:bsz:15-0026-570916"$"https://iiif.ub.uni-leipzig.de/iiif/j2k/0000/0551/0000055183/00000001.jpx/full/,200/0/default.jpg"$"Komplett"$"Original"$"Standard"$"Einzelseite"$"01.01.2022"$"01.11.2023"$"Evangelisch-Lutherische Kirchgemeinde Annaberg-Buchholz, Kirchenbibliothek"$"https://d-nb.info/gnd/1026301912"$"Annaberg-Buchholz (Erzgebirge)"$"https://d-nb.info/gnd/4085813-3"$"Universitätsbibliothek Leipzig"$"https://d-nb.info/gnd/30026-3"$"Leipzig"$"https://d-nb.info/gnd/4035206-7"
"31"$"C 66, Ansetzfalz"$"https://iiif.ub.uni-leipzig.de/0000055182/manifest.json"$"https://nbn-resolving.org/urn:nbn:de:bsz:15-0026-570813"$"https://iiif.ub.uni-leipzig.de/iiif/j2k/0000/0551/0000055182/00000001.jpx/full/,200/0/default.jpg"$"Komplett"$"Original"$"Standard"$"Einzelseite"$"01.01.2022"$"01.11.2023"$"Evangelisch-Lutherische Kirchgemeinde Annaberg-Buchholz, Kirchenbibliothek"$"https://d-nb.info/gnd/1026301912"$"Annaberg-Buchholz (Erzgebirge)"$"https://d-nb.info/gnd/4085813-3"$"Universitätsbibliothek Leipzig"$"https://d-nb.info/gnd/30026-3"$"Leipzig"$"https://d-nb.info/gnd/4035206-7"
"32"$"C 69, Ansetzfalz vorn"$"https://iiif.ub.uni-leipzig.de/0000055179/manifest.json"$"https://nbn-resolving.org/urn:nbn:de:bsz:15-0026-570881"$"https://iiif.ub.uni-leipzig.de/iiif/j2k/0000/0551/0000055179/00000001.jpx/full/,200/0/default.jpg"$"Komplett"$"Original"$"Standard"$"Einzelseite"$"01.01.2022"$"01.11.2023"$"Evangelisch-Lutherische Kirchgemeinde Annaberg-Buchholz, Kirchenbibliothek"$"https://d-nb.info/gnd/1026301912"$"Annaberg-Buchholz (Erzgebirge)"$"https://d-nb.info/gnd/4085813-3"$"Universitätsbibliothek Leipzig"$"https://d-nb.info/gnd/30026-3"$"Leipzig"$"https://d-nb.info/gnd/4035206-7"
"33"$"C 69, Ansetzfalz hinten"$"https://iiif.ub.uni-leipzig.de/0000055180/manifest.json"$"https://nbn-resolving.org/urn:nbn:de:bsz:15-0026-570892"$"https://iiif.ub.uni-leipzig.de/iiif/j2k/0000/0551/0000055180/00000001.jpx/full/,200/0/default.jpg"$"Komplett"$"Original"$"Standard"$"Einzelseite"$"01.01.2022"$"01.11.2023"$"Evangelisch-Lutherische Kirchgemeinde Annaberg-Buchholz, Kirchenbibliothek"$"https://d-nb.info/gnd/1026301912"$"Annaberg-Buchholz (Erzgebirge)"$"https://d-nb.info/gnd/4085813-3"$"Universitätsbibliothek Leipzig"$"https://d-nb.info/gnd/30026-3"$"Leipzig"$"https://d-nb.info/gnd/4035206-7"
"34"$"C 73, Ansetzfalz vorn"$"https://iiif.ub.uni-leipzig.de/0000054822/manifest.json"$"https://nbn-resolving.org/urn:nbn:de:bsz:15-0026-567222"$"https://iiif.ub.uni-leipzig.de/iiif/j2k/0000/0548/0000054822/00000001.jpx/full/,200/0/default.jpg"$"Komplett"$"Original"$"Standard"$"Einzelseite"$"01.01.2022"$"01.11.2023"$"Evangelisch-Lutherische Kirchgemeinde Annaberg-Buchholz, Kirchenbibliothek"$"https://d-nb.info/gnd/1026301912"$"Annaberg-Buchholz (Erzgebirge)"$"https://d-nb.info/gnd/4085813-3"$"Universitätsbibliothek Leipzig"$"https://d-nb.info/gnd/30026-3"$"Leipzig"$"https://d-nb.info/gnd/4035206-7"
"35"$"C 73, Ansetzfalz hinten"$"https://iiif.ub.uni-leipzig.de/0000054823/manifest.json"$"https://nbn-resolving.org/urn:nbn:de:bsz:15-0026-567232"$"https://iiif.ub.uni-leipzig.de/iiif/j2k/0000/0548/0000054823/00000001.jpx/full/,200/0/default.jpg"$"Komplett"$"Original"$"Standard"$"Einzelseite"$"01.01.2022"$"01.11.2023"$"Evangelisch-Lutherische Kirchgemeinde Annaberg-Buchholz, Kirchenbibliothek"$"https://d-nb.info/gnd/1026301912"$"Annaberg-Buchholz (Erzgebirge)"$"https://d-nb.info/gnd/4085813-3"$"Universitätsbibliothek Leipzig"$"https://d-nb.info/gnd/30026-3"$"Leipzig"$"https://d-nb.info/gnd/4035206-7"
"36"$"C 75, fliegendes Blatt"$"https://iiif.ub.uni-leipzig.de/0000054824/manifest.json"$"https://nbn-resolving.org/urn:nbn:de:bsz:15-0026-567243"$"https://iiif.ub.uni-leipzig.de/iiif/j2k/0000/0548/0000054824/00000001.jpx/full/,200/0/default.jpg"$"Komplett"$"Original"$"Standard"$"Einzelseite"$"01.01.2022"$"01.11.2023"$"Evangelisch-Lutherische Kirchgemeinde Annaberg-Buchholz, Kirchenbibliothek"$"https://d-nb.info/gnd/1026301912"$"Annaberg-Buchholz (Erzgebirge)"$"https://d-nb.info/gnd/4085813-3"$"Universitätsbibliothek Leipzig"$"https://d-nb.info/gnd/30026-3"$"Leipzig"$"https://d-nb.info/gnd/4035206-7"
"37"$"C 83, Ansetzfalz"$"https://iiif.ub.uni-leipzig.de/0000054827/manifest.json"$"https://nbn-resolving.org/urn:nbn:de:bsz:15-0026-567210"$"https://iiif.ub.uni-leipzig.de/iiif/j2k/0000/0548/0000054827/00000001.jpx/full/,200/0/default.jpg"$"Komplett"$"Original"$"Standard"$"Einzelseite"$"01.01.2022"$"01.11.2023"$"Evangelisch-Lutherische Kirchgemeinde Annaberg-Buchholz, Kirchenbibliothek"$"https://d-nb.info/gnd/1026301912"$"Annaberg-Buchholz (Erzgebirge)"$"https://d-nb.info/gnd/4085813-3"$"Universitätsbibliothek Leipzig"$"https://d-nb.info/gnd/30026-3"$"Leipzig"$"https://d-nb.info/gnd/4035206-7"
"38"$"C 84:6a, fliegendes Blatt"$"https://iiif.ub.uni-leipzig.de/0000055193/manifest.json"$"https://nbn-resolving.org/urn:nbn:de:bsz:15-0026-571042"$"https://iiif.ub.uni-leipzig.de/iiif/j2k/0000/0551/0000055193/00000001.jpx/full/,200/0/default.jpg"$"Komplett"$"Original"$"Standard"$"Einzelseite"$"01.01.2022"$"01.11.2023"$"Evangelisch-Lutherische Kirchgemeinde Annaberg-Buchholz, Kirchenbibliothek"$"https://d-nb.info/gnd/1026301912"$"Annaberg-Buchholz (Erzgebirge)"$"https://d-nb.info/gnd/4085813-3"$"Universitätsbibliothek Leipzig"$"https://d-nb.info/gnd/30026-3"$"Leipzig"$"https://d-nb.info/gnd/4035206-7"
"39"$"C 87:1, Ansetzfalz"$"https://iiif.ub.uni-leipzig.de/0000055166/manifest.json"$"https://nbn-resolving.org/urn:nbn:de:bsz:15-0026-570694"$"https://iiif.ub.uni-leipzig.de/iiif/j2k/0000/0551/0000055166/00000001.jpx/full/,200/0/default.jpg"$"Komplett"$"Original"$"Standard"$"Einzelseite"$"01.01.2022"$"01.11.2023"$"Evangelisch-Lutherische Kirchgemeinde Annaberg-Buchholz, Kirchenbibliothek"$"https://d-nb.info/gnd/1026301912"$"Annaberg-Buchholz (Erzgebirge)"$"https://d-nb.info/gnd/4085813-3"$"Universitätsbibliothek Leipzig"$"https://d-nb.info/gnd/30026-3"$"Leipzig"$"https://d-nb.info/gnd/4035206-7"
"40"$"C 89, Spiegel"$"https://iiif.ub.uni-leipzig.de/0000054848/manifest.json"$"https://nbn-resolving.org/urn:nbn:de:bsz:15-0026-567549"$"https://iiif.ub.uni-leipzig.de/iiif/j2k/0000/0548/0000054848/00000001.jpx/full/,200/0/default.jpg"$"Komplett"$"Original"$"Standard"$"Einzelseite"$"01.01.2022"$"01.11.2023"$"Evangelisch-Lutherische Kirchgemeinde Annaberg-Buchholz, Kirchenbibliothek"$"https://d-nb.info/gnd/1026301912"$"Annaberg-Buchholz (Erzgebirge)"$"https://d-nb.info/gnd/4085813-3"$"Universitätsbibliothek Leipzig"$"https://d-nb.info/gnd/30026-3"$"Leipzig"$"https://d-nb.info/gnd/4035206-7"
"41"$"C 91:2, Ansetzfalz"$"https://iiif.ub.uni-leipzig.de/0000055195/manifest.json"$"https://nbn-resolving.org/urn:nbn:de:bsz:15-0026-571060"$"https://iiif.ub.uni-leipzig.de/iiif/j2k/0000/0551/0000055195/00000001.jpx/full/,200/0/default.jpg"$"Komplett"$"Original"$"Standard"$"Einzelseite"$"01.01.2022"$"01.11.2023"$"Evangelisch-Lutherische Kirchgemeinde Annaberg-Buchholz, Kirchenbibliothek"$"https://d-nb.info/gnd/1026301912"$"Annaberg-Buchholz (Erzgebirge)"$"https://d-nb.info/gnd/4085813-3"$"Universitätsbibliothek Leipzig"$"https://d-nb.info/gnd/30026-3"$"Leipzig"$"https://d-nb.info/gnd/4035206-7"
"42"$"C 92, Spiegel"$"https://iiif.ub.uni-leipzig.de/0000054826/manifest.json"$"https://nbn-resolving.org/urn:nbn:de:bsz:15-0026-567278"$"https://iiif.ub.uni-leipzig.de/iiif/j2k/0000/0548/0000054826/00000001.jpx/full/,200/0/default.jpg"$"Komplett"$"Original"$"Standard"$"Einzelseite"$"01.01.2022"$"01.11.2023"$"Evangelisch-Lutherische Kirchgemeinde Annaberg-Buchholz, Kirchenbibliothek"$"https://d-nb.info/gnd/1026301912"$"Annaberg-Buchholz (Erzgebirge)"$"https://d-nb.info/gnd/4085813-3"$"Universitätsbibliothek Leipzig"$"https://d-nb.info/gnd/30026-3"$"Leipzig"$"https://d-nb.info/gnd/4035206-7"
"43"$"C 94:1, Ansetzfalz"$"https://iiif.ub.uni-leipzig.de/0000055196/manifest.json"$"https://nbn-resolving.org/urn:nbn:de:bsz:15-0026-571070"$"https://iiif.ub.uni-leipzig.de/iiif/j2k/0000/0551/0000055196/00000001.jpx/full/,200/0/default.jpg"$"Komplett"$"Original"$"Standard"$"Einzelseite"$"01.01.2022"$"01.11.2023"$"Evangelisch-Lutherische Kirchgemeinde Annaberg-Buchholz, Kirchenbibliothek"$"https://d-nb.info/gnd/1026301912"$"Annaberg-Buchholz (Erzgebirge)"$"https://d-nb.info/gnd/4085813-3"$"Universitätsbibliothek Leipzig"$"https://d-nb.info/gnd/30026-3"$"Leipzig"$"https://d-nb.info/gnd/4035206-7"
"44"$"C 113, Ansetzfalz"$"https://iiif.ub.uni-leipzig.de/0000055188/manifest.json"$"https://nbn-resolving.org/urn:nbn:de:bsz:15-0026-567280"$"https://iiif.ub.uni-leipzig.de/iiif/j2k/0000/0551/0000055188/00000001.jpx/full/,200/0/default.jpg"$"Komplett"$"Original"$"Standard"$"Einzelseite"$"01.01.2022"$"01.11.2023"$"Evangelisch-Lutherische Kirchgemeinde Annaberg-Buchholz, Kirchenbibliothek"$"https://d-nb.info/gnd/1026301912"$"Annaberg-Buchholz (Erzgebirge)"$"https://d-nb.info/gnd/4085813-3"$"Universitätsbibliothek Leipzig"$"https://d-nb.info/gnd/30026-3"$"Leipzig"$"https://d-nb.info/gnd/4035206-7"
"45"$"C 115:1, Ansetzfalz"$"https://iiif.ub.uni-leipzig.de/0000054828/manifest.json"$"https://nbn-resolving.org/urn:nbn:de:bsz:15-0026-567297"$"https://iiif.ub.uni-leipzig.de/iiif/j2k/0000/0548/0000054828/00000001.jpx/full/,200/0/default.jpg"$"Komplett"$"Original"$"Standard"$"Einzelseite"$"01.01.2022"$"01.11.2023"$"Evangelisch-Lutherische Kirchgemeinde Annaberg-Buchholz, Kirchenbibliothek"$"https://d-nb.info/gnd/1026301912"$"Annaberg-Buchholz (Erzgebirge)"$"https://d-nb.info/gnd/4085813-3"$"Universitätsbibliothek Leipzig"$"https://d-nb.info/gnd/30026-3"$"Leipzig"$"https://d-nb.info/gnd/4035206-7"
"46"$"C 115:2, Ansetzfalz"$"https://iiif.ub.uni-leipzig.de/0000054849/manifest.json"$"https://nbn-resolving.org/urn:nbn:de:bsz:15-0026-567555"$"https://iiif.ub.uni-leipzig.de/iiif/j2k/0000/0548/0000054849/00000001.jpx/full/,200/0/default.jpg"$"Komplett"$"Original"$"Standard"$"Einzelseite"$"01.01.2022"$"01.11.2023"$"Evangelisch-Lutherische Kirchgemeinde Annaberg-Buchholz, Kirchenbibliothek"$"https://d-nb.info/gnd/1026301912"$"Annaberg-Buchholz (Erzgebirge)"$"https://d-nb.info/gnd/4085813-3"$"Universitätsbibliothek Leipzig"$"https://d-nb.info/gnd/30026-3"$"Leipzig"$"https://d-nb.info/gnd/4035206-7"
"47"$"C 117, fliegendes Blatt"$"https://iiif.ub.uni-leipzig.de/0000055223/manifest.json"$"https://nbn-resolving.org/urn:nbn:de:bsz:15-0026-571166"$"https://iiif.ub.uni-leipzig.de/iiif/j2k/0000/0552/0000055223/00000001.jpx/full/,200/0/default.jpg"$"Komplett"$"Original"$"Standard"$"Einzelseite"$"01.01.2022"$"01.11.2023"$"Evangelisch-Lutherische Kirchgemeinde Annaberg-Buchholz, Kirchenbibliothek"$"https://d-nb.info/gnd/1026301912"$"Annaberg-Buchholz (Erzgebirge)"$"https://d-nb.info/gnd/4085813-3"$"Universitätsbibliothek Leipzig"$"https://d-nb.info/gnd/30026-3"$"Leipzig"$"https://d-nb.info/gnd/4035206-7"
"48"$"C 118, fliegendes Blatt"$"https://iiif.ub.uni-leipzig.de/0000055197/manifest.json"$"https://nbn-resolving.org/urn:nbn:de:bsz:15-0026-571086"$"https://iiif.ub.uni-leipzig.de/iiif/j2k/0000/0551/0000055197/00000001.jpx/full/,200/0/default.jpg"$"Komplett"$"Original"$"Standard"$"Einzelseite"$"01.01.2022"$"01.11.2023"$"Evangelisch-Lutherische Kirchgemeinde Annaberg-Buchholz, Kirchenbibliothek"$"https://d-nb.info/gnd/1026301912"$"Annaberg-Buchholz (Erzgebirge)"$"https://d-nb.info/gnd/4085813-3"$"Universitätsbibliothek Leipzig"$"https://d-nb.info/gnd/30026-3"$"Leipzig"$"https://d-nb.info/gnd/4035206-7"
"49"$"C 120, fliegendes Blatt"$"https://iiif.ub.uni-leipzig.de/0000054829/manifest.json"$"https://nbn-resolving.org/urn:nbn:de:bsz:15-0026-567300"$"https://iiif.ub.uni-leipzig.de/iiif/j2k/0000/0548/0000054829/00000001.jpx/full/,200/0/default.jpg"$"Komplett"$"Original"$"Standard"$"Einzelseite"$"01.01.2022"$"01.11.2023"$"Evangelisch-Lutherische Kirchgemeinde Annaberg-Buchholz, Kirchenbibliothek"$"https://d-nb.info/gnd/1026301912"$"Annaberg-Buchholz (Erzgebirge)"$"https://d-nb.info/gnd/4085813-3"$"Universitätsbibliothek Leipzig"$"https://d-nb.info/gnd/30026-3"$"Leipzig"$"https://d-nb.info/gnd/4035206-7"
"50"$"C 123, fliegendes Blatt vorn"$"https://iiif.ub.uni-leipzig.de/0000054831/manifest.json"$"https://nbn-resolving.org/urn:nbn:de:bsz:15-0026-567326"$"https://iiif.ub.uni-leipzig.de/iiif/j2k/0000/0548/0000054831/00000001.jpx/full/,200/0/default.jpg"$"Komplett"$"Original"$"Standard"$"Einzelseite"$"01.01.2022"$"01.11.2023"$"Evangelisch-Lutherische Kirchgemeinde Annaberg-Buchholz, Kirchenbibliothek"$"https://d-nb.info/gnd/1026301912"$"Annaberg-Buchholz (Erzgebirge)"$"https://d-nb.info/gnd/4085813-3"$"Universitätsbibliothek Leipzig"$"https://d-nb.info/gnd/30026-3"$"Leipzig"$"https://d-nb.info/gnd/4035206-7"
"51"$"C 123, fliegendes Blatt hinten"$"https://iiif.ub.uni-leipzig.de/0000054830/manifest.json"$"https://nbn-resolving.org/urn:nbn:de:bsz:15-0026-567312"$"https://iiif.ub.uni-leipzig.de/iiif/j2k/0000/0548/0000054830/00000001.jpx/full/,200/0/default.jpg"$"Komplett"$"Original"$"Standard"$"Einzelseite"$"01.01.2022"$"01.11.2023"$"Evangelisch-Lutherische Kirchgemeinde Annaberg-Buchholz, Kirchenbibliothek"$"https://d-nb.info/gnd/1026301912"$"Annaberg-Buchholz (Erzgebirge)"$"https://d-nb.info/gnd/4085813-3"$"Universitätsbibliothek Leipzig"$"https://d-nb.info/gnd/30026-3"$"Leipzig"$"https://d-nb.info/gnd/4035206-7"
"52"$"C 125, Spiegel"$"https://iiif.ub.uni-leipzig.de/0000055198/manifest.json"$"https://nbn-resolving.org/urn:nbn:de:bsz:15-0026-571093"$"https://iiif.ub.uni-leipzig.de/iiif/j2k/0000/0551/0000055198/00000001.jpx/full/,200/0/default.jpg"$"Komplett"$"Original"$"Standard"$"Einzelseite"$"01.01.2022"$"01.11.2023"$"Evangelisch-Lutherische Kirchgemeinde Annaberg-Buchholz, Kirchenbibliothek"$"https://d-nb.info/gnd/1026301912"$"Annaberg-Buchholz (Erzgebirge)"$"https://d-nb.info/gnd/4085813-3"$"Universitätsbibliothek Leipzig"$"https://d-nb.info/gnd/30026-3"$"Leipzig"$"https://d-nb.info/gnd/4035206-7"
"53"$"C 130, Ansetzfalz"$"https://iiif.ub.uni-leipzig.de/0000054835/manifest.json"$"https://nbn-resolving.org/urn:nbn:de:bsz:15-0026-567333"$"https://iiif.ub.uni-leipzig.de/iiif/j2k/0000/0548/0000054835/00000001.jpx/full/,200/0/default.jpg"$"Komplett"$"Original"$"Standard"$"Einzelseite"$"01.01.2022"$"01.11.2023"$"Evangelisch-Lutherische Kirchgemeinde Annaberg-Buchholz, Kirchenbibliothek"$"https://d-nb.info/gnd/1026301912"$"Annaberg-Buchholz (Erzgebirge)"$"https://d-nb.info/gnd/4085813-3"$"Universitätsbibliothek Leipzig"$"https://d-nb.info/gnd/30026-3"$"Leipzig"$"https://d-nb.info/gnd/4035206-7"
"54"$"C 131, fliegendes Blatt"$"https://iiif.ub.uni-leipzig.de/0000055199/manifest.json"$"https://nbn-resolving.org/urn:nbn:de:bsz:15-0026-571106"$"https://iiif.ub.uni-leipzig.de/iiif/j2k/0000/0551/0000055199/00000001.jpx/full/,200/0/default.jpg"$"Komplett"$"Original"$"Standard"$"Einzelseite"$"01.01.2022"$"01.11.2023"$"Evangelisch-Lutherische Kirchgemeinde Annaberg-Buchholz, Kirchenbibliothek"$"https://d-nb.info/gnd/1026301912"$"Annaberg-Buchholz (Erzgebirge)"$"https://d-nb.info/gnd/4085813-3"$"Universitätsbibliothek Leipzig"$"https://d-nb.info/gnd/30026-3"$"Leipzig"$"https://d-nb.info/gnd/4035206-7"
"55"$"C 136, fliegendes Blatt"$"https://iiif.ub.uni-leipzig.de/0000055200/manifest.json"$"https://nbn-resolving.org/urn:nbn:de:bsz:15-0026-571110"$"https://iiif.ub.uni-leipzig.de/iiif/j2k/0000/0552/0000055200/00000001.jpx/full/,200/0/default.jpg"$"Komplett"$"Original"$"Standard"$"Einzelseite"$"01.01.2022"$"01.11.2023"$"Evangelisch-Lutherische Kirchgemeinde Annaberg-Buchholz, Kirchenbibliothek"$"https://d-nb.info/gnd/1026301912"$"Annaberg-Buchholz (Erzgebirge)"$"https://d-nb.info/gnd/4085813-3"$"Universitätsbibliothek Leipzig"$"https://d-nb.info/gnd/30026-3"$"Leipzig"$"https://d-nb.info/gnd/4035206-7"
"56"$"C 138, Spiegel"$"https://iiif.ub.uni-leipzig.de/0000054838/manifest.json"$"https://nbn-resolving.org/urn:nbn:de:bsz:15-0026-567350"$"https://iiif.ub.uni-leipzig.de/iiif/j2k/0000/0548/0000054838/00000001.jpx/full/,200/0/default.jpg"$"Komplett"$"Original"$"Standard"$"Einzelseite"$"01.01.2022"$"01.11.2023"$"Evangelisch-Lutherische Kirchgemeinde Annaberg-Buchholz, Kirchenbibliothek"$"https://d-nb.info/gnd/1026301912"$"Annaberg-Buchholz (Erzgebirge)"$"https://d-nb.info/gnd/4085813-3"$"Universitätsbibliothek Leipzig"$"https://d-nb.info/gnd/30026-3"$"Leipzig"$"https://d-nb.info/gnd/4035206-7"
"57"$"C 141, Spiegel"$"https://iiif.ub.uni-leipzig.de/0000054839/manifest.json"$"https://nbn-resolving.org/urn:nbn:de:bsz:15-0026-567414"$"https://iiif.ub.uni-leipzig.de/iiif/j2k/0000/0548/0000054839/00000001.jpx/full/,200/0/default.jpg"$"Komplett"$"Original"$"Standard"$"Einzelseite"$"01.01.2022"$"01.11.2023"$"Evangelisch-Lutherische Kirchgemeinde Annaberg-Buchholz, Kirchenbibliothek"$"https://d-nb.info/gnd/1026301912"$"Annaberg-Buchholz (Erzgebirge)"$"https://d-nb.info/gnd/4085813-3"$"Universitätsbibliothek Leipzig"$"https://d-nb.info/gnd/30026-3"$"Leipzig"$"https://d-nb.info/gnd/4035206-7"
"58"$"C 142:1, fliegendes Blatt"$"https://iiif.ub.uni-leipzig.de/0000055202/manifest.json"$"https://nbn-resolving.org/urn:nbn:de:bsz:15-0026-571125"$"https://iiif.ub.uni-leipzig.de/iiif/j2k/0000/0552/0000055202/00000001.jpx/full/,200/0/default.jpg"$"Komplett"$"Original"$"Standard"$"Einzelseite"$"01.01.2022"$"01.11.2023"$"Evangelisch-Lutherische Kirchgemeinde Annaberg-Buchholz, Kirchenbibliothek"$"https://d-nb.info/gnd/1026301912"$"Annaberg-Buchholz (Erzgebirge)"$"https://d-nb.info/gnd/4085813-3"$"Universitätsbibliothek Leipzig"$"https://d-nb.info/gnd/30026-3"$"Leipzig"$"https://d-nb.info/gnd/4035206-7"
"59"$"C 148, Ansetzfalz"$"https://iiif.ub.uni-leipzig.de/0000054841/manifest.json"$"https://nbn-resolving.org/urn:nbn:de:bsz:15-0026-567421"$"https://iiif.ub.uni-leipzig.de/iiif/j2k/0000/0548/0000054841/00000001.jpx/full/,200/0/default.jpg"$"Komplett"$"Original"$"Standard"$"Einzelseite"$"01.01.2022"$"01.11.2023"$"Evangelisch-Lutherische Kirchgemeinde Annaberg-Buchholz, Kirchenbibliothek"$"https://d-nb.info/gnd/1026301912"$"Annaberg-Buchholz (Erzgebirge)"$"https://d-nb.info/gnd/4085813-3"$"Universitätsbibliothek Leipzig"$"https://d-nb.info/gnd/30026-3"$"Leipzig"$"https://d-nb.info/gnd/4035206-7"
"60"$"C 153, fliegendes Blatt"$"https://iiif.ub.uni-leipzig.de/0000055201/manifest.json"$"https://nbn-resolving.org/urn:nbn:de:bsz:15-0026-571137"$"https://iiif.ub.uni-leipzig.de/iiif/j2k/0000/0552/0000055201/00000001.jpx/full/,200/0/default.jpg"$"Komplett"$"Original"$"Standard"$"Einzelseite"$"01.01.2022"$"01.11.2023"$"Evangelisch-Lutherische Kirchgemeinde Annaberg-Buchholz, Kirchenbibliothek"$"https://d-nb.info/gnd/1026301912"$"Annaberg-Buchholz (Erzgebirge)"$"https://d-nb.info/gnd/4085813-3"$"Universitätsbibliothek Leipzig"$"https://d-nb.info/gnd/30026-3"$"Leipzig"$"https://d-nb.info/gnd/4035206-7"
"61"$"C 160, Flügelfalz"$"https://iiif.ub.uni-leipzig.de/0000054837/manifest.json"$"https://nbn-resolving.org/urn:nbn:de:bsz:15-0026-567404"$"https://iiif.ub.uni-leipzig.de/iiif/j2k/0000/0548/0000054837/00000001.jpx/full/,200/0/default.jpg"$"Komplett"$"Original"$"Standard"$"Einzelseite"$"01.01.2022"$"01.11.2023"$"Evangelisch-Lutherische Kirchgemeinde Annaberg-Buchholz, Kirchenbibliothek"$"https://d-nb.info/gnd/1026301912"$"Annaberg-Buchholz (Erzgebirge)"$"https://d-nb.info/gnd/4085813-3"$"Universitätsbibliothek Leipzig"$"https://d-nb.info/gnd/30026-3"$"Leipzig"$"https://d-nb.info/gnd/4035206-7"
"62"$"C 161, fliegendes Blatt"$"https://iiif.ub.uni-leipzig.de/0000055203/manifest.json"$"https://nbn-resolving.org/urn:nbn:de:bsz:15-0026-571141"$"https://iiif.ub.uni-leipzig.de/iiif/j2k/0000/0552/0000055203/00000001.jpx/full/,200/0/default.jpg"$"Komplett"$"Original"$"Standard"$"Einzelseite"$"01.01.2022"$"01.11.2023"$"Evangelisch-Lutherische Kirchgemeinde Annaberg-Buchholz, Kirchenbibliothek"$"https://d-nb.info/gnd/1026301912"$"Annaberg-Buchholz (Erzgebirge)"$"https://d-nb.info/gnd/4085813-3"$"Universitätsbibliothek Leipzig"$"https://d-nb.info/gnd/30026-3"$"Leipzig"$"https://d-nb.info/gnd/4035206-7"
"63"$"C 162, fliegendes Blatt"$"https://iiif.ub.uni-leipzig.de/0000055224/manifest.json"$"https://nbn-resolving.org/urn:nbn:de:bsz:15-0026-571369"$"https://iiif.ub.uni-leipzig.de/iiif/j2k/0000/0552/0000055224/00000001.jpx/full/,200/0/default.jpg"$"Komplett"$"Original"$"Standard"$"Einzelseite"$"01.01.2022"$"01.11.2023"$"Evangelisch-Lutherische Kirchgemeinde Annaberg-Buchholz, Kirchenbibliothek"$"https://d-nb.info/gnd/1026301912"$"Annaberg-Buchholz (Erzgebirge)"$"https://d-nb.info/gnd/4085813-3"$"Universitätsbibliothek Leipzig"$"https://d-nb.info/gnd/30026-3"$"Leipzig"$"https://d-nb.info/gnd/4035206-7"
"64"$"C 163, Ansetzfalz"$"https://iiif.ub.uni-leipzig.de/0000054851/manifest.json"$"https://nbn-resolving.org/urn:nbn:de:bsz:15-0026-567466"$"https://iiif.ub.uni-leipzig.de/iiif/j2k/0000/0548/0000054851/00000001.jpx/full/,200/0/default.jpg"$"Komplett"$"Original"$"Standard"$"Einzelseite"$"01.01.2022"$"01.11.2023"$"Evangelisch-Lutherische Kirchgemeinde Annaberg-Buchholz, Kirchenbibliothek"$"https://d-nb.info/gnd/1026301912"$"Annaberg-Buchholz (Erzgebirge)"$"https://d-nb.info/gnd/4085813-3"$"Universitätsbibliothek Leipzig"$"https://d-nb.info/gnd/30026-3"$"Leipzig"$"https://d-nb.info/gnd/4035206-7"
"65"$"C 167, fliegendes Blatt"$"https://iiif.ub.uni-leipzig.de/0000055225/manifest.json"$"https://nbn-resolving.org/urn:nbn:de:bsz:15-0026-571377"$"https://iiif.ub.uni-leipzig.de/iiif/j2k/0000/0552/0000055225/00000001.jpx/full/,200/0/default.jpg"$"Komplett"$"Original"$"Standard"$"Einzelseite"$"01.01.2022"$"01.11.2023"$"Evangelisch-Lutherische Kirchgemeinde Annaberg-Buchholz, Kirchenbibliothek"$"https://d-nb.info/gnd/1026301912"$"Annaberg-Buchholz (Erzgebirge)"$"https://d-nb.info/gnd/4085813-3"$"Universitätsbibliothek Leipzig"$"https://d-nb.info/gnd/30026-3"$"Leipzig"$"https://d-nb.info/gnd/4035206-7"
"66"$"C 169, Ansetzfalz"$"https://iiif.ub.uni-leipzig.de/0000054844/manifest.json"$"https://nbn-resolving.org/urn:nbn:de:bsz:15-0026-567495"$"https://iiif.ub.uni-leipzig.de/iiif/j2k/0000/0548/0000054844/00000001.jpx/full/,200/0/default.jpg"$"Komplett"$"Original"$"Standard"$"Einzelseite"$"01.01.2022"$"01.11.2023"$"Evangelisch-Lutherische Kirchgemeinde Annaberg-Buchholz, Kirchenbibliothek"$"https://d-nb.info/gnd/1026301912"$"Annaberg-Buchholz (Erzgebirge)"$"https://d-nb.info/gnd/4085813-3"$"Universitätsbibliothek Leipzig"$"https://d-nb.info/gnd/30026-3"$"Leipzig"$"https://d-nb.info/gnd/4035206-7"
"67"$"C 170, Ansetzfalz"$"https://iiif.ub.uni-leipzig.de/0000054834/manifest.json"$"https://nbn-resolving.org/urn:nbn:de:bsz:15-0026-567385"$"https://iiif.ub.uni-leipzig.de/iiif/j2k/0000/0548/0000054834/00000001.jpx/full/,200/0/default.jpg"$"Komplett"$"Original"$"Standard"$"Einzelseite"$"01.01.2022"$"01.11.2023"$"Evangelisch-Lutherische Kirchgemeinde Annaberg-Buchholz, Kirchenbibliothek"$"https://d-nb.info/gnd/1026301912"$"Annaberg-Buchholz (Erzgebirge)"$"https://d-nb.info/gnd/4085813-3"$"Universitätsbibliothek Leipzig"$"https://d-nb.info/gnd/30026-3"$"Leipzig"$"https://d-nb.info/gnd/4035206-7"
"68"$"C 171:1, Ansetzfalz"$"https://iiif.ub.uni-leipzig.de/0000054845/manifest.json"$"https://nbn-resolving.org/urn:nbn:de:bsz:15-0026-567508"$"https://iiif.ub.uni-leipzig.de/iiif/j2k/0000/0548/0000054845/00000001.jpx/full/,200/0/default.jpg"$"Komplett"$"Original"$"Standard"$"Einzelseite"$"01.01.2022"$"01.11.2023"$"Evangelisch-Lutherische Kirchgemeinde Annaberg-Buchholz, Kirchenbibliothek"$"https://d-nb.info/gnd/1026301912"$"Annaberg-Buchholz (Erzgebirge)"$"https://d-nb.info/gnd/4085813-3"$"Universitätsbibliothek Leipzig"$"https://d-nb.info/gnd/30026-3"$"Leipzig"$"https://d-nb.info/gnd/4035206-7"
"69"$"C 171:2, Ansetzfalz"$"https://iiif.ub.uni-leipzig.de/0000054852/manifest.json"$"https://nbn-resolving.org/urn:nbn:de:bsz:15-0026-567526"$"https://iiif.ub.uni-leipzig.de/iiif/j2k/0000/0548/0000054852/00000001.jpx/full/,200/0/default.jpg"$"Komplett"$"Original"$"Standard"$"Einzelseite"$"01.01.2022"$"01.11.2023"$"Evangelisch-Lutherische Kirchgemeinde Annaberg-Buchholz, Kirchenbibliothek"$"https://d-nb.info/gnd/1026301912"$"Annaberg-Buchholz (Erzgebirge)"$"https://d-nb.info/gnd/4085813-3"$"Universitätsbibliothek Leipzig"$"https://d-nb.info/gnd/30026-3"$"Leipzig"$"https://d-nb.info/gnd/4035206-7"
"70"$"C 175, fliegendes Blatt"$"https://iiif.ub.uni-leipzig.de/0000055226/manifest.json"$"https://nbn-resolving.org/urn:nbn:de:bsz:15-0026-571381"$"https://iiif.ub.uni-leipzig.de/iiif/j2k/0000/0552/0000055226/00000001.jpx/full/,200/0/default.jpg"$"Komplett"$"Original"$"Standard"$"Einzelseite"$"01.01.2022"$"01.11.2023"$"Evangelisch-Lutherische Kirchgemeinde Annaberg-Buchholz, Kirchenbibliothek"$"https://d-nb.info/gnd/1026301912"$"Annaberg-Buchholz (Erzgebirge)"$"https://d-nb.info/gnd/4085813-3"$"Universitätsbibliothek Leipzig"$"https://d-nb.info/gnd/30026-3"$"Leipzig"$"https://d-nb.info/gnd/4035206-7"
"71"$"C 178, Spiegel"$"https://iiif.ub.uni-leipzig.de/0000055227/manifest.json"$"https://nbn-resolving.org/urn:nbn:de:bsz:15-0026-571395"$"https://iiif.ub.uni-leipzig.de/iiif/j2k/0000/0552/0000055227/00000001.jpx/full/,200/0/default.jpg"$"Komplett"$"Original"$"Standard"$"Einzelseite"$"01.01.2022"$"01.11.2023"$"Evangelisch-Lutherische Kirchgemeinde Annaberg-Buchholz, Kirchenbibliothek"$"https://d-nb.info/gnd/1026301912"$"Annaberg-Buchholz (Erzgebirge)"$"https://d-nb.info/gnd/4085813-3"$"Universitätsbibliothek Leipzig"$"https://d-nb.info/gnd/30026-3"$"Leipzig"$"https://d-nb.info/gnd/4035206-7"
"72"$"C 182, fliegendes Blatt"$"https://iiif.ub.uni-leipzig.de/0000055228/manifest.json"$"https://nbn-resolving.org/urn:nbn:de:bsz:15-0026-571408"$"https://iiif.ub.uni-leipzig.de/iiif/j2k/0000/0552/0000055228/00000001.jpx/full/,200/0/default.jpg"$"Komplett"$"Original"$"Standard"$"Einzelseite"$"01.01.2022"$"01.11.2023"$"Evangelisch-Lutherische Kirchgemeinde Annaberg-Buchholz, Kirchenbibliothek"$"https://d-nb.info/gnd/1026301912"$"Annaberg-Buchholz (Erzgebirge)"$"https://d-nb.info/gnd/4085813-3"$"Universitätsbibliothek Leipzig"$"https://d-nb.info/gnd/30026-3"$"Leipzig"$"https://d-nb.info/gnd/4035206-7"
"73"$"C 183a, fliegendes Blatt"$"https://iiif.ub.uni-leipzig.de/0000054836/manifest.json"$"https://nbn-resolving.org/urn:nbn:de:bsz:15-0026-567391"$"https://iiif.ub.uni-leipzig.de/iiif/j2k/0000/0548/0000054836/00000001.jpx/full/,200/0/default.jpg"$"Komplett"$"Original"$"Standard"$"Einzelseite"$"01.01.2022"$"01.11.2023"$"Evangelisch-Lutherische Kirchgemeinde Annaberg-Buchholz, Kirchenbibliothek"$"https://d-nb.info/gnd/1026301912"$"Annaberg-Buchholz (Erzgebirge)"$"https://d-nb.info/gnd/4085813-3"$"Universitätsbibliothek Leipzig"$"https://d-nb.info/gnd/30026-3"$"Leipzig"$"https://d-nb.info/gnd/4035206-7"
"74"$"C 184, Ansetzfalz"$"https://iiif.ub.uni-leipzig.de/0000054853/manifest.json"$"https://nbn-resolving.org/urn:nbn:de:bsz:15-0026-567585"$"https://iiif.ub.uni-leipzig.de/iiif/j2k/0000/0548/0000054853/00000001.jpx/full/,200/0/default.jpg"$"Komplett"$"Original"$"Standard"$"Einzelseite"$"01.01.2022"$"01.11.2023"$"Evangelisch-Lutherische Kirchgemeinde Annaberg-Buchholz, Kirchenbibliothek"$"https://d-nb.info/gnd/1026301912"$"Annaberg-Buchholz (Erzgebirge)"$"https://d-nb.info/gnd/4085813-3"$"Universitätsbibliothek Leipzig"$"https://d-nb.info/gnd/30026-3"$"Leipzig"$"https://d-nb.info/gnd/4035206-7"
"75"$"C 186, fliegendes Blatt"$"https://iiif.ub.uni-leipzig.de/0000055164/manifest.json"$"https://nbn-resolving.org/urn:nbn:de:bsz:15-0026-570681"$"https://iiif.ub.uni-leipzig.de/iiif/j2k/0000/0551/0000055164/00000001.jpx/full/,200/0/default.jpg"$"Komplett"$"Original"$"Standard"$"Einzelseite"$"01.01.2022"$"01.11.2023"$"Evangelisch-Lutherische Kirchgemeinde Annaberg-Buchholz, Kirchenbibliothek"$"https://d-nb.info/gnd/1026301912"$"Annaberg-Buchholz (Erzgebirge)"$"https://d-nb.info/gnd/4085813-3"$"Universitätsbibliothek Leipzig"$"https://d-nb.info/gnd/30026-3"$"Leipzig"$"https://d-nb.info/gnd/4035206-7"
"76"$"C 192, Spiegel"$"https://iiif.ub.uni-leipzig.de/0000054846/manifest.json"$"https://nbn-resolving.org/urn:nbn:de:bsz:15-0026-567516"$"https://iiif.ub.uni-leipzig.de/iiif/j2k/0000/0548/0000054846/00000001.jpx/full/,200/0/default.jpg"$"Komplett"$"Original"$"Standard"$"Einzelseite"$"01.01.2022"$"01.11.2023"$"Evangelisch-Lutherische Kirchgemeinde Annaberg-Buchholz, Kirchenbibliothek"$"https://d-nb.info/gnd/1026301912"$"Annaberg-Buchholz (Erzgebirge)"$"https://d-nb.info/gnd/4085813-3"$"Universitätsbibliothek Leipzig"$"https://d-nb.info/gnd/30026-3"$"Leipzig"$"https://d-nb.info/gnd/4035206-7"
"77"$"C 224, Spiegel"$"https://iiif.ub.uni-leipzig.de/0000054847/manifest.json"$"https://nbn-resolving.org/urn:nbn:de:bsz:15-0026-567535"$"https://iiif.ub.uni-leipzig.de/iiif/j2k/0000/0548/0000054847/00000001.jpx/full/,200/0/default.jpg"$"Komplett"$"Original"$"Standard"$"Einzelseite"$"01.01.2022"$"01.11.2023"$"Evangelisch-Lutherische Kirchgemeinde Annaberg-Buchholz, Kirchenbibliothek"$"https://d-nb.info/gnd/1026301912"$"Annaberg-Buchholz (Erzgebirge)"$"https://d-nb.info/gnd/4085813-3"$"Universitätsbibliothek Leipzig"$"https://d-nb.info/gnd/30026-3"$"Leipzig"$"https://d-nb.info/gnd/4035206-7"
"78"$"C 1140, Ansetzfalz"$"https://iiif.ub.uni-leipzig.de/0000054850/manifest.json"$"https://nbn-resolving.org/urn:nbn:de:bsz:15-0026-567562"$"https://iiif.ub.uni-leipzig.de/iiif/j2k/0000/0548/0000054850/00000001.jpx/full/,200/0/default.jpg"$"Komplett"$"Original"$"Standard"$"Einzelseite"$"01.01.2022"$"01.11.2023"$"Evangelisch-Lutherische Kirchgemeinde Annaberg-Buchholz, Kirchenbibliothek"$"https://d-nb.info/gnd/1026301912"$"Annaberg-Buchholz (Erzgebirge)"$"https://d-nb.info/gnd/4085813-3"$"Universitätsbibliothek Leipzig"$"https://d-nb.info/gnd/30026-3"$"Leipzig"$"https://d-nb.info/gnd/4035206-7"
"79"$"C 1146, Ansetzfalz"$"https://iiif.ub.uni-leipzig.de/0000055165/manifest.json"$"https://nbn-resolving.org/urn:nbn:de:bsz:15-0026-569744"$"https://iiif.ub.uni-leipzig.de/iiif/j2k/0000/0551/0000055165/00000001.jpx/full/,200/0/default.jpg"$"Komplett"$"Original"$"Standard"$"Einzelseite"$"01.01.2022"$"01.11.2023"$"Evangelisch-Lutherische Kirchgemeinde Annaberg-Buchholz, Kirchenbibliothek"$"https://d-nb.info/gnd/1026301912"$"Annaberg-Buchholz (Erzgebirge)"$"https://d-nb.info/gnd/4085813-3"$"Universitätsbibliothek Leipzig"$"https://d-nb.info/gnd/30026-3"$"Leipzig"$"https://d-nb.info/gnd/4035206-7"
"80"$"C 1147, fliegendes Blatt"$"https://iiif.ub.uni-leipzig.de/0000054970/manifest.json"$"https://nbn-resolving.org/urn:nbn:de:bsz:15-0026-567599"$"https://iiif.ub.uni-leipzig.de/iiif/j2k/0000/0549/0000054970/00000001.jpx/full/,200/0/default.jpg"$"Komplett"$"Original"$"Standard"$"Einzelseite"$"01.01.2022"$"01.11.2023"$"Evangelisch-Lutherische Kirchgemeinde Annaberg-Buchholz, Kirchenbibliothek"$"https://d-nb.info/gnd/1026301912"$"Annaberg-Buchholz (Erzgebirge)"$"https://d-nb.info/gnd/4085813-3"$"Universitätsbibliothek Leipzig"$"https://d-nb.info/gnd/30026-3"$"Leipzig"$"https://d-nb.info/gnd/4035206-7"
"81"$"C 1155, Ansetzfalz"$"https://iiif.ub.uni-leipzig.de/0000054854/manifest.json"$"https://nbn-resolving.org/urn:nbn:de:bsz:15-0026-567575"$"https://iiif.ub.uni-leipzig.de/iiif/j2k/0000/0548/0000054854/00000001.jpx/full/,200/0/default.jpg"$"Komplett"$"Original"$"Standard"$"Einzelseite"$"01.01.2022"$"01.11.2023"$"Evangelisch-Lutherische Kirchgemeinde Annaberg-Buchholz, Kirchenbibliothek"$"https://d-nb.info/gnd/1026301912"$"Annaberg-Buchholz (Erzgebirge)"$"https://d-nb.info/gnd/4085813-3"$"Universitätsbibliothek Leipzig"$"https://d-nb.info/gnd/30026-3"$"Leipzig"$"https://d-nb.info/gnd/4035206-7"
"82"$"C 1165, Ansetzfalz vorn"$"https://iiif.ub.uni-leipzig.de/0000055238/manifest.json"$"https://nbn-resolving.org/urn:nbn:de:bsz:15-0026-571502"$"https://iiif.ub.uni-leipzig.de/iiif/j2k/0000/0552/0000055238/00000001.jpx/full/,200/0/default.jpg"$"Komplett"$"Original"$"Standard"$"Einzelseite"$"01.01.2022"$"01.11.2023"$"Evangelisch-Lutherische Kirchgemeinde Annaberg-Buchholz, Kirchenbibliothek"$"https://d-nb.info/gnd/1026301912"$"Annaberg-Buchholz (Erzgebirge)"$"https://d-nb.info/gnd/4085813-3"$"Universitätsbibliothek Leipzig"$"https://d-nb.info/gnd/30026-3"$"Leipzig"$"https://d-nb.info/gnd/4035206-7"
"83"$"C 1165, Ansetzfalz hinten"$"https://iiif.ub.uni-leipzig.de/0000055239/manifest.json"$"https://nbn-resolving.org/urn:nbn:de:bsz:15-0026-571518"$"https://iiif.ub.uni-leipzig.de/iiif/j2k/0000/0552/0000055239/00000001.jpx/full/,200/0/default.jpg"$"Komplett"$"Original"$"Standard"$"Einzelseite"$"01.01.2022"$"01.11.2023"$"Evangelisch-Lutherische Kirchgemeinde Annaberg-Buchholz, Kirchenbibliothek"$"https://d-nb.info/gnd/1026301912"$"Annaberg-Buchholz (Erzgebirge)"$"https://d-nb.info/gnd/4085813-3"$"Universitätsbibliothek Leipzig"$"https://d-nb.info/gnd/30026-3"$"Leipzig"$"https://d-nb.info/gnd/4035206-7"
"84"$"C 1172, fliegendes Blatt"$"https://iiif.ub.uni-leipzig.de/0000055229/manifest.json"$"https://nbn-resolving.org/urn:nbn:de:bsz:15-0026-571416"$"https://iiif.ub.uni-leipzig.de/iiif/j2k/0000/0552/0000055229/00000001.jpx/full/,200/0/default.jpg"$"Komplett"$"Original"$"Standard"$"Einzelseite"$"01.01.2022"$"01.11.2023"$"Evangelisch-Lutherische Kirchgemeinde Annaberg-Buchholz, Kirchenbibliothek"$"https://d-nb.info/gnd/1026301912"$"Annaberg-Buchholz (Erzgebirge)"$"https://d-nb.info/gnd/4085813-3"$"Universitätsbibliothek Leipzig"$"https://d-nb.info/gnd/30026-3"$"Leipzig"$"https://d-nb.info/gnd/4035206-7"
"85"$"C 1174, Spiegel"$"https://iiif.ub.uni-leipzig.de/0000055167/manifest.json"$"https://nbn-resolving.org/urn:nbn:de:bsz:15-0026-570711"$"https://iiif.ub.uni-leipzig.de/iiif/j2k/0000/0551/0000055167/00000001.jpx/full/,200/0/default.jpg"$"Komplett"$"Original"$"Standard"$"Einzelseite"$"01.01.2022"$"01.11.2023"$"Evangelisch-Lutherische Kirchgemeinde Annaberg-Buchholz, Kirchenbibliothek"$"https://d-nb.info/gnd/1026301912"$"Annaberg-Buchholz (Erzgebirge)"$"https://d-nb.info/gnd/4085813-3"$"Universitätsbibliothek Leipzig"$"https://d-nb.info/gnd/30026-3"$"Leipzig"$"https://d-nb.info/gnd/4035206-7"
"86"$"C 1241, Ansetzfalz"$"https://iiif.ub.uni-leipzig.de/0000055169/manifest.json"$"https://nbn-resolving.org/urn:nbn:de:bsz:15-0026-570733"$"https://iiif.ub.uni-leipzig.de/iiif/j2k/0000/0551/0000055169/00000001.jpx/full/,200/0/default.jpg"$"Komplett"$"Original"$"Standard"$"Einzelseite"$"01.01.2022"$"01.11.2023"$"Evangelisch-Lutherische Kirchgemeinde Annaberg-Buchholz, Kirchenbibliothek"$"https://d-nb.info/gnd/1026301912"$"Annaberg-Buchholz (Erzgebirge)"$"https://d-nb.info/gnd/4085813-3"$"Universitätsbibliothek Leipzig"$"https://d-nb.info/gnd/30026-3"$"Leipzig"$"https://d-nb.info/gnd/4035206-7"
"87"$"C 1252, Spiegel und fliegendes Blatt"$"https://iiif.ub.uni-leipzig.de/0000055170/manifest.json"$"https://nbn-resolving.org/urn:nbn:de:bsz:15-0026-570745"$"https://iiif.ub.uni-leipzig.de/iiif/j2k/0000/0551/0000055170/00000001.jpx/full/,200/0/default.jpg"$"Komplett"$"Original"$"Standard"$"Einzelseite"$"01.01.2022"$"01.11.2023"$"Evangelisch-Lutherische Kirchgemeinde Annaberg-Buchholz, Kirchenbibliothek"$"https://d-nb.info/gnd/1026301912"$"Annaberg-Buchholz (Erzgebirge)"$"https://d-nb.info/gnd/4085813-3"$"Universitätsbibliothek Leipzig"$"https://d-nb.info/gnd/30026-3"$"Leipzig"$"https://d-nb.info/gnd/4035206-7"
"88"$"C 26, Spiegel"$"https://iiif.ub.uni-leipzig.de/0000055171/manifest.json"$"https://nbn-resolving.org/urn:nbn:de:bsz:15-0026-570757"$"https://iiif.ub.uni-leipzig.de/iiif/j2k/0000/0551/0000055171/00000001.jpx/full/,200/0/default.jpg"$"Komplett"$"Original"$"Standard"$"Einzelseite"$"01.05.2022"$"01.11.2023"$"Evangelisch-Lutherische Kirchgemeinde Annaberg-Buchholz, Kirchenbibliothek"$"https://d-nb.info/gnd/1026301912"$"Annaberg-Buchholz (Erzgebirge)"$"https://d-nb.info/gnd/4085813-3"$"Universitätsbibliothek Leipzig"$"https://d-nb.info/gnd/30026-3"$"Leipzig"$"https://d-nb.info/gnd/4035206-7"