"New Haven, Conn. "$"4117854-3"$"Beinecke Rare Book and Manuscript Library"$"1097100-2"$"Marston MS 53"
"New Haven, Conn. "$"4117854-3"$"Beinecke Rare Book and Manuscript Library"$"1097100-2"$"Marston MS 141"
"New Haven, Conn. "$"4117854-3"$"Beinecke Rare Book and Manuscript Library"$"1097100-2"$"Marston MS 140"
"New Haven, Conn. "$"4117854-3"$"Beinecke Rare Book and Manuscript Library"$"1097100-2"$"Marston MS 254"
"New Haven, Conn. "$"4117854-3"$"Beinecke Rare Book and Manuscript Library"$"1097100-2"$"Marston MS 273"
"New Haven, Conn. "$"4117854-3"$"Beinecke Rare Book and Manuscript Library"$"1097100-2"$"Mellon MS 2"
"New Haven, Conn. "$"4117854-3"$"Beinecke Rare Book and Manuscript Library"$"1097100-2"$"Mellon MS 9"
"New Haven, Conn. "$"4117854-3"$"Beinecke Rare Book and Manuscript Library"$"1097100-2"$"Mellon MS 15"
"New Haven, Conn. "$"4117854-3"$"Beinecke Rare Book and Manuscript Library"$"1097100-2"$"Mellon MS 16"
"New Haven, Conn. "$"4117854-3"$"Beinecke Rare Book and Manuscript Library"$"1097100-2"$"Mellon MS 20"
"New Haven, Conn. "$"4117854-3"$"Beinecke Rare Book and Manuscript Library"$"1097100-2"$"Mellon MS 27"
"New Haven, Conn. "$"4117854-3"$"Beinecke Rare Book and Manuscript Library"$"1097100-2"$"Mellon MS 30"
"New Haven, Conn. "$"4117854-3"$"Beinecke Rare Book and Manuscript Library"$"1097100-2"$"Mellon MS 38"
"New Haven, Conn. "$"4117854-3"$"Beinecke Rare Book and Manuscript Library"$"1097100-2"$"Mellon MS 40"
"New Haven, Conn. "$"4117854-3"$"Beinecke Rare Book and Manuscript Library"$"1097100-2"$"Mellon MS 44"
"New Haven, Conn. "$"4117854-3"$"Beinecke Rare Book and Manuscript Library"$"1097100-2"$"MS 24 (olim Z. 109.031)"$"MS 24"$"Z. 109.031"
"New Haven, Conn. "$"4117854-3"$"Beinecke Rare Book and Manuscript Library"$"1097100-2"$"MS 28 (olim Z. 111.10)"$"MS 28"$"Z. 111.10"
"New Haven, Conn. "$"4117854-3"$"Beinecke Rare Book and Manuscript Library"$"1097100-2"$"MS 31"
"New Haven, Conn. "$"4117854-3"$"Beinecke Rare Book and Manuscript Library"$"1097100-2"$"MS 99"
"New Haven, Conn. "$"4117854-3"$"Beinecke Rare Book and Manuscript Library"$"1097100-2"$"MS 122"
"New Haven, Conn. "$"4117854-3"$"Beinecke Rare Book and Manuscript Library"$"1097100-2"$"MS 134"
"New Haven, Conn. "$"4117854-3"$"Beinecke Rare Book and Manuscript Library"$"1097100-2"$"MS 174"
"New Haven, Conn. "$"4117854-3"$"Beinecke Rare Book and Manuscript Library"$"1097100-2"$"MS 193"
"New Haven, Conn. "$"4117854-3"$"Beinecke Rare Book and Manuscript Library"$"1097100-2"$"MS 196"
"New Haven, Conn. "$"4117854-3"$"Beinecke Rare Book and Manuscript Library"$"1097100-2"$"MS 205"
"New Haven, Conn. "$"4117854-3"$"Beinecke Rare Book and Manuscript Library"$"1097100-2"$"MS 218"
"New Haven, Conn. "$"4117854-3"$"Beinecke Rare Book and Manuscript Library"$"1097100-2"$"MS 219"
"New Haven, Conn. "$"4117854-3"$"Beinecke Rare Book and Manuscript Library"$"1097100-2"$"MS 224"
"New Haven, Conn. "$"4117854-3"$"Beinecke Rare Book and Manuscript Library"$"1097100-2"$"MS 383"
"New Haven, Conn. "$"4117854-3"$"Beinecke Rare Book and Manuscript Library"$"1097100-2"$"MS 404"
"New Haven, Conn. "$"4117854-3"$"Beinecke Rare Book and Manuscript Library"$"1097100-2"$"MS 421"
"New Haven, Conn. "$"4117854-3"$"Beinecke Rare Book and Manuscript Library"$"1097100-2"$"MS 439"
"New Haven, Conn. "$"4117854-3"$"Beinecke Rare Book and Manuscript Library"$"1097100-2"$"MS 481.77"
"New Haven, Conn. "$"4117854-3"$"Beinecke Rare Book and Manuscript Library"$"1097100-2"$"MS 481.96"
"New Haven, Conn. "$"4117854-3"$"Beinecke Rare Book and Manuscript Library"$"1097100-2"$"MS 481.113"
"New Haven, Conn. "$"4117854-3"$"Beinecke Rare Book and Manuscript Library"$"1097100-2"$"MS 482.100"
"New Haven, Conn. "$"4117854-3"$"Beinecke Rare Book and Manuscript Library"$"1097100-2"$"MS 482.106"
"New Haven, Conn. "$"4117854-3"$"Beinecke Rare Book and Manuscript Library"$"1097100-2"$"MS 482.114"
"New Haven, Conn. "$"4117854-3"$"Beinecke Rare Book and Manuscript Library"$"1097100-2"$"MS 486"
"New Haven, Conn. "$"4117854-3"$"Beinecke Rare Book and Manuscript Library"$"1097100-2"$"MS 487"
"New Haven, Conn. "$"4117854-3"$"Beinecke Rare Book and Manuscript Library"$"1097100-2"$"MS 574"
"New Haven, Conn. "$"4117854-3"$"Beinecke Rare Book and Manuscript Library"$"1097100-2"$"MS 650"
"New Haven, Conn. "$"4117854-3"$"Beinecke Rare Book and Manuscript Library"$"1097100-2"$"MS 652"
"New Haven, Conn. "$"4117854-3"$"Beinecke Rare Book and Manuscript Library"$"1097100-2"$"MS 653"
"New Haven, Conn. "$"4117854-3"$"Beinecke Rare Book and Manuscript Library"$"1097100-2"$"MS 654"
"New Haven, Conn. "$"4117854-3"$"Beinecke Rare Book and Manuscript Library"$"1097100-2"$"MS 698"
"New Haven, Conn. "$"4117854-3"$"Beinecke Rare Book and Manuscript Library"$"1097100-2"$"MS 702"
"New Haven, Conn. "$"4117854-3"$"Beinecke Rare Book and Manuscript Library"$"1097100-2"$"MS 734"
"New Haven, Conn. "$"4117854-3"$"Beinecke Rare Book and Manuscript Library"$"1097100-2"$"MS 745, Folder 1"$"MS 745"
"New Haven, Conn. "$"4117854-3"$"Beinecke Rare Book and Manuscript Library"$"1097100-2"$"MS 745, Folder 2"$"MS 745"
"New Haven, Conn. "$"4117854-3"$"Beinecke Rare Book and Manuscript Library"$"1097100-2"$"MS 745, Folder 3"$"MS 745"
"New Haven, Conn. "$"4117854-3"$"Beinecke Rare Book and Manuscript Library"$"1097100-2"$"MS 745, Folder 4"$"MS 745"
"New Haven, Conn. "$"4117854-3"$"Beinecke Rare Book and Manuscript Library"$"1097100-2"$"MS 745, Folder 5"$"MS 745"
"New Haven, Conn. "$"4117854-3"$"Beinecke Rare Book and Manuscript Library"$"1097100-2"$"MS 745, Folder 6"$"MS 745"
"New Haven, Conn. "$"4117854-3"$"Beinecke Rare Book and Manuscript Library"$"1097100-2"$"MS 745, Folder 7"$"MS 745"
"New Haven, Conn. "$"4117854-3"$"Beinecke Rare Book and Manuscript Library"$"1097100-2"$"MS 745, Folder 8"$"MS 745"
"New Haven, Conn. "$"4117854-3"$"Beinecke Rare Book and Manuscript Library"$"1097100-2"$"MS 745, Folder 9"$"MS 745"
"New Haven, Conn. "$"4117854-3"$"Beinecke Rare Book and Manuscript Library"$"1097100-2"$"MS 745, Folder 10"$"MS 745"
"New Haven, Conn. "$"4117854-3"$"Beinecke Rare Book and Manuscript Library"$"1097100-2"$"MS 745, Folder 11"$"MS 745"
"New Haven, Conn. "$"4117854-3"$"Beinecke Rare Book and Manuscript Library"$"1097100-2"$"MS 760"
"New Haven, Conn. "$"4117854-3"$"Beinecke Rare Book and Manuscript Library"$"1097100-2"$"MS 885"
"New Haven, Conn. "$"4117854-3"$"Beinecke Rare Book and Manuscript Library"$"1097100-2"$"MS 908"
"New Haven, Conn. "$"4117854-3"$"Beinecke Rare Book and Manuscript Library"$"1097100-2"$"MS 936"
"New Haven, Conn. "$"4117854-3"$"Beinecke Rare Book and Manuscript Library"$"1097100-2"$"MS 937"
"New Haven, Conn. "$"4117854-3"$"Beinecke Rare Book and Manuscript Library"$"1097100-2"$"MS 961"
"New Haven, Conn. "$"4117854-3"$"Beinecke Rare Book and Manuscript Library"$"1097100-2"$"MS 975"
"New Haven, Conn. "$"4117854-3"$"Beinecke Rare Book and Manuscript Library"$"1097100-2"$"MS 968"
"New Haven, Conn. "$"4117854-3"$"Beinecke Rare Book and Manuscript Library"$"1097100-2"$"MS 1018"
"New Haven, Conn. "$"4117854-3"$"Beinecke Rare Book and Manuscript Library"$"1097100-2"$"MS 1024"
"New Haven, Conn. "$"4117854-3"$"Beinecke Rare Book and Manuscript Library"$"1097100-2"$"MS 1044"
"New Haven, Conn. "$"4117854-3"$"Beinecke Rare Book and Manuscript Library"$"1097100-2"$"MS 1129"
"New Haven, Conn. "$"4117854-3"$"Beinecke Rare Book and Manuscript Library"$"1097100-2"$"MS 1130"
"New Haven, Conn. "$"4117854-3"$"Beinecke Rare Book and Manuscript Library"$"1097100-2"$"MS 1134"
"New Haven, Conn. "$"4117854-3"$"Beinecke Rare Book and Manuscript Library"$"1097100-2"$"Music Deposit 60"
"New Haven, Conn. "$"4117854-3"$"Beinecke Rare Book and Manuscript Library"$"1097100-2"$"Music Deposit 61"
