"Rostock"$"4050610-1"$"Universitätsbibliothek Rostock"$"25968-8"$"Ff-1363.1"$"Ff-1363¹"$"Ff-1363,1"
"Rostock"$"4050610-1"$"Universitätsbibliothek Rostock"$"25968-8"$"Fl-46.1"$"Fl-46"
"Rostock"$"4050610-1"$"Universitätsbibliothek Rostock"$"25968-8"$"Fl-63.2"$"Fl-63"
"Rostock"$"4050610-1"$"Universitätsbibliothek Rostock"$"25968-8"$"Fl-65.3"$"Fl-65"
"Rostock"$"4050610-1"$"Universitätsbibliothek Rostock"$"25968-8"$"Fl-81.2"$"Fl-81"
"Rostock"$"4050610-1"$"Universitätsbibliothek Rostock"$"25968-8"$"Fragm. histor. 1"
"Rostock"$"4050610-1"$"Universitätsbibliothek Rostock"$"25968-8"$"Fragm. histor. 2"
"Rostock"$"4050610-1"$"Universitätsbibliothek Rostock"$"25968-8"$"Fragm. histor. 3"
"Rostock"$"4050610-1"$"Universitätsbibliothek Rostock"$"25968-8"$"Fragm. histor. 4"
"Rostock"$"4050610-1"$"Universitätsbibliothek Rostock"$"25968-8"$"Fragm. histor. 5"
"Rostock"$"4050610-1"$"Universitätsbibliothek Rostock"$"25968-8"$"Fragm. histor. 6"
"Rostock"$"4050610-1"$"Universitätsbibliothek Rostock"$"25968-8"$"Fragm. jur. 1"
"Rostock"$"4050610-1"$"Universitätsbibliothek Rostock"$"25968-8"$"Fragm. jur. 2"
"Rostock"$"4050610-1"$"Universitätsbibliothek Rostock"$"25968-8"$"Fragm. jur. 3"
"Rostock"$"4050610-1"$"Universitätsbibliothek Rostock"$"25968-8"$"Fragm. jur. 4"
"Rostock"$"4050610-1"$"Universitätsbibliothek Rostock"$"25968-8"$"Fragm. jur. 5"
"Rostock"$"4050610-1"$"Universitätsbibliothek Rostock"$"25968-8"$"Fragm. jur. 6"
"Rostock"$"4050610-1"$"Universitätsbibliothek Rostock"$"25968-8"$"Fragm. jur. 7"
"Rostock"$"4050610-1"$"Universitätsbibliothek Rostock"$"25968-8"$"Fragm. jur. 8"
"Rostock"$"4050610-1"$"Universitätsbibliothek Rostock"$"25968-8"$"Fragm. jur. 9"
"Rostock"$"4050610-1"$"Universitätsbibliothek Rostock"$"25968-8"$"Fragm. jur. 10"
"Rostock"$"4050610-1"$"Universitätsbibliothek Rostock"$"25968-8"$"Fragm. jur. 11"
"Rostock"$"4050610-1"$"Universitätsbibliothek Rostock"$"25968-8"$"Fragm. jur. 12"
"Rostock"$"4050610-1"$"Universitätsbibliothek Rostock"$"25968-8"$"Fragm. jur. 13"
"Rostock"$"4050610-1"$"Universitätsbibliothek Rostock"$"25968-8"$"Fragm. jur. 14"
"Rostock"$"4050610-1"$"Universitätsbibliothek Rostock"$"25968-8"$"Fragm. jur. 15"
"Rostock"$"4050610-1"$"Universitätsbibliothek Rostock"$"25968-8"$"Fragm. jur. 16"
"Rostock"$"4050610-1"$"Universitätsbibliothek Rostock"$"25968-8"$"Fragm. jur. 17"
"Rostock"$"4050610-1"$"Universitätsbibliothek Rostock"$"25968-8"$"Fragm. jur. 18"
"Rostock"$"4050610-1"$"Universitätsbibliothek Rostock"$"25968-8"$"Fragm. jur. 19"
"Rostock"$"4050610-1"$"Universitätsbibliothek Rostock"$"25968-8"$"Fragm. jur. 20"
"Rostock"$"4050610-1"$"Universitätsbibliothek Rostock"$"25968-8"$"Fragm. jur. 21"
"Rostock"$"4050610-1"$"Universitätsbibliothek Rostock"$"25968-8"$"Fragm. jur. 22"
"Rostock"$"4050610-1"$"Universitätsbibliothek Rostock"$"25968-8"$"Fragm. jur. 23"
"Rostock"$"4050610-1"$"Universitätsbibliothek Rostock"$"25968-8"$"Fragm. jur. 24"
"Rostock"$"4050610-1"$"Universitätsbibliothek Rostock"$"25968-8"$"Fragm. jur. 25"
"Rostock"$"4050610-1"$"Universitätsbibliothek Rostock"$"25968-8"$"Fragm. jur. 26"
"Rostock"$"4050610-1"$"Universitätsbibliothek Rostock"$"25968-8"$"Fragm. jur. 27"
"Rostock"$"4050610-1"$"Universitätsbibliothek Rostock"$"25968-8"$"Fragm. jur. 28"
"Rostock"$"4050610-1"$"Universitätsbibliothek Rostock"$"25968-8"$"Fragm. jur. 29"
"Rostock"$"4050610-1"$"Universitätsbibliothek Rostock"$"25968-8"$"Fragm. jur. 30"
"Rostock"$"4050610-1"$"Universitätsbibliothek Rostock"$"25968-8"$"Fragm. jur. 31"
"Rostock"$"4050610-1"$"Universitätsbibliothek Rostock"$"25968-8"$"Fragm. jur. 32"
"Rostock"$"4050610-1"$"Universitätsbibliothek Rostock"$"25968-8"$"Fragm. jur. 33"
"Rostock"$"4050610-1"$"Universitätsbibliothek Rostock"$"25968-8"$"Fragm. jur. 34"
"Rostock"$"4050610-1"$"Universitätsbibliothek Rostock"$"25968-8"$"Fragm. jur. 35"
"Rostock"$"4050610-1"$"Universitätsbibliothek Rostock"$"25968-8"$"Fragm. jur. 36"
"Rostock"$"4050610-1"$"Universitätsbibliothek Rostock"$"25968-8"$"Fragm. jur. 37"
"Rostock"$"4050610-1"$"Universitätsbibliothek Rostock"$"25968-8"$"Fragm. jur. 38"
"Rostock"$"4050610-1"$"Universitätsbibliothek Rostock"$"25968-8"$"Fragm. jur. 39"
"Rostock"$"4050610-1"$"Universitätsbibliothek Rostock"$"25968-8"$"Fragm. jur. 40"
"Rostock"$"4050610-1"$"Universitätsbibliothek Rostock"$"25968-8"$"Fragm. jur. 41"
"Rostock"$"4050610-1"$"Universitätsbibliothek Rostock"$"25968-8"$"Fragm. jur. 42"
"Rostock"$"4050610-1"$"Universitätsbibliothek Rostock"$"25968-8"$"Fragm. jur. 43"
"Rostock"$"4050610-1"$"Universitätsbibliothek Rostock"$"25968-8"$"Fragm. jur. 44"
"Rostock"$"4050610-1"$"Universitätsbibliothek Rostock"$"25968-8"$"Fragm. jur. 45"
"Rostock"$"4050610-1"$"Universitätsbibliothek Rostock"$"25968-8"$"Fragm. jur. 46"
"Rostock"$"4050610-1"$"Universitätsbibliothek Rostock"$"25968-8"$"Fragm. jur. 47"
"Rostock"$"4050610-1"$"Universitätsbibliothek Rostock"$"25968-8"$"Fragm. jur. 48"
"Rostock"$"4050610-1"$"Universitätsbibliothek Rostock"$"25968-8"$"Fragm. jur. 49"
"Rostock"$"4050610-1"$"Universitätsbibliothek Rostock"$"25968-8"$"Fragm. jur. 50"
"Rostock"$"4050610-1"$"Universitätsbibliothek Rostock"$"25968-8"$"Fragm. jur. 51"
"Rostock"$"4050610-1"$"Universitätsbibliothek Rostock"$"25968-8"$"Fragm. jur. 52"
"Rostock"$"4050610-1"$"Universitätsbibliothek Rostock"$"25968-8"$"Fragm. jur. 53"
"Rostock"$"4050610-1"$"Universitätsbibliothek Rostock"$"25968-8"$"Fragm. jur. 54"
"Rostock"$"4050610-1"$"Universitätsbibliothek Rostock"$"25968-8"$"Fragm. jur. 55"
"Rostock"$"4050610-1"$"Universitätsbibliothek Rostock"$"25968-8"$"Fragm. math.-phys. 1"
"Rostock"$"4050610-1"$"Universitätsbibliothek Rostock"$"25968-8"$"Fragm. math.-phys. 2"
"Rostock"$"4050610-1"$"Universitätsbibliothek Rostock"$"25968-8"$"Fragm. math.-phys. 3"
"Rostock"$"4050610-1"$"Universitätsbibliothek Rostock"$"25968-8"$"Fragm. meckl. 1"
"Rostock"$"4050610-1"$"Universitätsbibliothek Rostock"$"25968-8"$"Fragm. med. 1"
"Rostock"$"4050610-1"$"Universitätsbibliothek Rostock"$"25968-8"$"Fragm. med. 2"
"Rostock"$"4050610-1"$"Universitätsbibliothek Rostock"$"25968-8"$"Fragm. philol. 1"
"Rostock"$"4050610-1"$"Universitätsbibliothek Rostock"$"25968-8"$"Fragm. philol. 2"
"Rostock"$"4050610-1"$"Universitätsbibliothek Rostock"$"25968-8"$"Fragm. philol. 3"
"Rostock"$"4050610-1"$"Universitätsbibliothek Rostock"$"25968-8"$"Fragm. philol. 4"
"Rostock"$"4050610-1"$"Universitätsbibliothek Rostock"$"25968-8"$"Fragm. philol. 5"
"Rostock"$"4050610-1"$"Universitätsbibliothek Rostock"$"25968-8"$"Fragm. philol. 6"
"Rostock"$"4050610-1"$"Universitätsbibliothek Rostock"$"25968-8"$"Fragm. philol. 7"
"Rostock"$"4050610-1"$"Universitätsbibliothek Rostock"$"25968-8"$"Fragm. philol. 8"
"Rostock"$"4050610-1"$"Universitätsbibliothek Rostock"$"25968-8"$"Fragm. philol. 9"
"Rostock"$"4050610-1"$"Universitätsbibliothek Rostock"$"25968-8"$"Fragm. philol. 10"
"Rostock"$"4050610-1"$"Universitätsbibliothek Rostock"$"25968-8"$"Fragm. philol. 11"
"Rostock"$"4050610-1"$"Universitätsbibliothek Rostock"$"25968-8"$"Fragm. philol. 12"
"Rostock"$"4050610-1"$"Universitätsbibliothek Rostock"$"25968-8"$"Fragm. philol. 13"
"Rostock"$"4050610-1"$"Universitätsbibliothek Rostock"$"25968-8"$"Fragm. philol. 14"
"Rostock"$"4050610-1"$"Universitätsbibliothek Rostock"$"25968-8"$"Fragm. philol. 15"
"Rostock"$"4050610-1"$"Universitätsbibliothek Rostock"$"25968-8"$"Fragm. philol. 16"
"Rostock"$"4050610-1"$"Universitätsbibliothek Rostock"$"25968-8"$"Fragm. philol. 17"
"Rostock"$"4050610-1"$"Universitätsbibliothek Rostock"$"25968-8"$"Fragm. philol. 18"
"Rostock"$"4050610-1"$"Universitätsbibliothek Rostock"$"25968-8"$"Fragm. philol. 19"
"Rostock"$"4050610-1"$"Universitätsbibliothek Rostock"$"25968-8"$"Fragm. philol. 20"
"Rostock"$"4050610-1"$"Universitätsbibliothek Rostock"$"25968-8"$"Fragm. philol. 21"
"Rostock"$"4050610-1"$"Universitätsbibliothek Rostock"$"25968-8"$"Fragm. philol. 22"
"Rostock"$"4050610-1"$"Universitätsbibliothek Rostock"$"25968-8"$"Fragm. philol. 23"
"Rostock"$"4050610-1"$"Universitätsbibliothek Rostock"$"25968-8"$"Fragm. philol. 24"
"Rostock"$"4050610-1"$"Universitätsbibliothek Rostock"$"25968-8"$"Fragm. philol. 25"
"Rostock"$"4050610-1"$"Universitätsbibliothek Rostock"$"25968-8"$"Fragm. philol. 26"
"Rostock"$"4050610-1"$"Universitätsbibliothek Rostock"$"25968-8"$"Fragm. philol. 27"
"Rostock"$"4050610-1"$"Universitätsbibliothek Rostock"$"25968-8"$"Fragm. philol. 28"
"Rostock"$"4050610-1"$"Universitätsbibliothek Rostock"$"25968-8"$"Fragm. philol. 29"
"Rostock"$"4050610-1"$"Universitätsbibliothek Rostock"$"25968-8"$"Fragm. philol. 30"
"Rostock"$"4050610-1"$"Universitätsbibliothek Rostock"$"25968-8"$"Fragm. philol. 31"
"Rostock"$"4050610-1"$"Universitätsbibliothek Rostock"$"25968-8"$"Fragm. philol. 32"
"Rostock"$"4050610-1"$"Universitätsbibliothek Rostock"$"25968-8"$"Fragm. philol. 33"
"Rostock"$"4050610-1"$"Universitätsbibliothek Rostock"$"25968-8"$"Fragm. philol. 34"
"Rostock"$"4050610-1"$"Universitätsbibliothek Rostock"$"25968-8"$"Fragm. philol. 35"
"Rostock"$"4050610-1"$"Universitätsbibliothek Rostock"$"25968-8"$"Fragm. philol. 36"
"Rostock"$"4050610-1"$"Universitätsbibliothek Rostock"$"25968-8"$"Fragm. philol. 37"
"Rostock"$"4050610-1"$"Universitätsbibliothek Rostock"$"25968-8"$"Fragm. philol. 38"
"Rostock"$"4050610-1"$"Universitätsbibliothek Rostock"$"25968-8"$"Fragm. philol. 39"
"Rostock"$"4050610-1"$"Universitätsbibliothek Rostock"$"25968-8"$"Fragm. philol. 40"
"Rostock"$"4050610-1"$"Universitätsbibliothek Rostock"$"25968-8"$"Fragm. philol. 41"
"Rostock"$"4050610-1"$"Universitätsbibliothek Rostock"$"25968-8"$"Fragm. philol. 42"
"Rostock"$"4050610-1"$"Universitätsbibliothek Rostock"$"25968-8"$"Fragm. philol. 43"
"Rostock"$"4050610-1"$"Universitätsbibliothek Rostock"$"25968-8"$"Fragm. philol. 44"
"Rostock"$"4050610-1"$"Universitätsbibliothek Rostock"$"25968-8"$"Fragm. philol. 45"
"Rostock"$"4050610-1"$"Universitätsbibliothek Rostock"$"25968-8"$"Fragm. philol. 46"
"Rostock"$"4050610-1"$"Universitätsbibliothek Rostock"$"25968-8"$"Fragm. philol. 47"
"Rostock"$"4050610-1"$"Universitätsbibliothek Rostock"$"25968-8"$"Fragm. philol. 48"
"Rostock"$"4050610-1"$"Universitätsbibliothek Rostock"$"25968-8"$"Fragm. philol. 49"
"Rostock"$"4050610-1"$"Universitätsbibliothek Rostock"$"25968-8"$"Fragm. philol. 50"
"Rostock"$"4050610-1"$"Universitätsbibliothek Rostock"$"25968-8"$"Fragm. theol. 1"
"Rostock"$"4050610-1"$"Universitätsbibliothek Rostock"$"25968-8"$"Fragm. theol. 2"
"Rostock"$"4050610-1"$"Universitätsbibliothek Rostock"$"25968-8"$"Fragm. theol. 3"
"Rostock"$"4050610-1"$"Universitätsbibliothek Rostock"$"25968-8"$"Fragm. theol. 4"
"Rostock"$"4050610-1"$"Universitätsbibliothek Rostock"$"25968-8"$"Fragm. theol. 5"
"Rostock"$"4050610-1"$"Universitätsbibliothek Rostock"$"25968-8"$"Fragm. theol. 6"
"Rostock"$"4050610-1"$"Universitätsbibliothek Rostock"$"25968-8"$"Fragm. theol. 7"
"Rostock"$"4050610-1"$"Universitätsbibliothek Rostock"$"25968-8"$"Fragm. theol. 8"$"Fragm. theol. 8 in: Fd-224"
"Rostock"$"4050610-1"$"Universitätsbibliothek Rostock"$"25968-8"$"Fragm. theol. 9"
"Rostock"$"4050610-1"$"Universitätsbibliothek Rostock"$"25968-8"$"Fragm. theol. 10"
"Rostock"$"4050610-1"$"Universitätsbibliothek Rostock"$"25968-8"$"Fragm. theol. 11"
"Rostock"$"4050610-1"$"Universitätsbibliothek Rostock"$"25968-8"$"Fragm. theol. 12"
"Rostock"$"4050610-1"$"Universitätsbibliothek Rostock"$"25968-8"$"Fragm. theol. 13"
"Rostock"$"4050610-1"$"Universitätsbibliothek Rostock"$"25968-8"$"Fragm. theol. 14"
"Rostock"$"4050610-1"$"Universitätsbibliothek Rostock"$"25968-8"$"Fragm. theol. 15"
"Rostock"$"4050610-1"$"Universitätsbibliothek Rostock"$"25968-8"$"Fragm. theol. 16"
"Rostock"$"4050610-1"$"Universitätsbibliothek Rostock"$"25968-8"$"Fragm. theol. 17"
"Rostock"$"4050610-1"$"Universitätsbibliothek Rostock"$"25968-8"$"Fragm. theol. 18"
"Rostock"$"4050610-1"$"Universitätsbibliothek Rostock"$"25968-8"$"Fragm. theol. 19"
"Rostock"$"4050610-1"$"Universitätsbibliothek Rostock"$"25968-8"$"Fragm. theol. 20"
"Rostock"$"4050610-1"$"Universitätsbibliothek Rostock"$"25968-8"$"Fragm. theol. 21"
"Rostock"$"4050610-1"$"Universitätsbibliothek Rostock"$"25968-8"$"Fragm. theol. 22"
"Rostock"$"4050610-1"$"Universitätsbibliothek Rostock"$"25968-8"$"Fragm. theol. 23"
"Rostock"$"4050610-1"$"Universitätsbibliothek Rostock"$"25968-8"$"Fragm. theol. 24"
"Rostock"$"4050610-1"$"Universitätsbibliothek Rostock"$"25968-8"$"Fragm. theol. 25"
"Rostock"$"4050610-1"$"Universitätsbibliothek Rostock"$"25968-8"$"Fragm. theol. 26"
"Rostock"$"4050610-1"$"Universitätsbibliothek Rostock"$"25968-8"$"Fragm. theol. 27"
"Rostock"$"4050610-1"$"Universitätsbibliothek Rostock"$"25968-8"$"Fragm. theol. 28"
"Rostock"$"4050610-1"$"Universitätsbibliothek Rostock"$"25968-8"$"Fragm. theol. 29"
"Rostock"$"4050610-1"$"Universitätsbibliothek Rostock"$"25968-8"$"Fragm. theol. 30"
"Rostock"$"4050610-1"$"Universitätsbibliothek Rostock"$"25968-8"$"Fragm. theol. 31"
"Rostock"$"4050610-1"$"Universitätsbibliothek Rostock"$"25968-8"$"Fragm. theol. 32"
"Rostock"$"4050610-1"$"Universitätsbibliothek Rostock"$"25968-8"$"Fragm. theol. 33"
"Rostock"$"4050610-1"$"Universitätsbibliothek Rostock"$"25968-8"$"Fragm. theol. 34"
"Rostock"$"4050610-1"$"Universitätsbibliothek Rostock"$"25968-8"$"Fragm. theol. 35"
"Rostock"$"4050610-1"$"Universitätsbibliothek Rostock"$"25968-8"$"Fragm. theol. 36"
"Rostock"$"4050610-1"$"Universitätsbibliothek Rostock"$"25968-8"$"Fragm. theol. 37"
"Rostock"$"4050610-1"$"Universitätsbibliothek Rostock"$"25968-8"$"Fragm. theol. 38"
"Rostock"$"4050610-1"$"Universitätsbibliothek Rostock"$"25968-8"$"Fragm. theol. 39"
"Rostock"$"4050610-1"$"Universitätsbibliothek Rostock"$"25968-8"$"Fragm. theol. 40"
"Rostock"$"4050610-1"$"Universitätsbibliothek Rostock"$"25968-8"$"Fragm. theol. 41"
"Rostock"$"4050610-1"$"Universitätsbibliothek Rostock"$"25968-8"$"Fragm. theol. 42"
"Rostock"$"4050610-1"$"Universitätsbibliothek Rostock"$"25968-8"$"Fragm. theol. 43"
"Rostock"$"4050610-1"$"Universitätsbibliothek Rostock"$"25968-8"$"Fragm. theol. 44"
"Rostock"$"4050610-1"$"Universitätsbibliothek Rostock"$"25968-8"$"Fragm. theol. 45"
"Rostock"$"4050610-1"$"Universitätsbibliothek Rostock"$"25968-8"$"Fragm. theol. 46"
"Rostock"$"4050610-1"$"Universitätsbibliothek Rostock"$"25968-8"$"Fragm. theol. 47"
"Rostock"$"4050610-1"$"Universitätsbibliothek Rostock"$"25968-8"$"Fragm. theol. 48"
"Rostock"$"4050610-1"$"Universitätsbibliothek Rostock"$"25968-8"$"Fragm. theol. 49"
"Rostock"$"4050610-1"$"Universitätsbibliothek Rostock"$"25968-8"$"Fragm. theol. 50"
"Rostock"$"4050610-1"$"Universitätsbibliothek Rostock"$"25968-8"$"Fragm. theol. 51"
"Rostock"$"4050610-1"$"Universitätsbibliothek Rostock"$"25968-8"$"Fragm. theol. 52"
"Rostock"$"4050610-1"$"Universitätsbibliothek Rostock"$"25968-8"$"Fragm. theol. 53"
"Rostock"$"4050610-1"$"Universitätsbibliothek Rostock"$"25968-8"$"Fragm. theol. 54"
"Rostock"$"4050610-1"$"Universitätsbibliothek Rostock"$"25968-8"$"Fragm. theol. 55"
"Rostock"$"4050610-1"$"Universitätsbibliothek Rostock"$"25968-8"$"Fragm. theol. 56"
"Rostock"$"4050610-1"$"Universitätsbibliothek Rostock"$"25968-8"$"Fragm. theol. 57"
"Rostock"$"4050610-1"$"Universitätsbibliothek Rostock"$"25968-8"$"Fragm. theol. 58"
"Rostock"$"4050610-1"$"Universitätsbibliothek Rostock"$"25968-8"$"Fragm. theol. 59"
"Rostock"$"4050610-1"$"Universitätsbibliothek Rostock"$"25968-8"$"Fragm. theol. 60"
"Rostock"$"4050610-1"$"Universitätsbibliothek Rostock"$"25968-8"$"Fragm. theol. 61"
"Rostock"$"4050610-1"$"Universitätsbibliothek Rostock"$"25968-8"$"Fragm. theol. 62"
"Rostock"$"4050610-1"$"Universitätsbibliothek Rostock"$"25968-8"$"Fragm. theol. 63"
"Rostock"$"4050610-1"$"Universitätsbibliothek Rostock"$"25968-8"$"Fragm. theol. 64"
"Rostock"$"4050610-1"$"Universitätsbibliothek Rostock"$"25968-8"$"Fragm. theol. 65"
"Rostock"$"4050610-1"$"Universitätsbibliothek Rostock"$"25968-8"$"Fragm. theol. 66"
"Rostock"$"4050610-1"$"Universitätsbibliothek Rostock"$"25968-8"$"Fragm. theol. 67"
"Rostock"$"4050610-1"$"Universitätsbibliothek Rostock"$"25968-8"$"Fragm. theol. 68"
"Rostock"$"4050610-1"$"Universitätsbibliothek Rostock"$"25968-8"$"Fragm. theol. 69"
"Rostock"$"4050610-1"$"Universitätsbibliothek Rostock"$"25968-8"$"Fragm. theol. 70"
"Rostock"$"4050610-1"$"Universitätsbibliothek Rostock"$"25968-8"$"Fragm. theol. 71"
"Rostock"$"4050610-1"$"Universitätsbibliothek Rostock"$"25968-8"$"Fragm. theol. 72"
"Rostock"$"4050610-1"$"Universitätsbibliothek Rostock"$"25968-8"$"Fragm. theol. 73"
"Rostock"$"4050610-1"$"Universitätsbibliothek Rostock"$"25968-8"$"Fragm. theol. 74"
"Rostock"$"4050610-1"$"Universitätsbibliothek Rostock"$"25968-8"$"Fragm. theol. 75"
"Rostock"$"4050610-1"$"Universitätsbibliothek Rostock"$"25968-8"$"Fragm. theol. 76"
"Rostock"$"4050610-1"$"Universitätsbibliothek Rostock"$"25968-8"$"Fragm. theol. 77"
"Rostock"$"4050610-1"$"Universitätsbibliothek Rostock"$"25968-8"$"Fragm. theol. 78"
"Rostock"$"4050610-1"$"Universitätsbibliothek Rostock"$"25968-8"$"Fragm. theol. 79"
"Rostock"$"4050610-1"$"Universitätsbibliothek Rostock"$"25968-8"$"Fragm. theol. 80"
"Rostock"$"4050610-1"$"Universitätsbibliothek Rostock"$"25968-8"$"Fragm. theol. 81"
"Rostock"$"4050610-1"$"Universitätsbibliothek Rostock"$"25968-8"$"Fragm. theol. 82"
"Rostock"$"4050610-1"$"Universitätsbibliothek Rostock"$"25968-8"$"Fragm. theol. 83"
"Rostock"$"4050610-1"$"Universitätsbibliothek Rostock"$"25968-8"$"Fragm. theol. 84"
"Rostock"$"4050610-1"$"Universitätsbibliothek Rostock"$"25968-8"$"Fragm. theol. 85"
"Rostock"$"4050610-1"$"Universitätsbibliothek Rostock"$"25968-8"$"Fragm. theol. 86"
"Rostock"$"4050610-1"$"Universitätsbibliothek Rostock"$"25968-8"$"Fragm. theol. 87"
"Rostock"$"4050610-1"$"Universitätsbibliothek Rostock"$"25968-8"$"Fragm. theol. 88"
"Rostock"$"4050610-1"$"Universitätsbibliothek Rostock"$"25968-8"$"Fragm. theol. 89"
"Rostock"$"4050610-1"$"Universitätsbibliothek Rostock"$"25968-8"$"Fragm. theol. 90"
"Rostock"$"4050610-1"$"Universitätsbibliothek Rostock"$"25968-8"$"Fragm. theol. 91"
"Rostock"$"4050610-1"$"Universitätsbibliothek Rostock"$"25968-8"$"Fragm. theol. 92"
"Rostock"$"4050610-1"$"Universitätsbibliothek Rostock"$"25968-8"$"Fragm. theol. 93"
"Rostock"$"4050610-1"$"Universitätsbibliothek Rostock"$"25968-8"$"Fragm. theol. 94"
"Rostock"$"4050610-1"$"Universitätsbibliothek Rostock"$"25968-8"$"Fragm. theol. 95"
"Rostock"$"4050610-1"$"Universitätsbibliothek Rostock"$"25968-8"$"Fragm. theol. 96"
"Rostock"$"4050610-1"$"Universitätsbibliothek Rostock"$"25968-8"$"Fragm. theol. 97"
"Rostock"$"4050610-1"$"Universitätsbibliothek Rostock"$"25968-8"$"Fragm. theol. 98"
"Rostock"$"4050610-1"$"Universitätsbibliothek Rostock"$"25968-8"$"Fragm. theol. 99"
"Rostock"$"4050610-1"$"Universitätsbibliothek Rostock"$"25968-8"$"Fragm. theol. 100"
"Rostock"$"4050610-1"$"Universitätsbibliothek Rostock"$"25968-8"$"Fragm. theol. 101"
"Rostock"$"4050610-1"$"Universitätsbibliothek Rostock"$"25968-8"$"Fragm. theol. 102"
"Rostock"$"4050610-1"$"Universitätsbibliothek Rostock"$"25968-8"$"Fragm. theol. 103"
"Rostock"$"4050610-1"$"Universitätsbibliothek Rostock"$"25968-8"$"Fragm. theol. 104"
"Rostock"$"4050610-1"$"Universitätsbibliothek Rostock"$"25968-8"$"Fragm. theol. 105"
"Rostock"$"4050610-1"$"Universitätsbibliothek Rostock"$"25968-8"$"Fragm. theol. 106"
"Rostock"$"4050610-1"$"Universitätsbibliothek Rostock"$"25968-8"$"Fragm. theol. 107"
"Rostock"$"4050610-1"$"Universitätsbibliothek Rostock"$"25968-8"$"Fragm. theol. 108"
"Rostock"$"4050610-1"$"Universitätsbibliothek Rostock"$"25968-8"$"Fragm. theol. 109"
"Rostock"$"4050610-1"$"Universitätsbibliothek Rostock"$"25968-8"$"Fragm. theol. 110"
"Rostock"$"4050610-1"$"Universitätsbibliothek Rostock"$"25968-8"$"Fragm. theol. 111"
"Rostock"$"4050610-1"$"Universitätsbibliothek Rostock"$"25968-8"$"Fragm. theol. 112"
"Rostock"$"4050610-1"$"Universitätsbibliothek Rostock"$"25968-8"$"Fragm. theol. 113"
"Rostock"$"4050610-1"$"Universitätsbibliothek Rostock"$"25968-8"$"Fragm. theol. 114"
"Rostock"$"4050610-1"$"Universitätsbibliothek Rostock"$"25968-8"$"Fragm. theol. 115"
"Rostock"$"4050610-1"$"Universitätsbibliothek Rostock"$"25968-8"$"Fragm. theol. 116"
"Rostock"$"4050610-1"$"Universitätsbibliothek Rostock"$"25968-8"$"Fragm. theol. 117"
"Rostock"$"4050610-1"$"Universitätsbibliothek Rostock"$"25968-8"$"Fragm. theol. 118"
"Rostock"$"4050610-1"$"Universitätsbibliothek Rostock"$"25968-8"$"Fragm. theol. 119"
"Rostock"$"4050610-1"$"Universitätsbibliothek Rostock"$"25968-8"$"Fragm. theol. 120"
"Rostock"$"4050610-1"$"Universitätsbibliothek Rostock"$"25968-8"$"Fragm. theol. 121"
"Rostock"$"4050610-1"$"Universitätsbibliothek Rostock"$"25968-8"$"Fragm. theol. 122"
"Rostock"$"4050610-1"$"Universitätsbibliothek Rostock"$"25968-8"$"Fragm. theol. 123"
"Rostock"$"4050610-1"$"Universitätsbibliothek Rostock"$"25968-8"$"Fragm. theol. 124"
"Rostock"$"4050610-1"$"Universitätsbibliothek Rostock"$"25968-8"$"Fragm. theol. 125"
"Rostock"$"4050610-1"$"Universitätsbibliothek Rostock"$"25968-8"$"Fragm. theol. 126"
"Rostock"$"4050610-1"$"Universitätsbibliothek Rostock"$"25968-8"$"Fragm. theol. 127"
"Rostock"$"4050610-1"$"Universitätsbibliothek Rostock"$"25968-8"$"Fragm. theol. 128"
"Rostock"$"4050610-1"$"Universitätsbibliothek Rostock"$"25968-8"$"Fragm. theol. 129"
"Rostock"$"4050610-1"$"Universitätsbibliothek Rostock"$"25968-8"$"Fragm. theol. 130"
"Rostock"$"4050610-1"$"Universitätsbibliothek Rostock"$"25968-8"$"Fragm. theol. 131"
"Rostock"$"4050610-1"$"Universitätsbibliothek Rostock"$"25968-8"$"Fragm. theol. 132"
"Rostock"$"4050610-1"$"Universitätsbibliothek Rostock"$"25968-8"$"Fragm. theol. 133"
"Rostock"$"4050610-1"$"Universitätsbibliothek Rostock"$"25968-8"$"Fragm. theol. 134"
"Rostock"$"4050610-1"$"Universitätsbibliothek Rostock"$"25968-8"$"Fragm. theol. 135"
"Rostock"$"4050610-1"$"Universitätsbibliothek Rostock"$"25968-8"$"Fragm. theol. 136"
"Rostock"$"4050610-1"$"Universitätsbibliothek Rostock"$"25968-8"$"Fragm. theol. 137"
"Rostock"$"4050610-1"$"Universitätsbibliothek Rostock"$"25968-8"$"Fragm. theol. 138"
"Rostock"$"4050610-1"$"Universitätsbibliothek Rostock"$"25968-8"$"Fragm. theol. 139"
"Rostock"$"4050610-1"$"Universitätsbibliothek Rostock"$"25968-8"$"Fragm. theol. 140"
"Rostock"$"4050610-1"$"Universitätsbibliothek Rostock"$"25968-8"$"Fragm. theol. 141"
"Rostock"$"4050610-1"$"Universitätsbibliothek Rostock"$"25968-8"$"Fragm. theol. 142"
"Rostock"$"4050610-1"$"Universitätsbibliothek Rostock"$"25968-8"$"Fragm. theol. 143"
"Rostock"$"4050610-1"$"Universitätsbibliothek Rostock"$"25968-8"$"Fragm. theol. 144"
"Rostock"$"4050610-1"$"Universitätsbibliothek Rostock"$"25968-8"$"Fragm. theol. 145"
"Rostock"$"4050610-1"$"Universitätsbibliothek Rostock"$"25968-8"$"Fragm. theol. 146"
"Rostock"$"4050610-1"$"Universitätsbibliothek Rostock"$"25968-8"$"Fragm. theol. 147"
"Rostock"$"4050610-1"$"Universitätsbibliothek Rostock"$"25968-8"$"Fragm. theol. 148"
"Rostock"$"4050610-1"$"Universitätsbibliothek Rostock"$"25968-8"$"Fragm. theol. 149"
"Rostock"$"4050610-1"$"Universitätsbibliothek Rostock"$"25968-8"$"Fragm. theol. 150"
"Rostock"$"4050610-1"$"Universitätsbibliothek Rostock"$"25968-8"$"Fragm. theol. 151"
"Rostock"$"4050610-1"$"Universitätsbibliothek Rostock"$"25968-8"$"Fragm. theol. 152"
"Rostock"$"4050610-1"$"Universitätsbibliothek Rostock"$"25968-8"$"Fragm. theol. 153"
"Rostock"$"4050610-1"$"Universitätsbibliothek Rostock"$"25968-8"$"Fragm. theol. 154"
"Rostock"$"4050610-1"$"Universitätsbibliothek Rostock"$"25968-8"$"Fragm. theol. 155"
"Rostock"$"4050610-1"$"Universitätsbibliothek Rostock"$"25968-8"$"Fragm. theol. 156"
"Rostock"$"4050610-1"$"Universitätsbibliothek Rostock"$"25968-8"$"Fragm. theol. 157"
"Rostock"$"4050610-1"$"Universitätsbibliothek Rostock"$"25968-8"$"Fragm. theol. 158"
"Rostock"$"4050610-1"$"Universitätsbibliothek Rostock"$"25968-8"$"Fragm. theol. 159"
"Rostock"$"4050610-1"$"Universitätsbibliothek Rostock"$"25968-8"$"Fragm. theol. 160"
"Rostock"$"4050610-1"$"Universitätsbibliothek Rostock"$"25968-8"$"Fragm. theol. 161"
"Rostock"$"4050610-1"$"Universitätsbibliothek Rostock"$"25968-8"$"Fragm. theol. 162"
"Rostock"$"4050610-1"$"Universitätsbibliothek Rostock"$"25968-8"$"Fragm. theol. 163"
"Rostock"$"4050610-1"$"Universitätsbibliothek Rostock"$"25968-8"$"Fragm. theol. 164"
"Rostock"$"4050610-1"$"Universitätsbibliothek Rostock"$"25968-8"$"Fragm. theol. 165"
"Rostock"$"4050610-1"$"Universitätsbibliothek Rostock"$"25968-8"$"Fragm. theol. 166"
"Rostock"$"4050610-1"$"Universitätsbibliothek Rostock"$"25968-8"$"Fragm. theol. 167"
"Rostock"$"4050610-1"$"Universitätsbibliothek Rostock"$"25968-8"$"Fragm. theol. 168"
"Rostock"$"4050610-1"$"Universitätsbibliothek Rostock"$"25968-8"$"Fragm. theol. 169"
"Rostock"$"4050610-1"$"Universitätsbibliothek Rostock"$"25968-8"$"Fragm. theol. 170"
"Rostock"$"4050610-1"$"Universitätsbibliothek Rostock"$"25968-8"$"Fragm. theol. 171"
"Rostock"$"4050610-1"$"Universitätsbibliothek Rostock"$"25968-8"$"Fragm. theol. 172"
"Rostock"$"4050610-1"$"Universitätsbibliothek Rostock"$"25968-8"$"Fragm. theol. 173"
"Rostock"$"4050610-1"$"Universitätsbibliothek Rostock"$"25968-8"$"Fragm. theol. 174"
"Rostock"$"4050610-1"$"Universitätsbibliothek Rostock"$"25968-8"$"Fragm. var. 1"
"Rostock"$"4050610-1"$"Universitätsbibliothek Rostock"$"25968-8"$"Fragm. var. 2"
"Rostock"$"4050610-1"$"Universitätsbibliothek Rostock"$"25968-8"$"Fragm. var. 3"
"Rostock"$"4050610-1"$"Universitätsbibliothek Rostock"$"25968-8"$"Fragm. var. 4"
"Rostock"$"4050610-1"$"Universitätsbibliothek Rostock"$"25968-8"$"Fragm. var. 5"
"Rostock"$"4050610-1"$"Universitätsbibliothek Rostock"$"25968-8"$"Fragm. var. 6"
"Rostock"$"4050610-1"$"Universitätsbibliothek Rostock"$"25968-8"$"Fragm. var. 7"
"Rostock"$"4050610-1"$"Universitätsbibliothek Rostock"$"25968-8"$"Fragm. var. 8"
"Rostock"$"4050610-1"$"Universitätsbibliothek Rostock"$"25968-8"$"Fragm. var. 9"
"Rostock"$"4050610-1"$"Universitätsbibliothek Rostock"$"25968-8"$"Fragm. var. 10"
"Rostock"$"4050610-1"$"Universitätsbibliothek Rostock"$"25968-8"$"Fragm. var. 11"
"Rostock"$"4050610-1"$"Universitätsbibliothek Rostock"$"25968-8"$"Fragm. var. 12"
"Rostock"$"4050610-1"$"Universitätsbibliothek Rostock"$"25968-8"$"Fragm. var. 13"
"Rostock"$"4050610-1"$"Universitätsbibliothek Rostock"$"25968-8"$"Fragm. var. 14"
"Rostock"$"4050610-1"$"Universitätsbibliothek Rostock"$"25968-8"$"Fragm. var. 15"
"Rostock"$"4050610-1"$"Universitätsbibliothek Rostock"$"25968-8"$"Fragm. var. 16"
"Rostock"$"4050610-1"$"Universitätsbibliothek Rostock"$"25968-8"$"Fragm. var. 17"
"Rostock"$"4050610-1"$"Universitätsbibliothek Rostock"$"25968-8"$"Fragm. var. 18"
"Rostock"$"4050610-1"$"Universitätsbibliothek Rostock"$"25968-8"$"Fragm. var. 19"
"Rostock"$"4050610-1"$"Universitätsbibliothek Rostock"$"25968-8"$"Fragm. var. 20"
"Rostock"$"4050610-1"$"Universitätsbibliothek Rostock"$"25968-8"$"Fragm. var. 21"
"Rostock"$"4050610-1"$"Universitätsbibliothek Rostock"$"25968-8"$"Fragm. var. 22"
"Rostock"$"4050610-1"$"Universitätsbibliothek Rostock"$"25968-8"$"Fragm. var. 23"
"Rostock"$"4050610-1"$"Universitätsbibliothek Rostock"$"25968-8"$"Fragm. var. 24"
"Rostock"$"4050610-1"$"Universitätsbibliothek Rostock"$"25968-8"$"Fragm. var. 25"
"Rostock"$"4050610-1"$"Universitätsbibliothek Rostock"$"25968-8"$"Fragm. var. 26"
"Rostock"$"4050610-1"$"Universitätsbibliothek Rostock"$"25968-8"$"Fragm. var. 27"
"Rostock"$"4050610-1"$"Universitätsbibliothek Rostock"$"25968-8"$"Fragm. var. 28"
"Rostock"$"4050610-1"$"Universitätsbibliothek Rostock"$"25968-8"$"Fragm. var. 29"
"Rostock"$"4050610-1"$"Universitätsbibliothek Rostock"$"25968-8"$"Fragm. var. 30"
"Rostock"$"4050610-1"$"Universitätsbibliothek Rostock"$"25968-8"$"Fragm. var. 31"
"Rostock"$"4050610-1"$"Universitätsbibliothek Rostock"$"25968-8"$"Fragm. var. 32"
"Rostock"$"4050610-1"$"Universitätsbibliothek Rostock"$"25968-8"$"Fragm. var. 33"
"Rostock"$"4050610-1"$"Universitätsbibliothek Rostock"$"25968-8"$"Fragm. var. 34"
"Rostock"$"4050610-1"$"Universitätsbibliothek Rostock"$"25968-8"$"Fragm. var. 35"
"Rostock"$"4050610-1"$"Universitätsbibliothek Rostock"$"25968-8"$"Fragm. var. 36"
"Rostock"$"4050610-1"$"Universitätsbibliothek Rostock"$"25968-8"$"Fragm. var. 37"
"Rostock"$"4050610-1"$"Universitätsbibliothek Rostock"$"25968-8"$"Fragm. var. 38"
"Rostock"$"4050610-1"$"Universitätsbibliothek Rostock"$"25968-8"$"Fragm. var. 39"
"Rostock"$"4050610-1"$"Universitätsbibliothek Rostock"$"25968-8"$"Fragm. var. 40"
"Rostock"$"4050610-1"$"Universitätsbibliothek Rostock"$"25968-8"$"Fragm. var. 41"
"Rostock"$"4050610-1"$"Universitätsbibliothek Rostock"$"25968-8"$"Fragm. var. 42"$"Fragm. var. 42 in: Fk-1094"
"Rostock"$"4050610-1"$"Universitätsbibliothek Rostock"$"25968-8"$"Kt-18"
"Rostock"$"4050610-1"$"Universitätsbibliothek Rostock"$"25968-8"$"Mss. histor. 7"
"Rostock"$"4050610-1"$"Universitätsbibliothek Rostock"$"25968-8"$"Mss. histor. 10"
"Rostock"$"4050610-1"$"Universitätsbibliothek Rostock"$"25968-8"$"Mss. jur. 1"
"Rostock"$"4050610-1"$"Universitätsbibliothek Rostock"$"25968-8"$"Mss. jur. 2"
"Rostock"$"4050610-1"$"Universitätsbibliothek Rostock"$"25968-8"$"Mss. jur. 3"
"Rostock"$"4050610-1"$"Universitätsbibliothek Rostock"$"25968-8"$"Mss. jur. 4"
"Rostock"$"4050610-1"$"Universitätsbibliothek Rostock"$"25968-8"$"Mss. jur. 5"
"Rostock"$"4050610-1"$"Universitätsbibliothek Rostock"$"25968-8"$"Mss. math.-phys. 1"
"Rostock"$"4050610-1"$"Universitätsbibliothek Rostock"$"25968-8"$"Mss. math.-phys. 54"
"Rostock"$"4050610-1"$"Universitätsbibliothek Rostock"$"25968-8"$"Mss. Meckl. O 105"$"Mss. Meckl.O 105"
"Rostock"$"4050610-1"$"Universitätsbibliothek Rostock"$"25968-8"$"Mss. Meckl. O 123"$"Mss. Meckl.O 123"
"Rostock"$"4050610-1"$"Universitätsbibliothek Rostock"$"25968-8"$"Mss. med. 1"
"Rostock"$"4050610-1"$"Universitätsbibliothek Rostock"$"25968-8"$"Mss. philol. 3"
"Rostock"$"4050610-1"$"Universitätsbibliothek Rostock"$"25968-8"$"Mss. philol. 18"
"Rostock"$"4050610-1"$"Universitätsbibliothek Rostock"$"25968-8"$"Mss. philol. 20"
"Rostock"$"4050610-1"$"Universitätsbibliothek Rostock"$"25968-8"$"Mss. philol. 22.a"$"Mss. philol. 22a"
"Rostock"$"4050610-1"$"Universitätsbibliothek Rostock"$"25968-8"$"Mss. philol. 27"
"Rostock"$"4050610-1"$"Universitätsbibliothek Rostock"$"25968-8"$"Mss. philol. 28"
"Rostock"$"4050610-1"$"Universitätsbibliothek Rostock"$"25968-8"$"Mss. philol. 28.a"$"Mss. philol. 28a"
"Rostock"$"4050610-1"$"Universitätsbibliothek Rostock"$"25968-8"$"Mss. philol. 42"
"Rostock"$"4050610-1"$"Universitätsbibliothek Rostock"$"25968-8"$"Mss. philol. 70"
"Rostock"$"4050610-1"$"Universitätsbibliothek Rostock"$"25968-8"$"Mss. philol. 71"
"Rostock"$"4050610-1"$"Universitätsbibliothek Rostock"$"25968-8"$"Mss. philol. 72"
"Rostock"$"4050610-1"$"Universitätsbibliothek Rostock"$"25968-8"$"Mss. philol. 73"
"Rostock"$"4050610-1"$"Universitätsbibliothek Rostock"$"25968-8"$"Mss. philol. 74"
"Rostock"$"4050610-1"$"Universitätsbibliothek Rostock"$"25968-8"$"Mss. philol. 81"
"Rostock"$"4050610-1"$"Universitätsbibliothek Rostock"$"25968-8"$"Mss. philol. 84"
"Rostock"$"4050610-1"$"Universitätsbibliothek Rostock"$"25968-8"$"Mss. philol. 86.a"$"Mss. philol. 86a"
"Rostock"$"4050610-1"$"Universitätsbibliothek Rostock"$"25968-8"$"Mss. philol. 100/2"
"Rostock"$"4050610-1"$"Universitätsbibliothek Rostock"$"25968-8"$"Mss. philol. 102"
"Rostock"$"4050610-1"$"Universitätsbibliothek Rostock"$"25968-8"$"Mss. philol. 102.a"$"Mss. philol. 102a"
"Rostock"$"4050610-1"$"Universitätsbibliothek Rostock"$"25968-8"$"Mss. theol. 1"
"Rostock"$"4050610-1"$"Universitätsbibliothek Rostock"$"25968-8"$"Mss. theol. 2"
"Rostock"$"4050610-1"$"Universitätsbibliothek Rostock"$"25968-8"$"Mss. theol. 3"
"Rostock"$"4050610-1"$"Universitätsbibliothek Rostock"$"25968-8"$"Mss. theol. 4"
"Rostock"$"4050610-1"$"Universitätsbibliothek Rostock"$"25968-8"$"Mss. theol. 5"
"Rostock"$"4050610-1"$"Universitätsbibliothek Rostock"$"25968-8"$"Mss. theol. 11"
"Rostock"$"4050610-1"$"Universitätsbibliothek Rostock"$"25968-8"$"Mss. theol. 12"
"Rostock"$"4050610-1"$"Universitätsbibliothek Rostock"$"25968-8"$"Mss. theol. 13"
"Rostock"$"4050610-1"$"Universitätsbibliothek Rostock"$"25968-8"$"Mss. theol. 14"
"Rostock"$"4050610-1"$"Universitätsbibliothek Rostock"$"25968-8"$"Mss. theol. 15"
"Rostock"$"4050610-1"$"Universitätsbibliothek Rostock"$"25968-8"$"Mss. theol. 21"
"Rostock"$"4050610-1"$"Universitätsbibliothek Rostock"$"25968-8"$"Mss. theol. 22"
"Rostock"$"4050610-1"$"Universitätsbibliothek Rostock"$"25968-8"$"Mss. theol. 23"
"Rostock"$"4050610-1"$"Universitätsbibliothek Rostock"$"25968-8"$"Mss. theol. 24"
"Rostock"$"4050610-1"$"Universitätsbibliothek Rostock"$"25968-8"$"Mss. theol. 25"
"Rostock"$"4050610-1"$"Universitätsbibliothek Rostock"$"25968-8"$"Mss. theol. 26"
"Rostock"$"4050610-1"$"Universitätsbibliothek Rostock"$"25968-8"$"Mss. theol. 27"
"Rostock"$"4050610-1"$"Universitätsbibliothek Rostock"$"25968-8"$"Mss. theol. 28"
"Rostock"$"4050610-1"$"Universitätsbibliothek Rostock"$"25968-8"$"Mss. theol. 29"
"Rostock"$"4050610-1"$"Universitätsbibliothek Rostock"$"25968-8"$"Mss. theol. 30"
"Rostock"$"4050610-1"$"Universitätsbibliothek Rostock"$"25968-8"$"Mss. theol. 31"
"Rostock"$"4050610-1"$"Universitätsbibliothek Rostock"$"25968-8"$"Mss. theol. 32"
"Rostock"$"4050610-1"$"Universitätsbibliothek Rostock"$"25968-8"$"Mss. theol. 33"
"Rostock"$"4050610-1"$"Universitätsbibliothek Rostock"$"25968-8"$"Mss. theol. 34"
"Rostock"$"4050610-1"$"Universitätsbibliothek Rostock"$"25968-8"$"Mss. theol. 35"
"Rostock"$"4050610-1"$"Universitätsbibliothek Rostock"$"25968-8"$"Mss. theol. 36"
"Rostock"$"4050610-1"$"Universitätsbibliothek Rostock"$"25968-8"$"Mss. theol. 37"
"Rostock"$"4050610-1"$"Universitätsbibliothek Rostock"$"25968-8"$"Mss. theol. 37.a"$"Mss. theol. 37a"
"Rostock"$"4050610-1"$"Universitätsbibliothek Rostock"$"25968-8"$"Mss. theol. 38"
"Rostock"$"4050610-1"$"Universitätsbibliothek Rostock"$"25968-8"$"Mss. theol. 39"
"Rostock"$"4050610-1"$"Universitätsbibliothek Rostock"$"25968-8"$"Mss. theol. 40"
"Rostock"$"4050610-1"$"Universitätsbibliothek Rostock"$"25968-8"$"Mss. theol. 41"
"Rostock"$"4050610-1"$"Universitätsbibliothek Rostock"$"25968-8"$"Mss. theol. 42"
"Rostock"$"4050610-1"$"Universitätsbibliothek Rostock"$"25968-8"$"Mss. theol. 43"
"Rostock"$"4050610-1"$"Universitätsbibliothek Rostock"$"25968-8"$"Mss. theol. 44"
"Rostock"$"4050610-1"$"Universitätsbibliothek Rostock"$"25968-8"$"Mss. theol. 45"
"Rostock"$"4050610-1"$"Universitätsbibliothek Rostock"$"25968-8"$"Mss. theol. 45.a"$"Mss. theol. 45a"
"Rostock"$"4050610-1"$"Universitätsbibliothek Rostock"$"25968-8"$"Mss. theol. 46"
"Rostock"$"4050610-1"$"Universitätsbibliothek Rostock"$"25968-8"$"Mss. theol. 47"
"Rostock"$"4050610-1"$"Universitätsbibliothek Rostock"$"25968-8"$"Mss. theol. 47.a"$"Mss. theol. 47a"
"Rostock"$"4050610-1"$"Universitätsbibliothek Rostock"$"25968-8"$"Mss. theol. 48"
"Rostock"$"4050610-1"$"Universitätsbibliothek Rostock"$"25968-8"$"Mss. theol. 49"
"Rostock"$"4050610-1"$"Universitätsbibliothek Rostock"$"25968-8"$"Mss. theol. 50"
"Rostock"$"4050610-1"$"Universitätsbibliothek Rostock"$"25968-8"$"Mss. theol. 50.a"$"Mss. theol. 50a"
"Rostock"$"4050610-1"$"Universitätsbibliothek Rostock"$"25968-8"$"Mss. theol. 54"
"Rostock"$"4050610-1"$"Universitätsbibliothek Rostock"$"25968-8"$"Mss. theol. 55"
"Rostock"$"4050610-1"$"Universitätsbibliothek Rostock"$"25968-8"$"Mss. theol. 56"
"Rostock"$"4050610-1"$"Universitätsbibliothek Rostock"$"25968-8"$"Mss. var. 30"
"Rostock"$"4050610-1"$"Universitätsbibliothek Rostock"$"25968-8"$"Mus. Saec. XV-1"$"Mus. saec. XV.1"$"Mus. saec. XV. 1"$"Mus. saec. XV,1"$"Mus. saec. XV.1"
"Rostock"$"4050610-1"$"Universitätsbibliothek Rostock"$"25968-8"$"Mus. Saec. XV-2"$"Mus. saec. XV.2"$"Mus. saec. XV. 2"$"Mus. saec. XV,2"$"Mus. saec. XV.2"
"Rostock"$"4050610-1"$"Universitätsbibliothek Rostock"$"25968-8"$"Mus. Saec. XV-3"$"Mus. saec. XV.3"$"Mus. saec. XV. 3"$"Mus. saec. XV,3"$"Mus. saec. XV.3"
