"1"$"NLA WO, VII B Hs, Nr. 48"$""$"https://www.arcinsys.niedersachsen.de/arcinsys/detailAction.action?detailid=v5538368"$"https://www.arcinsys-digitalisate.niedersachsen.de/nla_wo/vii_b_hs/nr._48/thumbs/preview.jpg"$"Komplett"$"Reproduktion"$"Bitonal"$"Doppelseite"$"2022"$""$"Niedersächsisches Landesarchiv. Abteilung Wolfenbüttel"$"https://d-nb.info/gnd/11563-0"$"Wolfenbüttel"$"https://d-nb.info/gnd/4066832-0"$"Niedersächsisches Landesarchiv. Abteilung Wolfenbüttel"$"https://d-nb.info/gnd/11563-0"$"Wolfenbüttel"$"https://d-nb.info/gnd/4066832-0"
"2"$"NLA WO, VII B Hs, Nr. 99"$""$"https://www.arcinsys.niedersachsen.de/arcinsys/detailAction.action?detailid=v5538460"$"https://www.arcinsys-digitalisate.niedersachsen.de/nla_wo/vii_b_hs/nr._99/thumbs/preview.jpg"$"Komplett"$"Reproduktion"$"Bitonal"$"Doppelseite"$"2022"$""$"Niedersächsisches Landesarchiv. Abteilung Wolfenbüttel"$"https://d-nb.info/gnd/11563-0"$"Wolfenbüttel"$"https://d-nb.info/gnd/4066832-0"$"Niedersächsisches Landesarchiv. Abteilung Wolfenbüttel"$"https://d-nb.info/gnd/11563-0"$"Wolfenbüttel"$"https://d-nb.info/gnd/4066832-0"
"3"$"NLA WO, VII B Hs, Nr. 111"$""$"https://www.arcinsys.niedersachsen.de/arcinsys/detailAction.action?detailid=v5538508"$"https://www.arcinsys-digitalisate.niedersachsen.de/nla_wo/vii_b_hs/nr._111/thumbs/preview.jpg"$"Komplett"$"Reproduktion"$"Bitonal"$"Doppelseite"$"2022"$""$"Niedersächsisches Landesarchiv. Abteilung Wolfenbüttel"$"https://d-nb.info/gnd/11563-0"$"Wolfenbüttel"$"https://d-nb.info/gnd/4066832-0"$"Niedersächsisches Landesarchiv. Abteilung Wolfenbüttel"$"https://d-nb.info/gnd/11563-0"$"Wolfenbüttel"$"https://d-nb.info/gnd/4066832-0"
"4"$"NLA WO, VII B Hs, Nr. 125"$""$"https://www.arcinsys.niedersachsen.de/arcinsys/detailAction.action?detailid=v5538521"$"https://www.arcinsys-digitalisate.niedersachsen.de/nla_wo/vii_b_hs/nr._125/thumbs/preview.jpg"$"Komplett"$"Reproduktion"$"Bitonal"$"Doppelseite"$"2022"$""$"Niedersächsisches Landesarchiv. Abteilung Wolfenbüttel"$"https://d-nb.info/gnd/11563-0"$"Wolfenbüttel"$"https://d-nb.info/gnd/4066832-0"$"Niedersächsisches Landesarchiv. Abteilung Wolfenbüttel"$"https://d-nb.info/gnd/11563-0"$"Wolfenbüttel"$"https://d-nb.info/gnd/4066832-0"
"5"$"NLA WO, VII B Hs, Nr. 126"$""$"https://www.arcinsys.niedersachsen.de/arcinsys/detailAction.action?detailid=v5538520"$"https://www.arcinsys-digitalisate.niedersachsen.de/nla_wo/vii_b_hs/nr._126/thumbs/preview.jpg"$"Komplett"$"Reproduktion"$"Bitonal"$"Doppelseite"$"2022"$""$"Niedersächsisches Landesarchiv. Abteilung Wolfenbüttel"$"https://d-nb.info/gnd/11563-0"$"Wolfenbüttel"$"https://d-nb.info/gnd/4066832-0"$"Niedersächsisches Landesarchiv. Abteilung Wolfenbüttel"$"https://d-nb.info/gnd/11563-0"$"Wolfenbüttel"$"https://d-nb.info/gnd/4066832-0"
"6"$"NLA WO, VII B Hs, Nr. 128"$""$"https://www.arcinsys.niedersachsen.de/arcinsys/detailAction.action?detailid=v5538532"$"https://www.arcinsys-digitalisate.niedersachsen.de/nla_wo/vii_b_hs/nr._128/thumbs/preview.jpg"$"Komplett"$"Reproduktion"$"Bitonal"$"Doppelseite"$"2022"$""$"Niedersächsisches Landesarchiv. Abteilung Wolfenbüttel"$"https://d-nb.info/gnd/11563-0"$"Wolfenbüttel"$"https://d-nb.info/gnd/4066832-0"$"Niedersächsisches Landesarchiv. Abteilung Wolfenbüttel"$"https://d-nb.info/gnd/11563-0"$"Wolfenbüttel"$"https://d-nb.info/gnd/4066832-0"
"7"$"NLA WO, VII B Hs, Nr. 129"$""$"https://www.arcinsys.niedersachsen.de/arcinsys/detailAction.action?detailid=v5538564"$"https://www.arcinsys-digitalisate.niedersachsen.de/nla_wo/vii_b_hs/nr._129/thumbs/preview.jpg"$"Komplett"$"Reproduktion"$"Bitonal"$"Doppelseite"$"2022"$""$"Niedersächsisches Landesarchiv. Abteilung Wolfenbüttel"$"https://d-nb.info/gnd/11563-0"$"Wolfenbüttel"$"https://d-nb.info/gnd/4066832-0"$"Niedersächsisches Landesarchiv. Abteilung Wolfenbüttel"$"https://d-nb.info/gnd/11563-0"$"Wolfenbüttel"$"https://d-nb.info/gnd/4066832-0"
"8"$"NLA WO, VII B Hs, Nr. 130"$""$"https://www.arcinsys.niedersachsen.de/arcinsys/detailAction.action?detailid=v5538562"$"https://www.arcinsys-digitalisate.niedersachsen.de/nla_wo/vii_b_hs/nr._130/thumbs/preview.jpg"$"Komplett"$"Reproduktion"$"Bitonal"$"Doppelseite"$"2022"$""$"Niedersächsisches Landesarchiv. Abteilung Wolfenbüttel"$"https://d-nb.info/gnd/11563-0"$"Wolfenbüttel"$"https://d-nb.info/gnd/4066832-0"$"Niedersächsisches Landesarchiv. Abteilung Wolfenbüttel"$"https://d-nb.info/gnd/11563-0"$"Wolfenbüttel"$"https://d-nb.info/gnd/4066832-0"
"9"$"NLA WO, VII B Hs, Nr. 131"$""$"https://www.arcinsys.niedersachsen.de/arcinsys/detailAction.action?detailid=v5538561"$"https://www.arcinsys-digitalisate.niedersachsen.de/nla_wo/vii_b_hs/nr._131/thumbs/preview.jpg"$"Komplett"$"Reproduktion"$"Bitonal"$"Doppelseite"$"2022"$""$"Niedersächsisches Landesarchiv. Abteilung Wolfenbüttel"$"https://d-nb.info/gnd/11563-0"$"Wolfenbüttel"$"https://d-nb.info/gnd/4066832-0"$"Niedersächsisches Landesarchiv. Abteilung Wolfenbüttel"$"https://d-nb.info/gnd/11563-0"$"Wolfenbüttel"$"https://d-nb.info/gnd/4066832-0"
"10"$"NLA WO, VII B Hs, Nr. 132"$""$"https://www.arcinsys.niedersachsen.de/arcinsys/detailAction.action?detailid=v5538567"$"https://www.arcinsys-digitalisate.niedersachsen.de/nla_wo/vii_b_hs/nr._132/thumbs/preview.jpg"$"Komplett"$"Reproduktion"$"Bitonal"$"Doppelseite"$"2022"$""$"Niedersächsisches Landesarchiv. Abteilung Wolfenbüttel"$"https://d-nb.info/gnd/11563-0"$"Wolfenbüttel"$"https://d-nb.info/gnd/4066832-0"$"Niedersächsisches Landesarchiv. Abteilung Wolfenbüttel"$"https://d-nb.info/gnd/11563-0"$"Wolfenbüttel"$"https://d-nb.info/gnd/4066832-0"
"11"$"NLA WO, VII B Hs, Nr. 133/1"$""$"https://www.arcinsys.niedersachsen.de/arcinsys/detailAction.action?detailid=v5538565"$"https://www.arcinsys-digitalisate.niedersachsen.de/nla_wo/vii_b_hs/nr._133--1/thumbs/preview.jpg"$"Teilweise"$"Reproduktion"$"Bitonal"$"Doppelseite"$"2022"$""$"Niedersächsisches Landesarchiv. Abteilung Wolfenbüttel"$"https://d-nb.info/gnd/11563-0"$"Wolfenbüttel"$"https://d-nb.info/gnd/4066832-0"$"Niedersächsisches Landesarchiv. Abteilung Wolfenbüttel"$"https://d-nb.info/gnd/11563-0"$"Wolfenbüttel"$"https://d-nb.info/gnd/4066832-0"
"12"$"NLA WO, VII B Hs, Nr. 133/2"$""$"https://www.arcinsys.niedersachsen.de/arcinsys/detailAction.action?detailid=v5538568"$"https://www.arcinsys-digitalisate.niedersachsen.de/nla_wo/vii_b_hs/nr._133--2/thumbs/preview.jpg"$"Teilweise"$"Reproduktion"$"Bitonal"$"Doppelseite"$"2022"$""$"Niedersächsisches Landesarchiv. Abteilung Wolfenbüttel"$"https://d-nb.info/gnd/11563-0"$"Wolfenbüttel"$"https://d-nb.info/gnd/4066832-0"$"Niedersächsisches Landesarchiv. Abteilung Wolfenbüttel"$"https://d-nb.info/gnd/11563-0"$"Wolfenbüttel"$"https://d-nb.info/gnd/4066832-0"
"13"$"NLA WO, VII B Hs, Nr. 134/1"$""$"https://www.arcinsys.niedersachsen.de/arcinsys/detailAction.action?detailid=v5538563"$"https://www.arcinsys-digitalisate.niedersachsen.de/nla_wo/vii_b_hs/nr._134--1/thumbs/preview.jpg"$"Teilweise"$"Reproduktion"$"Bitonal"$"Doppelseite"$"2022"$""$"Niedersächsisches Landesarchiv. Abteilung Wolfenbüttel"$"https://d-nb.info/gnd/11563-0"$"Wolfenbüttel"$"https://d-nb.info/gnd/4066832-0"$"Niedersächsisches Landesarchiv. Abteilung Wolfenbüttel"$"https://d-nb.info/gnd/11563-0"$"Wolfenbüttel"$"https://d-nb.info/gnd/4066832-0"
"14"$"NLA WO, VII B Hs, Nr. 134/2"$""$"https://www.arcinsys.niedersachsen.de/arcinsys/detailAction.action?detailid=v10046022"$"https://www.arcinsys-digitalisate.niedersachsen.de/nla_wo/vii_b_hs/nr._134--2/thumbs/preview.jpg"$"Teilweise"$"Reproduktion"$"Bitonal"$"Doppelseite"$"2022"$""$"Niedersächsisches Landesarchiv. Abteilung Wolfenbüttel"$"https://d-nb.info/gnd/11563-0"$"Wolfenbüttel"$"https://d-nb.info/gnd/4066832-0"$"Niedersächsisches Landesarchiv. Abteilung Wolfenbüttel"$"https://d-nb.info/gnd/11563-0"$"Wolfenbüttel"$"https://d-nb.info/gnd/4066832-0"
"15"$"NLA WO, VII B Hs, Nr. 134/3"$""$"https://www.arcinsys.niedersachsen.de/arcinsys/detailAction.action?detailid=v10046025"$"https://www.arcinsys-digitalisate.niedersachsen.de/nla_wo/vii_b_hs/nr._134--3/thumbs/preview.jpg"$"Teilweise"$"Reproduktion"$"Bitonal"$"Doppelseite"$"2022"$""$"Niedersächsisches Landesarchiv. Abteilung Wolfenbüttel"$"https://d-nb.info/gnd/11563-0"$"Wolfenbüttel"$"https://d-nb.info/gnd/4066832-0"$"Niedersächsisches Landesarchiv. Abteilung Wolfenbüttel"$"https://d-nb.info/gnd/11563-0"$"Wolfenbüttel"$"https://d-nb.info/gnd/4066832-0"
"16"$"NLA WO, VII B Hs, Nr. 135"$""$"https://www.arcinsys.niedersachsen.de/arcinsys/detailAction.action?detailid=v5538560"$"https://www.arcinsys-digitalisate.niedersachsen.de/nla_wo/vii_b_hs/nr._135/thumbs/preview.jpg"$"Komplett"$"Reproduktion"$"Bitonal"$"Doppelseite"$"2022"$""$"Niedersächsisches Landesarchiv. Abteilung Wolfenbüttel"$"https://d-nb.info/gnd/11563-0"$"Wolfenbüttel"$"https://d-nb.info/gnd/4066832-0"$"Niedersächsisches Landesarchiv. Abteilung Wolfenbüttel"$"https://d-nb.info/gnd/11563-0"$"Wolfenbüttel"$"https://d-nb.info/gnd/4066832-0"
"17"$"NLA WO, VII B Hs, Nr. 136"$""$"https://www.arcinsys.niedersachsen.de/arcinsys/detailAction.action?detailid=v5538637"$"https://www.arcinsys-digitalisate.niedersachsen.de/nla_wo/vii_b_hs/nr._136/thumbs/preview.jpg"$"Komplett"$"Reproduktion"$"Bitonal"$"Doppelseite"$"2022"$""$"Niedersächsisches Landesarchiv. Abteilung Wolfenbüttel"$"https://d-nb.info/gnd/11563-0"$"Wolfenbüttel"$"https://d-nb.info/gnd/4066832-0"$"Niedersächsisches Landesarchiv. Abteilung Wolfenbüttel"$"https://d-nb.info/gnd/11563-0"$"Wolfenbüttel"$"https://d-nb.info/gnd/4066832-0"
"18"$"NLA WO, VII B Hs, Nr. 137"$""$"https://www.arcinsys.niedersachsen.de/arcinsys/detailAction.action?detailid=v5538635"$"https://www.arcinsys-digitalisate.niedersachsen.de/nla_wo/vii_b_hs/nr._137/thumbs/preview.jpg"$"Komplett"$"Reproduktion"$"Bitonal"$"Doppelseite"$"2022"$""$"Niedersächsisches Landesarchiv. Abteilung Wolfenbüttel"$"https://d-nb.info/gnd/11563-0"$"Wolfenbüttel"$"https://d-nb.info/gnd/4066832-0"$"Niedersächsisches Landesarchiv. Abteilung Wolfenbüttel"$"https://d-nb.info/gnd/11563-0"$"Wolfenbüttel"$"https://d-nb.info/gnd/4066832-0"
"19"$"NLA WO, VII B Hs, Nr. 138"$""$"https://www.arcinsys.niedersachsen.de/arcinsys/detailAction.action?detailid=v5538638"$"https://www.arcinsys-digitalisate.niedersachsen.de/nla_wo/vii_b_hs/nr._138/thumbs/preview.jpg"$"Komplett"$"Reproduktion"$"Bitonal"$"Doppelseite"$"2022"$""$"Niedersächsisches Landesarchiv. Abteilung Wolfenbüttel"$"https://d-nb.info/gnd/11563-0"$"Wolfenbüttel"$"https://d-nb.info/gnd/4066832-0"$"Niedersächsisches Landesarchiv. Abteilung Wolfenbüttel"$"https://d-nb.info/gnd/11563-0"$"Wolfenbüttel"$"https://d-nb.info/gnd/4066832-0"
"20"$"NLA WO, VII B Hs, Nr. 139"$""$"https://www.arcinsys.niedersachsen.de/arcinsys/detailAction.action?detailid=v5538639"$"https://www.arcinsys-digitalisate.niedersachsen.de/nla_wo/vii_b_hs/nr._139/thumbs/preview.jpg"$"Komplett"$"Reproduktion"$"Bitonal"$"Doppelseite"$"2022"$""$"Niedersächsisches Landesarchiv. Abteilung Wolfenbüttel"$"https://d-nb.info/gnd/11563-0"$"Wolfenbüttel"$"https://d-nb.info/gnd/4066832-0"$"Niedersächsisches Landesarchiv. Abteilung Wolfenbüttel"$"https://d-nb.info/gnd/11563-0"$"Wolfenbüttel"$"https://d-nb.info/gnd/4066832-0"
"21"$"NLA WO, VII B Hs, Nr. 140"$""$"https://www.arcinsys.niedersachsen.de/arcinsys/detailAction.action?detailid=v5538640"$"https://www.arcinsys-digitalisate.niedersachsen.de/nla_wo/vii_b_hs/nr._140/thumbs/preview.jpg"$"Komplett"$"Reproduktion"$"Bitonal"$"Doppelseite"$"2022"$""$"Niedersächsisches Landesarchiv. Abteilung Wolfenbüttel"$"https://d-nb.info/gnd/11563-0"$"Wolfenbüttel"$"https://d-nb.info/gnd/4066832-0"$"Niedersächsisches Landesarchiv. Abteilung Wolfenbüttel"$"https://d-nb.info/gnd/11563-0"$"Wolfenbüttel"$"https://d-nb.info/gnd/4066832-0"
"22"$"NLA WO, VII B Hs, Nr. 141"$""$"https://www.arcinsys.niedersachsen.de/arcinsys/detailAction.action?detailid=v5538645"$"https://www.arcinsys-digitalisate.niedersachsen.de/nla_wo/vii_b_hs/nr._141/thumbs/preview.jpg"$"Komplett"$"Reproduktion"$"Bitonal"$"Doppelseite"$"2022"$""$"Niedersächsisches Landesarchiv. Abteilung Wolfenbüttel"$"https://d-nb.info/gnd/11563-0"$"Wolfenbüttel"$"https://d-nb.info/gnd/4066832-0"$"Niedersächsisches Landesarchiv. Abteilung Wolfenbüttel"$"https://d-nb.info/gnd/11563-0"$"Wolfenbüttel"$"https://d-nb.info/gnd/4066832-0"
"23"$"NLA WO, VII B Hs, Nr. 142"$""$"https://www.arcinsys.niedersachsen.de/arcinsys/detailAction.action?detailid=v5538644"$"https://www.arcinsys-digitalisate.niedersachsen.de/nla_wo/vii_b_hs/nr._142/thumbs/preview.jpg"$"Komplett"$"Reproduktion"$"Bitonal"$"Doppelseite"$"2022"$""$"Niedersächsisches Landesarchiv. Abteilung Wolfenbüttel"$"https://d-nb.info/gnd/11563-0"$"Wolfenbüttel"$"https://d-nb.info/gnd/4066832-0"$"Niedersächsisches Landesarchiv. Abteilung Wolfenbüttel"$"https://d-nb.info/gnd/11563-0"$"Wolfenbüttel"$"https://d-nb.info/gnd/4066832-0"
"24"$"NLA WO, VII B Hs, Nr. 143"$""$"https://www.arcinsys.niedersachsen.de/arcinsys/detailAction.action?detailid=v5538642"$"https://www.arcinsys-digitalisate.niedersachsen.de/nla_wo/vii_b_hs/nr._143/thumbs/preview.jpg"$"Teilweise"$"Reproduktion"$"Bitonal"$"Doppelseite"$"2022"$""$"Niedersächsisches Landesarchiv. Abteilung Wolfenbüttel"$"https://d-nb.info/gnd/11563-0"$"Wolfenbüttel"$"https://d-nb.info/gnd/4066832-0"$"Niedersächsisches Landesarchiv. Abteilung Wolfenbüttel"$"https://d-nb.info/gnd/11563-0"$"Wolfenbüttel"$"https://d-nb.info/gnd/4066832-0"
"25"$"NLA WO, VII B Hs, Nr. 144"$""$"https://www.arcinsys.niedersachsen.de/arcinsys/detailAction.action?detailid=v5538641"$"https://www.arcinsys-digitalisate.niedersachsen.de/nla_wo/vii_b_hs/nr._144/thumbs/preview.jpg"$"Teilweise"$"Reproduktion"$"Bitonal"$"Doppelseite"$"2022"$""$"Niedersächsisches Landesarchiv. Abteilung Wolfenbüttel"$"https://d-nb.info/gnd/11563-0"$"Wolfenbüttel"$"https://d-nb.info/gnd/4066832-0"$"Niedersächsisches Landesarchiv. Abteilung Wolfenbüttel"$"https://d-nb.info/gnd/11563-0"$"Wolfenbüttel"$"https://d-nb.info/gnd/4066832-0"
"26"$"NLA WO, VII B Hs, Nr. 145"$""$"https://www.arcinsys.niedersachsen.de/arcinsys/detailAction.action?detailid=v5538583"$"https://www.arcinsys-digitalisate.niedersachsen.de/nla_wo/vii_b_hs/nr._145/thumbs/preview.jpg"$"Komplett"$"Reproduktion"$"Bitonal"$"Doppelseite"$"2022"$""$"Niedersächsisches Landesarchiv. Abteilung Wolfenbüttel"$"https://d-nb.info/gnd/11563-0"$"Wolfenbüttel"$"https://d-nb.info/gnd/4066832-0"$"Niedersächsisches Landesarchiv. Abteilung Wolfenbüttel"$"https://d-nb.info/gnd/11563-0"$"Wolfenbüttel"$"https://d-nb.info/gnd/4066832-0"
"27"$"NLA WO, VII B Hs, Nr. 146"$""$"https://www.arcinsys.niedersachsen.de/arcinsys/detailAction.action?detailid=v5538584"$"https://www.arcinsys-digitalisate.niedersachsen.de/nla_wo/vii_b_hs/nr._146/thumbs/preview.jpg"$"Komplett"$"Reproduktion"$"Bitonal"$"Doppelseite"$"2022"$""$"Niedersächsisches Landesarchiv. Abteilung Wolfenbüttel"$"https://d-nb.info/gnd/11563-0"$"Wolfenbüttel"$"https://d-nb.info/gnd/4066832-0"$"Niedersächsisches Landesarchiv. Abteilung Wolfenbüttel"$"https://d-nb.info/gnd/11563-0"$"Wolfenbüttel"$"https://d-nb.info/gnd/4066832-0"
"28"$"NLA WO, VII B Hs, Nr. 147"$""$"https://www.arcinsys.niedersachsen.de/arcinsys/detailAction.action?detailid=v5538585"$"https://www.arcinsys-digitalisate.niedersachsen.de/nla_wo/vii_b_hs/nr._147/thumbs/preview.jpg"$"Komplett"$"Reproduktion"$"Bitonal"$"Doppelseite"$"2022"$""$"Niedersächsisches Landesarchiv. Abteilung Wolfenbüttel"$"https://d-nb.info/gnd/11563-0"$"Wolfenbüttel"$"https://d-nb.info/gnd/4066832-0"$"Niedersächsisches Landesarchiv. Abteilung Wolfenbüttel"$"https://d-nb.info/gnd/11563-0"$"Wolfenbüttel"$"https://d-nb.info/gnd/4066832-0"
"29"$"NLA WO, VII B Hs, Nr. 148"$""$"https://www.arcinsys.niedersachsen.de/arcinsys/detailAction.action?detailid=v5538586"$"https://www.arcinsys-digitalisate.niedersachsen.de/nla_wo/vii_b_hs/nr._148/thumbs/preview.jpg"$"Komplett"$"Reproduktion"$"Bitonal"$"Doppelseite"$"2022"$""$"Niedersächsisches Landesarchiv. Abteilung Wolfenbüttel"$"https://d-nb.info/gnd/11563-0"$"Wolfenbüttel"$"https://d-nb.info/gnd/4066832-0"$"Niedersächsisches Landesarchiv. Abteilung Wolfenbüttel"$"https://d-nb.info/gnd/11563-0"$"Wolfenbüttel"$"https://d-nb.info/gnd/4066832-0"
"30"$"NLA WO, VII B Hs, Nr. 149"$""$"https://www.arcinsys.niedersachsen.de/arcinsys/detailAction.action?detailid=v5538587"$"https://www.arcinsys-digitalisate.niedersachsen.de/nla_wo/vii_b_hs/nr._149/thumbs/preview.jpg"$"Komplett"$"Reproduktion"$"Bitonal"$"Doppelseite"$"2022"$""$"Niedersächsisches Landesarchiv. Abteilung Wolfenbüttel"$"https://d-nb.info/gnd/11563-0"$"Wolfenbüttel"$"https://d-nb.info/gnd/4066832-0"$"Niedersächsisches Landesarchiv. Abteilung Wolfenbüttel"$"https://d-nb.info/gnd/11563-0"$"Wolfenbüttel"$"https://d-nb.info/gnd/4066832-0"
"31"$"NLA WO, VII B Hs, Nr. 150"$""$"https://www.arcinsys.niedersachsen.de/arcinsys/detailAction.action?detailid=v5538588"$"https://www.arcinsys-digitalisate.niedersachsen.de/nla_wo/vii_b_hs/nr._150/thumbs/preview.jpg"$"Teilweise"$"Reproduktion"$"Bitonal"$"Doppelseite"$"2022"$""$"Niedersächsisches Landesarchiv. Abteilung Wolfenbüttel"$"https://d-nb.info/gnd/11563-0"$"Wolfenbüttel"$"https://d-nb.info/gnd/4066832-0"$"Niedersächsisches Landesarchiv. Abteilung Wolfenbüttel"$"https://d-nb.info/gnd/11563-0"$"Wolfenbüttel"$"https://d-nb.info/gnd/4066832-0"
"32"$"NLA WO, VII B Hs, Nr. 151"$""$"https://www.arcinsys.niedersachsen.de/arcinsys/detailAction.action?detailid=v5538580"$"https://www.arcinsys-digitalisate.niedersachsen.de/nla_wo/vii_b_hs/nr._151/thumbs/preview.jpg"$"Teilweise"$"Reproduktion"$"Bitonal"$"Doppelseite"$"2022"$""$"Niedersächsisches Landesarchiv. Abteilung Wolfenbüttel"$"https://d-nb.info/gnd/11563-0"$"Wolfenbüttel"$"https://d-nb.info/gnd/4066832-0"$"Niedersächsisches Landesarchiv. Abteilung Wolfenbüttel"$"https://d-nb.info/gnd/11563-0"$"Wolfenbüttel"$"https://d-nb.info/gnd/4066832-0"
"33"$"NLA WO, VII B Hs, Nr. 152"$""$"https://www.arcinsys.niedersachsen.de/arcinsys/detailAction.action?detailid=v5538581"$"https://www.arcinsys-digitalisate.niedersachsen.de/nla_wo/vii_b_hs/nr._152/thumbs/preview.jpg"$"Komplett"$"Reproduktion"$"Bitonal"$"Doppelseite"$"2022"$""$"Niedersächsisches Landesarchiv. Abteilung Wolfenbüttel"$"https://d-nb.info/gnd/11563-0"$"Wolfenbüttel"$"https://d-nb.info/gnd/4066832-0"$"Niedersächsisches Landesarchiv. Abteilung Wolfenbüttel"$"https://d-nb.info/gnd/11563-0"$"Wolfenbüttel"$"https://d-nb.info/gnd/4066832-0"
"34"$"NLA WO, VII B Hs, Nr. 153"$""$"https://www.arcinsys.niedersachsen.de/arcinsys/detailAction.action?detailid=v5538582"$"https://www.arcinsys-digitalisate.niedersachsen.de/nla_wo/vii_b_hs/nr._153/thumbs/preview.jpg"$"Teilweise"$"Reproduktion"$"Bitonal"$"Doppelseite"$"2022"$""$"Niedersächsisches Landesarchiv. Abteilung Wolfenbüttel"$"https://d-nb.info/gnd/11563-0"$"Wolfenbüttel"$"https://d-nb.info/gnd/4066832-0"$"Niedersächsisches Landesarchiv. Abteilung Wolfenbüttel"$"https://d-nb.info/gnd/11563-0"$"Wolfenbüttel"$"https://d-nb.info/gnd/4066832-0"
"35"$"NLA WO, VII B Hs, Nr. 154"$""$"https://www.arcinsys.niedersachsen.de/arcinsys/detailAction.action?detailid=v5538592"$"https://www.arcinsys-digitalisate.niedersachsen.de/nla_wo/vii_b_hs/nr._154/thumbs/preview.jpg"$"Komplett"$"Reproduktion"$"Bitonal"$"Doppelseite"$"2022"$""$"Niedersächsisches Landesarchiv. Abteilung Wolfenbüttel"$"https://d-nb.info/gnd/11563-0"$"Wolfenbüttel"$"https://d-nb.info/gnd/4066832-0"$"Niedersächsisches Landesarchiv. Abteilung Wolfenbüttel"$"https://d-nb.info/gnd/11563-0"$"Wolfenbüttel"$"https://d-nb.info/gnd/4066832-0"
"36"$"NLA WO, VII B Hs, Nr. 155"$""$"https://www.arcinsys.niedersachsen.de/arcinsys/detailAction.action?detailid=v5538559"$"https://www.arcinsys-digitalisate.niedersachsen.de/nla_wo/vii_b_hs/nr._155/thumbs/preview.jpg"$"Komplett"$"Reproduktion"$"Bitonal"$"Doppelseite"$"2022"$""$"Niedersächsisches Landesarchiv. Abteilung Wolfenbüttel"$"https://d-nb.info/gnd/11563-0"$"Wolfenbüttel"$"https://d-nb.info/gnd/4066832-0"$"Niedersächsisches Landesarchiv. Abteilung Wolfenbüttel"$"https://d-nb.info/gnd/11563-0"$"Wolfenbüttel"$"https://d-nb.info/gnd/4066832-0"
"37"$"NLA WO, VII B Hs, Nr. 156"$""$"https://www.arcinsys.niedersachsen.de/arcinsys/detailAction.action?detailid=v5538558"$"https://www.arcinsys-digitalisate.niedersachsen.de/nla_wo/vii_b_hs/nr._156/thumbs/preview.jpg"$"Komplett"$"Reproduktion"$"Bitonal"$"Doppelseite"$"2022"$""$"Niedersächsisches Landesarchiv. Abteilung Wolfenbüttel"$"https://d-nb.info/gnd/11563-0"$"Wolfenbüttel"$"https://d-nb.info/gnd/4066832-0"$"Niedersächsisches Landesarchiv. Abteilung Wolfenbüttel"$"https://d-nb.info/gnd/11563-0"$"Wolfenbüttel"$"https://d-nb.info/gnd/4066832-0"
"38"$"NLA WO, VII B Hs, Nr. 157"$""$"https://www.arcinsys.niedersachsen.de/arcinsys/detailAction.action?detailid=v5538557"$"https://www.arcinsys-digitalisate.niedersachsen.de/nla_wo/vii_b_hs/nr._157/thumbs/preview.jpg"$"Komplett"$"Reproduktion"$"Bitonal"$"Doppelseite"$"2022"$""$"Niedersächsisches Landesarchiv. Abteilung Wolfenbüttel"$"https://d-nb.info/gnd/11563-0"$"Wolfenbüttel"$"https://d-nb.info/gnd/4066832-0"$"Niedersächsisches Landesarchiv. Abteilung Wolfenbüttel"$"https://d-nb.info/gnd/11563-0"$"Wolfenbüttel"$"https://d-nb.info/gnd/4066832-0"
"39"$"NLA WO, VII B Hs, Nr. 157a"$""$"https://www.arcinsys.niedersachsen.de/arcinsys/detailAction.action?detailid=v5538602"$"https://www.arcinsys-digitalisate.niedersachsen.de/nla_wo/vii_b_hs/nr._157a/thumbs/preview.jpg"$"Komplett"$"Reproduktion"$"Bitonal"$"Doppelseite"$"2022"$""$"Niedersächsisches Landesarchiv. Abteilung Wolfenbüttel"$"https://d-nb.info/gnd/11563-0"$"Wolfenbüttel"$"https://d-nb.info/gnd/4066832-0"$"Niedersächsisches Landesarchiv. Abteilung Wolfenbüttel"$"https://d-nb.info/gnd/11563-0"$"Wolfenbüttel"$"https://d-nb.info/gnd/4066832-0"
"40"$"NLA WO, VII B Hs, Nr. 157b"$""$"https://www.arcinsys.niedersachsen.de/arcinsys/detailAction.action?detailid=v5538601"$"https://www.arcinsys-digitalisate.niedersachsen.de/nla_wo/vii_b_hs/nr._157b/thumbs/preview.jpg"$"Komplett"$"Reproduktion"$"Bitonal"$"Doppelseite"$"2022"$""$"Niedersächsisches Landesarchiv. Abteilung Wolfenbüttel"$"https://d-nb.info/gnd/11563-0"$"Wolfenbüttel"$"https://d-nb.info/gnd/4066832-0"$"Niedersächsisches Landesarchiv. Abteilung Wolfenbüttel"$"https://d-nb.info/gnd/11563-0"$"Wolfenbüttel"$"https://d-nb.info/gnd/4066832-0"
"41"$"NLA WO, VII B Hs, Nr. 158"$""$"https://www.arcinsys.niedersachsen.de/arcinsys/detailAction.action?detailid=v5538603"$"https://www.arcinsys-digitalisate.niedersachsen.de/nla_wo/vii_b_hs/nr._158/thumbs/preview.jpg"$"Komplett"$"Reproduktion"$"Bitonal"$"Doppelseite"$"2022"$""$"Niedersächsisches Landesarchiv. Abteilung Wolfenbüttel"$"https://d-nb.info/gnd/11563-0"$"Wolfenbüttel"$"https://d-nb.info/gnd/4066832-0"$"Niedersächsisches Landesarchiv. Abteilung Wolfenbüttel"$"https://d-nb.info/gnd/11563-0"$"Wolfenbüttel"$"https://d-nb.info/gnd/4066832-0"
"42"$"NLA WO, VII B Hs, Nr. 159"$""$"https://www.arcinsys.niedersachsen.de/arcinsys/detailAction.action?detailid=v5538598"$"https://www.arcinsys-digitalisate.niedersachsen.de/nla_wo/vii_b_hs/nr._159/thumbs/preview.jpg"$"Komplett"$"Reproduktion"$"Bitonal"$"Doppelseite"$"2022"$""$"Niedersächsisches Landesarchiv. Abteilung Wolfenbüttel"$"https://d-nb.info/gnd/11563-0"$"Wolfenbüttel"$"https://d-nb.info/gnd/4066832-0"$"Niedersächsisches Landesarchiv. Abteilung Wolfenbüttel"$"https://d-nb.info/gnd/11563-0"$"Wolfenbüttel"$"https://d-nb.info/gnd/4066832-0"
"43"$"NLA WO, VII B Hs, Nr. 160"$""$"https://www.arcinsys.niedersachsen.de/arcinsys/detailAction.action?detailid=v5538597"$"https://www.arcinsys-digitalisate.niedersachsen.de/nla_wo/vii_b_hs/nr._160/thumbs/preview.jpg"$"Teilweise"$"Reproduktion"$"Bitonal"$"Doppelseite"$"2022"$""$"Niedersächsisches Landesarchiv. Abteilung Wolfenbüttel"$"https://d-nb.info/gnd/11563-0"$"Wolfenbüttel"$"https://d-nb.info/gnd/4066832-0"$"Niedersächsisches Landesarchiv. Abteilung Wolfenbüttel"$"https://d-nb.info/gnd/11563-0"$"Wolfenbüttel"$"https://d-nb.info/gnd/4066832-0"
"44"$"NLA WO, VII B Hs, Nr. 161/1"$""$"https://www.arcinsys.niedersachsen.de/arcinsys/detailAction.action?detailid=v5538595"$"https://www.arcinsys-digitalisate.niedersachsen.de/nla_wo/vii_b_hs/nr._161--1/thumbs/preview.jpg"$"Teilweise"$"Reproduktion"$"Bitonal"$"Doppelseite"$"2022"$""$"Niedersächsisches Landesarchiv. Abteilung Wolfenbüttel"$"https://d-nb.info/gnd/11563-0"$"Wolfenbüttel"$"https://d-nb.info/gnd/4066832-0"$"Niedersächsisches Landesarchiv. Abteilung Wolfenbüttel"$"https://d-nb.info/gnd/11563-0"$"Wolfenbüttel"$"https://d-nb.info/gnd/4066832-0"
"45"$"NLA WO, VII B Hs, Nr. 161/2"$""$"https://www.arcinsys.niedersachsen.de/arcinsys/detailAction.action?detailid=v5538594"$"https://www.arcinsys-digitalisate.niedersachsen.de/nla_wo/vii_b_hs/nr._161--2/thumbs/preview.jpg"$"Teilweise"$"Reproduktion"$"Bitonal"$"Doppelseite"$"2022"$""$"Niedersächsisches Landesarchiv. Abteilung Wolfenbüttel"$"https://d-nb.info/gnd/11563-0"$"Wolfenbüttel"$"https://d-nb.info/gnd/4066832-0"$"Niedersächsisches Landesarchiv. Abteilung Wolfenbüttel"$"https://d-nb.info/gnd/11563-0"$"Wolfenbüttel"$"https://d-nb.info/gnd/4066832-0"
"46"$"NLA WO, VII B Hs, Nr. 162"$""$"https://www.arcinsys.niedersachsen.de/arcinsys/detailAction.action?detailid=v5538550"$"https://www.arcinsys-digitalisate.niedersachsen.de/nla_wo/vii_b_hs/nr._162/thumbs/preview.jpg"$"Komplett"$"Reproduktion"$"Bitonal"$"Doppelseite"$"2022"$""$"Niedersächsisches Landesarchiv. Abteilung Wolfenbüttel"$"https://d-nb.info/gnd/11563-0"$"Wolfenbüttel"$"https://d-nb.info/gnd/4066832-0"$"Niedersächsisches Landesarchiv. Abteilung Wolfenbüttel"$"https://d-nb.info/gnd/11563-0"$"Wolfenbüttel"$"https://d-nb.info/gnd/4066832-0"
"47"$"NLA WO, VII B Hs, Nr. 163"$""$"https://www.arcinsys.niedersachsen.de/arcinsys/detailAction.action?detailid=v5538551"$"https://www.arcinsys-digitalisate.niedersachsen.de/nla_wo/vii_b_hs/nr._163/thumbs/preview.jpg"$"Teilweise"$"Reproduktion"$"Bitonal"$"Doppelseite"$"2022"$""$"Niedersächsisches Landesarchiv. Abteilung Wolfenbüttel"$"https://d-nb.info/gnd/11563-0"$"Wolfenbüttel"$"https://d-nb.info/gnd/4066832-0"$"Niedersächsisches Landesarchiv. Abteilung Wolfenbüttel"$"https://d-nb.info/gnd/11563-0"$"Wolfenbüttel"$"https://d-nb.info/gnd/4066832-0"
"48"$"NLA WO, VII B Hs, Nr. 164"$""$"https://www.arcinsys.niedersachsen.de/arcinsys/detailAction.action?detailid=v5538596"$"https://www.arcinsys-digitalisate.niedersachsen.de/nla_wo/vii_b_hs/nr._164/thumbs/preview.jpg"$"Komplett"$"Reproduktion"$"Bitonal"$"Doppelseite"$"2022"$""$"Niedersächsisches Landesarchiv. Abteilung Wolfenbüttel"$"https://d-nb.info/gnd/11563-0"$"Wolfenbüttel"$"https://d-nb.info/gnd/4066832-0"$"Niedersächsisches Landesarchiv. Abteilung Wolfenbüttel"$"https://d-nb.info/gnd/11563-0"$"Wolfenbüttel"$"https://d-nb.info/gnd/4066832-0"
"49"$"NLA WO, VII B Hs, Nr. 165"$""$"https://www.arcinsys.niedersachsen.de/arcinsys/detailAction.action?detailid=v5538600"$"https://www.arcinsys-digitalisate.niedersachsen.de/nla_wo/vii_b_hs/nr._165/thumbs/preview.jpg"$"Komplett"$"Reproduktion"$"Bitonal"$"Doppelseite"$"2022"$""$"Niedersächsisches Landesarchiv. Abteilung Wolfenbüttel"$"https://d-nb.info/gnd/11563-0"$"Wolfenbüttel"$"https://d-nb.info/gnd/4066832-0"$"Niedersächsisches Landesarchiv. Abteilung Wolfenbüttel"$"https://d-nb.info/gnd/11563-0"$"Wolfenbüttel"$"https://d-nb.info/gnd/4066832-0"
"50"$"NLA WO, VII B Hs, Nr. 166"$""$"https://www.arcinsys.niedersachsen.de/arcinsys/detailAction.action?detailid=v5538599"$"https://www.arcinsys-digitalisate.niedersachsen.de/nla_wo/vii_b_hs/nr._166/thumbs/preview.jpg"$"Komplett"$"Reproduktion"$"Bitonal"$"Doppelseite"$"2022"$""$"Niedersächsisches Landesarchiv. Abteilung Wolfenbüttel"$"https://d-nb.info/gnd/11563-0"$"Wolfenbüttel"$"https://d-nb.info/gnd/4066832-0"$"Niedersächsisches Landesarchiv. Abteilung Wolfenbüttel"$"https://d-nb.info/gnd/11563-0"$"Wolfenbüttel"$"https://d-nb.info/gnd/4066832-0"
"51"$"NLA WO, VII B Hs, Nr. 167"$""$"https://www.arcinsys.niedersachsen.de/arcinsys/detailAction.action?detailid=v5538545"$"https://www.arcinsys-digitalisate.niedersachsen.de/nla_wo/vii_b_hs/nr._167/thumbs/preview.jpg"$"Komplett"$"Original"$"Standard"$"Doppelseite"$"2022"$""$"Niedersächsisches Landesarchiv. Abteilung Wolfenbüttel"$"https://d-nb.info/gnd/11563-0"$"Wolfenbüttel"$"https://d-nb.info/gnd/4066832-0"$"Niedersächsisches Landesarchiv. Abteilung Wolfenbüttel"$"https://d-nb.info/gnd/11563-0"$"Wolfenbüttel"$"https://d-nb.info/gnd/4066832-0"
"52"$"NLA WO, VII B Hs, Nr. 168"$""$"https://www.arcinsys.niedersachsen.de/arcinsys/detailAction.action?detailid=v5538607"$"https://www.arcinsys-digitalisate.niedersachsen.de/nla_wo/vii_b_hs/nr._168/thumbs/preview.jpg"$"Komplett"$"Reproduktion"$"Bitonal"$"Doppelseite"$"2022"$""$"Niedersächsisches Landesarchiv. Abteilung Wolfenbüttel"$"https://d-nb.info/gnd/11563-0"$"Wolfenbüttel"$"https://d-nb.info/gnd/4066832-0"$"Niedersächsisches Landesarchiv. Abteilung Wolfenbüttel"$"https://d-nb.info/gnd/11563-0"$"Wolfenbüttel"$"https://d-nb.info/gnd/4066832-0"
"53"$"NLA WO, VII B Hs, Nr. 169"$""$"https://www.arcinsys.niedersachsen.de/arcinsys/detailAction.action?detailid=v5538622"$"https://www.arcinsys-digitalisate.niedersachsen.de/nla_wo/vii_b_hs/nr._169/thumbs/preview.jpg"$"Komplett"$"Reproduktion"$"Bitonal"$"Doppelseite"$"2022"$""$"Niedersächsisches Landesarchiv. Abteilung Wolfenbüttel"$"https://d-nb.info/gnd/11563-0"$"Wolfenbüttel"$"https://d-nb.info/gnd/4066832-0"$"Niedersächsisches Landesarchiv. Abteilung Wolfenbüttel"$"https://d-nb.info/gnd/11563-0"$"Wolfenbüttel"$"https://d-nb.info/gnd/4066832-0"
"54"$"NLA WO, VII B Hs, Nr. 170"$""$"https://www.arcinsys.niedersachsen.de/arcinsys/detailAction.action?detailid=v5538630"$"https://www.arcinsys-digitalisate.niedersachsen.de/nla_wo/vii_b_hs/nr._170/thumbs/preview.jpg"$"Komplett"$"Reproduktion"$"Bitonal"$"Doppelseite"$"2022"$""$"Niedersächsisches Landesarchiv. Abteilung Wolfenbüttel"$"https://d-nb.info/gnd/11563-0"$"Wolfenbüttel"$"https://d-nb.info/gnd/4066832-0"$"Niedersächsisches Landesarchiv. Abteilung Wolfenbüttel"$"https://d-nb.info/gnd/11563-0"$"Wolfenbüttel"$"https://d-nb.info/gnd/4066832-0"
"55"$"NLA WO, VII B Hs, Nr. 171"$""$"https://www.arcinsys.niedersachsen.de/arcinsys/detailAction.action?detailid=v5538632"$"https://www.arcinsys-digitalisate.niedersachsen.de/nla_wo/vii_b_hs/nr._171/thumbs/preview.jpg"$"Komplett"$"Reproduktion"$"Bitonal"$"Doppelseite"$"2022"$""$"Niedersächsisches Landesarchiv. Abteilung Wolfenbüttel"$"https://d-nb.info/gnd/11563-0"$"Wolfenbüttel"$"https://d-nb.info/gnd/4066832-0"$"Niedersächsisches Landesarchiv. Abteilung Wolfenbüttel"$"https://d-nb.info/gnd/11563-0"$"Wolfenbüttel"$"https://d-nb.info/gnd/4066832-0"
"56"$"NLA WO, VII B Hs, Nr. 172"$""$"https://www.arcinsys.niedersachsen.de/arcinsys/detailAction.action?detailid=v5538631"$"https://www.arcinsys-digitalisate.niedersachsen.de/nla_wo/vii_b_hs/nr._172/thumbs/preview.jpg"$"Komplett"$"Reproduktion"$"Bitonal"$"Doppelseite"$"2022"$""$"Niedersächsisches Landesarchiv. Abteilung Wolfenbüttel"$"https://d-nb.info/gnd/11563-0"$"Wolfenbüttel"$"https://d-nb.info/gnd/4066832-0"$"Niedersächsisches Landesarchiv. Abteilung Wolfenbüttel"$"https://d-nb.info/gnd/11563-0"$"Wolfenbüttel"$"https://d-nb.info/gnd/4066832-0"
"57"$"NLA WO, VII B Hs, Nr. 173"$""$"https://www.arcinsys.niedersachsen.de/arcinsys/detailAction.action?detailid=v5538634"$"https://www.arcinsys-digitalisate.niedersachsen.de/nla_wo/vii_b_hs/nr._173/thumbs/preview.jpg"$"Komplett"$"Reproduktion"$"Bitonal"$"Doppelseite"$"2022"$""$"Niedersächsisches Landesarchiv. Abteilung Wolfenbüttel"$"https://d-nb.info/gnd/11563-0"$"Wolfenbüttel"$"https://d-nb.info/gnd/4066832-0"$"Niedersächsisches Landesarchiv. Abteilung Wolfenbüttel"$"https://d-nb.info/gnd/11563-0"$"Wolfenbüttel"$"https://d-nb.info/gnd/4066832-0"
"58"$"NLA WO, VII B Hs, Nr. 174"$""$"https://www.arcinsys.niedersachsen.de/arcinsys/detailAction.action?detailid=v5538633"$"https://www.arcinsys-digitalisate.niedersachsen.de/nla_wo/vii_b_hs/nr._174/thumbs/preview.jpg"$"Komplett"$"Reproduktion"$"Bitonal"$"Doppelseite"$"2022"$""$"Niedersächsisches Landesarchiv. Abteilung Wolfenbüttel"$"https://d-nb.info/gnd/11563-0"$"Wolfenbüttel"$"https://d-nb.info/gnd/4066832-0"$"Niedersächsisches Landesarchiv. Abteilung Wolfenbüttel"$"https://d-nb.info/gnd/11563-0"$"Wolfenbüttel"$"https://d-nb.info/gnd/4066832-0"
"59"$"NLA WO, VII B Hs, Nr. 175"$""$"https://www.arcinsys.niedersachsen.de/arcinsys/detailAction.action?detailid=v5538629"$"https://www.arcinsys-digitalisate.niedersachsen.de/nla_wo/vii_b_hs/nr._175/thumbs/preview.jpg"$"Komplett"$"Reproduktion"$"Bitonal"$"Doppelseite"$"2022"$""$"Niedersächsisches Landesarchiv. Abteilung Wolfenbüttel"$"https://d-nb.info/gnd/11563-0"$"Wolfenbüttel"$"https://d-nb.info/gnd/4066832-0"$"Niedersächsisches Landesarchiv. Abteilung Wolfenbüttel"$"https://d-nb.info/gnd/11563-0"$"Wolfenbüttel"$"https://d-nb.info/gnd/4066832-0"
"60"$"NLA WO, VII B Hs, Nr. 176"$""$"https://www.arcinsys.niedersachsen.de/arcinsys/detailAction.action?detailid=v5538628"$"https://www.arcinsys-digitalisate.niedersachsen.de/nla_wo/vii_b_hs/nr._176/thumbs/preview.jpg"$"Komplett"$"Reproduktion"$"Bitonal"$"Doppelseite"$"2022"$""$"Niedersächsisches Landesarchiv. Abteilung Wolfenbüttel"$"https://d-nb.info/gnd/11563-0"$"Wolfenbüttel"$"https://d-nb.info/gnd/4066832-0"$"Niedersächsisches Landesarchiv. Abteilung Wolfenbüttel"$"https://d-nb.info/gnd/11563-0"$"Wolfenbüttel"$"https://d-nb.info/gnd/4066832-0"
"61"$"NLA WO, VII B Hs, Nr. 177"$""$"https://www.arcinsys.niedersachsen.de/arcinsys/detailAction.action?detailid=v5538627"$"https://www.arcinsys-digitalisate.niedersachsen.de/nla_wo/vii_b_hs/nr._177/thumbs/preview.jpg"$"Komplett"$"Reproduktion"$"Bitonal"$"Doppelseite"$"2022"$""$"Niedersächsisches Landesarchiv. Abteilung Wolfenbüttel"$"https://d-nb.info/gnd/11563-0"$"Wolfenbüttel"$"https://d-nb.info/gnd/4066832-0"$"Niedersächsisches Landesarchiv. Abteilung Wolfenbüttel"$"https://d-nb.info/gnd/11563-0"$"Wolfenbüttel"$"https://d-nb.info/gnd/4066832-0"
"62"$"NLA WO, VII B Hs, Nr. 178"$""$"https://www.arcinsys.niedersachsen.de/arcinsys/detailAction.action?detailid=v5538626"$"https://www.arcinsys-digitalisate.niedersachsen.de/nla_wo/vii_b_hs/nr._178/thumbs/preview.jpg"$"Komplett"$"Reproduktion"$"Bitonal"$"Doppelseite"$"2022"$""$"Niedersächsisches Landesarchiv. Abteilung Wolfenbüttel"$"https://d-nb.info/gnd/11563-0"$"Wolfenbüttel"$"https://d-nb.info/gnd/4066832-0"$"Niedersächsisches Landesarchiv. Abteilung Wolfenbüttel"$"https://d-nb.info/gnd/11563-0"$"Wolfenbüttel"$"https://d-nb.info/gnd/4066832-0"
"63"$"NLA WO, VII B Hs, Nr. 179"$""$"https://www.arcinsys.niedersachsen.de/arcinsys/detailAction.action?detailid=v5538625"$"https://www.arcinsys-digitalisate.niedersachsen.de/nla_wo/vii_b_hs/nr._179/thumbs/preview.jpg"$"Komplett"$"Reproduktion"$"Bitonal"$"Doppelseite"$"2022"$""$"Niedersächsisches Landesarchiv. Abteilung Wolfenbüttel"$"https://d-nb.info/gnd/11563-0"$"Wolfenbüttel"$"https://d-nb.info/gnd/4066832-0"$"Niedersächsisches Landesarchiv. Abteilung Wolfenbüttel"$"https://d-nb.info/gnd/11563-0"$"Wolfenbüttel"$"https://d-nb.info/gnd/4066832-0"
"64"$"NLA WO, VII B Hs, Nr. 180"$""$"https://www.arcinsys.niedersachsen.de/arcinsys/detailAction.action?detailid=v5538624"$"https://www.arcinsys-digitalisate.niedersachsen.de/nla_wo/vii_b_hs/nr._180/thumbs/preview.jpg"$"Komplett"$"Reproduktion"$"Bitonal"$"Doppelseite"$"2022"$""$"Niedersächsisches Landesarchiv. Abteilung Wolfenbüttel"$"https://d-nb.info/gnd/11563-0"$"Wolfenbüttel"$"https://d-nb.info/gnd/4066832-0"$"Niedersächsisches Landesarchiv. Abteilung Wolfenbüttel"$"https://d-nb.info/gnd/11563-0"$"Wolfenbüttel"$"https://d-nb.info/gnd/4066832-0"
"65"$"NLA WO, VII B Hs, Nr. 181"$""$"https://www.arcinsys.niedersachsen.de/arcinsys/detailAction.action?detailid=v5538623"$"https://www.arcinsys-digitalisate.niedersachsen.de/nla_wo/vii_b_hs/nr._181/thumbs/preview.jpg"$"Komplett"$"Reproduktion"$"Bitonal"$"Doppelseite"$"2022"$""$"Niedersächsisches Landesarchiv. Abteilung Wolfenbüttel"$"https://d-nb.info/gnd/11563-0"$"Wolfenbüttel"$"https://d-nb.info/gnd/4066832-0"$"Niedersächsisches Landesarchiv. Abteilung Wolfenbüttel"$"https://d-nb.info/gnd/11563-0"$"Wolfenbüttel"$"https://d-nb.info/gnd/4066832-0"
"66"$"NLA WO, VII B Hs, Nr. 182"$""$"https://www.arcinsys.niedersachsen.de/arcinsys/detailAction.action?detailid=v5538620"$"https://www.arcinsys-digitalisate.niedersachsen.de/nla_wo/vii_b_hs/nr._182/thumbs/preview.jpg"$"Komplett"$"Reproduktion"$"Bitonal"$"Doppelseite"$"2022"$""$"Niedersächsisches Landesarchiv. Abteilung Wolfenbüttel"$"https://d-nb.info/gnd/11563-0"$"Wolfenbüttel"$"https://d-nb.info/gnd/4066832-0"$"Niedersächsisches Landesarchiv. Abteilung Wolfenbüttel"$"https://d-nb.info/gnd/11563-0"$"Wolfenbüttel"$"https://d-nb.info/gnd/4066832-0"
"67"$"NLA WO, VII B Hs, Nr. 183"$""$"https://www.arcinsys.niedersachsen.de/arcinsys/detailAction.action?detailid=v5538619"$"https://www.arcinsys-digitalisate.niedersachsen.de/nla_wo/vii_b_hs/nr._183/thumbs/preview.jpg"$"Komplett"$"Reproduktion"$"Bitonal"$"Doppelseite"$"2022"$""$"Niedersächsisches Landesarchiv. Abteilung Wolfenbüttel"$"https://d-nb.info/gnd/11563-0"$"Wolfenbüttel"$"https://d-nb.info/gnd/4066832-0"$"Niedersächsisches Landesarchiv. Abteilung Wolfenbüttel"$"https://d-nb.info/gnd/11563-0"$"Wolfenbüttel"$"https://d-nb.info/gnd/4066832-0"
"68"$"NLA WO, VII B Hs, Nr. 184"$""$"https://www.arcinsys.niedersachsen.de/arcinsys/detailAction.action?detailid=v5538621"$"https://www.arcinsys-digitalisate.niedersachsen.de/nla_wo/vii_b_hs/nr._184/thumbs/preview.jpg"$"Komplett"$"Reproduktion"$"Bitonal"$"Doppelseite"$"2022"$""$"Niedersächsisches Landesarchiv. Abteilung Wolfenbüttel"$"https://d-nb.info/gnd/11563-0"$"Wolfenbüttel"$"https://d-nb.info/gnd/4066832-0"$"Niedersächsisches Landesarchiv. Abteilung Wolfenbüttel"$"https://d-nb.info/gnd/11563-0"$"Wolfenbüttel"$"https://d-nb.info/gnd/4066832-0"
"69"$"NLA WO, VII B Hs, Nr. 185"$""$"https://www.arcinsys.niedersachsen.de/arcinsys/detailAction.action?detailid=v5538611"$"https://www.arcinsys-digitalisate.niedersachsen.de/nla_wo/vii_b_hs/nr._185/thumbs/preview.jpg"$"Komplett"$"Reproduktion"$"Bitonal"$"Doppelseite"$"2022"$""$"Niedersächsisches Landesarchiv. Abteilung Wolfenbüttel"$"https://d-nb.info/gnd/11563-0"$"Wolfenbüttel"$"https://d-nb.info/gnd/4066832-0"$"Niedersächsisches Landesarchiv. Abteilung Wolfenbüttel"$"https://d-nb.info/gnd/11563-0"$"Wolfenbüttel"$"https://d-nb.info/gnd/4066832-0"
"70"$"NLA WO, VII B Hs, Nr. 186"$""$"https://www.arcinsys.niedersachsen.de/arcinsys/detailAction.action?detailid=v5538612"$"https://www.arcinsys-digitalisate.niedersachsen.de/nla_wo/vii_b_hs/nr._186/thumbs/preview.jpg"$"Komplett"$"Reproduktion"$"Bitonal"$"Doppelseite"$"2022"$""$"Niedersächsisches Landesarchiv. Abteilung Wolfenbüttel"$"https://d-nb.info/gnd/11563-0"$"Wolfenbüttel"$"https://d-nb.info/gnd/4066832-0"$"Niedersächsisches Landesarchiv. Abteilung Wolfenbüttel"$"https://d-nb.info/gnd/11563-0"$"Wolfenbüttel"$"https://d-nb.info/gnd/4066832-0"
"71"$"NLA WO, VII B Hs, Nr. 187"$""$"https://www.arcinsys.niedersachsen.de/arcinsys/detailAction.action?detailid=v5538613"$"https://www.arcinsys-digitalisate.niedersachsen.de/nla_wo/vii_b_hs/nr._187/thumbs/preview.jpg"$"Komplett"$"Reproduktion"$"Bitonal"$"Doppelseite"$"2022"$""$"Niedersächsisches Landesarchiv. Abteilung Wolfenbüttel"$"https://d-nb.info/gnd/11563-0"$"Wolfenbüttel"$"https://d-nb.info/gnd/4066832-0"$"Niedersächsisches Landesarchiv. Abteilung Wolfenbüttel"$"https://d-nb.info/gnd/11563-0"$"Wolfenbüttel"$"https://d-nb.info/gnd/4066832-0"
"72"$"NLA WO, VII B Hs, Nr. 188"$""$"https://www.arcinsys.niedersachsen.de/arcinsys/detailAction.action?detailid=v5538614"$"https://www.arcinsys-digitalisate.niedersachsen.de/nla_wo/vii_b_hs/nr._188/thumbs/preview.jpg"$"Komplett"$"Reproduktion"$"Bitonal"$"Doppelseite"$"2022"$""$"Niedersächsisches Landesarchiv. Abteilung Wolfenbüttel"$"https://d-nb.info/gnd/11563-0"$"Wolfenbüttel"$"https://d-nb.info/gnd/4066832-0"$"Niedersächsisches Landesarchiv. Abteilung Wolfenbüttel"$"https://d-nb.info/gnd/11563-0"$"Wolfenbüttel"$"https://d-nb.info/gnd/4066832-0"
"73"$"NLA WO, VII B Hs, Nr. 189"$""$"https://www.arcinsys.niedersachsen.de/arcinsys/detailAction.action?detailid=v5538615"$"https://www.arcinsys-digitalisate.niedersachsen.de/nla_wo/vii_b_hs/nr._189/thumbs/preview.jpg"$"Komplett"$"Reproduktion"$"Bitonal"$"Doppelseite"$"2022"$""$"Niedersächsisches Landesarchiv. Abteilung Wolfenbüttel"$"https://d-nb.info/gnd/11563-0"$"Wolfenbüttel"$"https://d-nb.info/gnd/4066832-0"$"Niedersächsisches Landesarchiv. Abteilung Wolfenbüttel"$"https://d-nb.info/gnd/11563-0"$"Wolfenbüttel"$"https://d-nb.info/gnd/4066832-0"
"74"$"NLA WO, VII B Hs, Nr. 190"$""$"https://www.arcinsys.niedersachsen.de/arcinsys/detailAction.action?detailid=v5538616"$"https://www.arcinsys-digitalisate.niedersachsen.de/nla_wo/vii_b_hs/nr._190/thumbs/preview.jpg"$"Komplett"$"Reproduktion"$"Bitonal"$"Doppelseite"$"2022"$""$"Niedersächsisches Landesarchiv. Abteilung Wolfenbüttel"$"https://d-nb.info/gnd/11563-0"$"Wolfenbüttel"$"https://d-nb.info/gnd/4066832-0"$"Niedersächsisches Landesarchiv. Abteilung Wolfenbüttel"$"https://d-nb.info/gnd/11563-0"$"Wolfenbüttel"$"https://d-nb.info/gnd/4066832-0"
"75"$"NLA WO, VII B Hs, Nr. 192"$""$"https://www.arcinsys.niedersachsen.de/arcinsys/detailAction.action?detailid=v5538618"$"https://www.arcinsys-digitalisate.niedersachsen.de/nla_wo/vii_b_hs/nr._192/thumbs/preview.jpg"$"Komplett"$"Reproduktion"$"Bitonal"$"Doppelseite"$"2022"$""$"Niedersächsisches Landesarchiv. Abteilung Wolfenbüttel"$"https://d-nb.info/gnd/11563-0"$"Wolfenbüttel"$"https://d-nb.info/gnd/4066832-0"$"Niedersächsisches Landesarchiv. Abteilung Wolfenbüttel"$"https://d-nb.info/gnd/11563-0"$"Wolfenbüttel"$"https://d-nb.info/gnd/4066832-0"
"76"$"NLA WO, VII B Hs, Nr. 193"$""$"https://www.arcinsys.niedersachsen.de/arcinsys/detailAction.action?detailid=v5538544"$"https://www.arcinsys-digitalisate.niedersachsen.de/nla_wo/vii_b_hs/nr._193/thumbs/preview.jpg"$"Komplett"$"Original"$"Standard"$"Doppelseite"$"2022"$""$"Niedersächsisches Landesarchiv. Abteilung Wolfenbüttel"$"https://d-nb.info/gnd/11563-0"$"Wolfenbüttel"$"https://d-nb.info/gnd/4066832-0"$"Niedersächsisches Landesarchiv. Abteilung Wolfenbüttel"$"https://d-nb.info/gnd/11563-0"$"Wolfenbüttel"$"https://d-nb.info/gnd/4066832-0"
"77"$"NLA WO, VII B Hs, Nr. 194"$""$"https://www.arcinsys.niedersachsen.de/arcinsys/detailAction.action?detailid=v5538648"$"https://www.arcinsys-digitalisate.niedersachsen.de/nla_wo/vii_b_hs/nr._194/thumbs/preview.jpg"$"Komplett"$"Reproduktion"$"Bitonal"$"Doppelseite"$"2022"$""$"Niedersächsisches Landesarchiv. Abteilung Wolfenbüttel"$"https://d-nb.info/gnd/11563-0"$"Wolfenbüttel"$"https://d-nb.info/gnd/4066832-0"$"Niedersächsisches Landesarchiv. Abteilung Wolfenbüttel"$"https://d-nb.info/gnd/11563-0"$"Wolfenbüttel"$"https://d-nb.info/gnd/4066832-0"
"78"$"NLA WO, VII B Hs, Nr. 195"$""$"https://www.arcinsys.niedersachsen.de/arcinsys/detailAction.action?detailid=v5538647"$"https://www.arcinsys-digitalisate.niedersachsen.de/nla_wo/vii_b_hs/nr._195/thumbs/preview.jpg"$"Komplett"$"Reproduktion"$"Bitonal"$"Doppelseite"$"2022"$""$"Niedersächsisches Landesarchiv. Abteilung Wolfenbüttel"$"https://d-nb.info/gnd/11563-0"$"Wolfenbüttel"$"https://d-nb.info/gnd/4066832-0"$"Niedersächsisches Landesarchiv. Abteilung Wolfenbüttel"$"https://d-nb.info/gnd/11563-0"$"Wolfenbüttel"$"https://d-nb.info/gnd/4066832-0"
"79"$"NLA WO, VII B Hs, Nr. 196"$""$"https://www.arcinsys.niedersachsen.de/arcinsys/detailAction.action?detailid=v5538579"$"https://www.arcinsys-digitalisate.niedersachsen.de/nla_wo/vii_b_hs/nr._196/thumbs/preview.jpg"$"Komplett"$"Reproduktion"$"Bitonal"$"Doppelseite"$"2022"$""$"Niedersächsisches Landesarchiv. Abteilung Wolfenbüttel"$"https://d-nb.info/gnd/11563-0"$"Wolfenbüttel"$"https://d-nb.info/gnd/4066832-0"$"Niedersächsisches Landesarchiv. Abteilung Wolfenbüttel"$"https://d-nb.info/gnd/11563-0"$"Wolfenbüttel"$"https://d-nb.info/gnd/4066832-0"
"80"$"NLA WO, VII B Hs, Nr. 197"$""$"https://www.arcinsys.niedersachsen.de/arcinsys/detailAction.action?detailid=v5538572"$"https://www.arcinsys-digitalisate.niedersachsen.de/nla_wo/vii_b_hs/nr._197/thumbs/preview.jpg"$"Komplett"$"Reproduktion"$"Bitonal"$"Doppelseite"$"2022"$""$"Niedersächsisches Landesarchiv. Abteilung Wolfenbüttel"$"https://d-nb.info/gnd/11563-0"$"Wolfenbüttel"$"https://d-nb.info/gnd/4066832-0"$"Niedersächsisches Landesarchiv. Abteilung Wolfenbüttel"$"https://d-nb.info/gnd/11563-0"$"Wolfenbüttel"$"https://d-nb.info/gnd/4066832-0"
"81"$"NLA WO, VII B Hs, Nr. 198"$""$"https://www.arcinsys.niedersachsen.de/arcinsys/detailAction.action?detailid=v5538576"$"https://www.arcinsys-digitalisate.niedersachsen.de/nla_wo/vii_b_hs/nr._198/thumbs/preview.jpg"$"Komplett"$"Reproduktion"$"Bitonal"$"Doppelseite"$"2022"$""$"Niedersächsisches Landesarchiv. Abteilung Wolfenbüttel"$"https://d-nb.info/gnd/11563-0"$"Wolfenbüttel"$"https://d-nb.info/gnd/4066832-0"$"Niedersächsisches Landesarchiv. Abteilung Wolfenbüttel"$"https://d-nb.info/gnd/11563-0"$"Wolfenbüttel"$"https://d-nb.info/gnd/4066832-0"
"82"$"NLA WO, VII B Hs, Nr. 199"$""$"https://www.arcinsys.niedersachsen.de/arcinsys/detailAction.action?detailid=v5538578"$"https://www.arcinsys-digitalisate.niedersachsen.de/nla_wo/vii_b_hs/nr._199/thumbs/preview.jpg"$"Komplett"$"Reproduktion"$"Bitonal"$"Doppelseite"$"2022"$""$"Niedersächsisches Landesarchiv. Abteilung Wolfenbüttel"$"https://d-nb.info/gnd/11563-0"$"Wolfenbüttel"$"https://d-nb.info/gnd/4066832-0"$"Niedersächsisches Landesarchiv. Abteilung Wolfenbüttel"$"https://d-nb.info/gnd/11563-0"$"Wolfenbüttel"$"https://d-nb.info/gnd/4066832-0"
"83"$"NLA WO, VII B Hs, Nr. 200"$""$"https://www.arcinsys.niedersachsen.de/arcinsys/detailAction.action?detailid=v5538577"$"https://www.arcinsys-digitalisate.niedersachsen.de/nla_wo/vii_b_hs/nr._200/thumbs/preview.jpg"$"Komplett"$"Reproduktion"$"Bitonal"$"Doppelseite"$"2022"$""$"Niedersächsisches Landesarchiv. Abteilung Wolfenbüttel"$"https://d-nb.info/gnd/11563-0"$"Wolfenbüttel"$"https://d-nb.info/gnd/4066832-0"$"Niedersächsisches Landesarchiv. Abteilung Wolfenbüttel"$"https://d-nb.info/gnd/11563-0"$"Wolfenbüttel"$"https://d-nb.info/gnd/4066832-0"
"84"$"NLA WO, VII B Hs, Nr. 201"$""$"https://www.arcinsys.niedersachsen.de/arcinsys/detailAction.action?detailid=v5538573"$"https://www.arcinsys-digitalisate.niedersachsen.de/nla_wo/vii_b_hs/nr._201/thumbs/preview.jpg"$"Komplett"$"Reproduktion"$"Bitonal"$"Doppelseite"$"2022"$""$"Niedersächsisches Landesarchiv. Abteilung Wolfenbüttel"$"https://d-nb.info/gnd/11563-0"$"Wolfenbüttel"$"https://d-nb.info/gnd/4066832-0"$"Niedersächsisches Landesarchiv. Abteilung Wolfenbüttel"$"https://d-nb.info/gnd/11563-0"$"Wolfenbüttel"$"https://d-nb.info/gnd/4066832-0"
"85"$"NLA WO, VII B Hs, Nr. 202"$""$"https://www.arcinsys.niedersachsen.de/arcinsys/detailAction.action?detailid=v5538571"$"https://www.arcinsys-digitalisate.niedersachsen.de/nla_wo/vii_b_hs/nr._202/thumbs/preview.jpg"$"Komplett"$"Reproduktion"$"Bitonal"$"Doppelseite"$"2022"$""$"Niedersächsisches Landesarchiv. Abteilung Wolfenbüttel"$"https://d-nb.info/gnd/11563-0"$"Wolfenbüttel"$"https://d-nb.info/gnd/4066832-0"$"Niedersächsisches Landesarchiv. Abteilung Wolfenbüttel"$"https://d-nb.info/gnd/11563-0"$"Wolfenbüttel"$"https://d-nb.info/gnd/4066832-0"
"86"$"NLA WO, VII B Hs, Nr. 203"$""$"https://www.arcinsys.niedersachsen.de/arcinsys/detailAction.action?detailid=v5538569"$"https://www.arcinsys-digitalisate.niedersachsen.de/nla_wo/vii_b_hs/nr._203/thumbs/preview.jpg"$"Komplett"$"Reproduktion"$"Bitonal"$"Doppelseite"$"2022"$""$"Niedersächsisches Landesarchiv. Abteilung Wolfenbüttel"$"https://d-nb.info/gnd/11563-0"$"Wolfenbüttel"$"https://d-nb.info/gnd/4066832-0"$"Niedersächsisches Landesarchiv. Abteilung Wolfenbüttel"$"https://d-nb.info/gnd/11563-0"$"Wolfenbüttel"$"https://d-nb.info/gnd/4066832-0"
"87"$"NLA WO, VII B Hs, Nr. 204"$""$"https://www.arcinsys.niedersachsen.de/arcinsys/detailAction.action?detailid=v5538575"$"https://www.arcinsys-digitalisate.niedersachsen.de/nla_wo/vii_b_hs/nr._204/thumbs/preview.jpg"$"Komplett"$"Reproduktion"$"Bitonal"$"Doppelseite"$"2022"$""$"Niedersächsisches Landesarchiv. Abteilung Wolfenbüttel"$"https://d-nb.info/gnd/11563-0"$"Wolfenbüttel"$"https://d-nb.info/gnd/4066832-0"$"Niedersächsisches Landesarchiv. Abteilung Wolfenbüttel"$"https://d-nb.info/gnd/11563-0"$"Wolfenbüttel"$"https://d-nb.info/gnd/4066832-0"
"88"$"NLA WO, VII B Hs, Nr. 205"$""$"https://www.arcinsys.niedersachsen.de/arcinsys/detailAction.action?detailid=v5538574"$"https://www.arcinsys-digitalisate.niedersachsen.de/nla_wo/vii_b_hs/nr._205/thumbs/preview.jpg"$"Komplett"$"Reproduktion"$"Bitonal"$"Doppelseite"$"2022"$""$"Niedersächsisches Landesarchiv. Abteilung Wolfenbüttel"$"https://d-nb.info/gnd/11563-0"$"Wolfenbüttel"$"https://d-nb.info/gnd/4066832-0"$"Niedersächsisches Landesarchiv. Abteilung Wolfenbüttel"$"https://d-nb.info/gnd/11563-0"$"Wolfenbüttel"$"https://d-nb.info/gnd/4066832-0"
"89"$"NLA WO, VII B Hs, Nr. 206"$""$"https://www.arcinsys.niedersachsen.de/arcinsys/detailAction.action?detailid=v5538570"$"https://www.arcinsys-digitalisate.niedersachsen.de/nla_wo/vii_b_hs/nr._206/thumbs/preview.jpg"$"Komplett"$"Reproduktion"$"Bitonal"$"Doppelseite"$"2022"$""$"Niedersächsisches Landesarchiv. Abteilung Wolfenbüttel"$"https://d-nb.info/gnd/11563-0"$"Wolfenbüttel"$"https://d-nb.info/gnd/4066832-0"$"Niedersächsisches Landesarchiv. Abteilung Wolfenbüttel"$"https://d-nb.info/gnd/11563-0"$"Wolfenbüttel"$"https://d-nb.info/gnd/4066832-0"
"90"$"NLA WO, VII B Hs, Nr. 207"$""$"https://www.arcinsys.niedersachsen.de/arcinsys/detailAction.action?detailid=v5538610"$"https://www.arcinsys-digitalisate.niedersachsen.de/nla_wo/vii_b_hs/nr._207/thumbs/preview.jpg"$"Komplett"$"Reproduktion"$"Bitonal"$"Doppelseite"$"2022"$""$"Niedersächsisches Landesarchiv. Abteilung Wolfenbüttel"$"https://d-nb.info/gnd/11563-0"$"Wolfenbüttel"$"https://d-nb.info/gnd/4066832-0"$"Niedersächsisches Landesarchiv. Abteilung Wolfenbüttel"$"https://d-nb.info/gnd/11563-0"$"Wolfenbüttel"$"https://d-nb.info/gnd/4066832-0"
"91"$"NLA WO, VII B Hs, Nr. 208"$""$"https://www.arcinsys.niedersachsen.de/arcinsys/detailAction.action?detailid=v5538555"$"https://www.arcinsys-digitalisate.niedersachsen.de/nla_wo/vii_b_hs/nr._208/thumbs/preview.jpg"$"Komplett"$"Reproduktion"$"Bitonal"$"Doppelseite"$"2022"$""$"Niedersächsisches Landesarchiv. Abteilung Wolfenbüttel"$"https://d-nb.info/gnd/11563-0"$"Wolfenbüttel"$"https://d-nb.info/gnd/4066832-0"$"Niedersächsisches Landesarchiv. Abteilung Wolfenbüttel"$"https://d-nb.info/gnd/11563-0"$"Wolfenbüttel"$"https://d-nb.info/gnd/4066832-0"
"92"$"NLA WO, VII B Hs, Nr. 209"$""$"https://www.arcinsys.niedersachsen.de/arcinsys/detailAction.action?detailid=v5538590"$"https://www.arcinsys-digitalisate.niedersachsen.de/nla_wo/vii_b_hs/nr._209/thumbs/preview.jpg"$"Komplett"$"Reproduktion"$"Bitonal"$"Doppelseite"$"2022"$""$"Niedersächsisches Landesarchiv. Abteilung Wolfenbüttel"$"https://d-nb.info/gnd/11563-0"$"Wolfenbüttel"$"https://d-nb.info/gnd/4066832-0"$"Niedersächsisches Landesarchiv. Abteilung Wolfenbüttel"$"https://d-nb.info/gnd/11563-0"$"Wolfenbüttel"$"https://d-nb.info/gnd/4066832-0"
"93"$"NLA WO, VII B Hs, Nr. 210"$""$"https://www.arcinsys.niedersachsen.de/arcinsys/detailAction.action?detailid=v5538591"$"https://www.arcinsys-digitalisate.niedersachsen.de/nla_wo/vii_b_hs/nr._210/thumbs/preview.jpg"$"Komplett"$"Reproduktion"$"Bitonal"$"Doppelseite"$"2022"$""$"Niedersächsisches Landesarchiv. Abteilung Wolfenbüttel"$"https://d-nb.info/gnd/11563-0"$"Wolfenbüttel"$"https://d-nb.info/gnd/4066832-0"$"Niedersächsisches Landesarchiv. Abteilung Wolfenbüttel"$"https://d-nb.info/gnd/11563-0"$"Wolfenbüttel"$"https://d-nb.info/gnd/4066832-0"
"94"$"NLA WO, VII B Hs, Nr. 211"$""$"https://www.arcinsys.niedersachsen.de/arcinsys/detailAction.action?detailid=v5538589"$"https://www.arcinsys-digitalisate.niedersachsen.de/nla_wo/vii_b_hs/nr._211/thumbs/preview.jpg"$"Komplett"$"Reproduktion"$"Bitonal"$"Doppelseite"$"2022"$""$"Niedersächsisches Landesarchiv. Abteilung Wolfenbüttel"$"https://d-nb.info/gnd/11563-0"$"Wolfenbüttel"$"https://d-nb.info/gnd/4066832-0"$"Niedersächsisches Landesarchiv. Abteilung Wolfenbüttel"$"https://d-nb.info/gnd/11563-0"$"Wolfenbüttel"$"https://d-nb.info/gnd/4066832-0"
"95"$"NLA WO, VII B Hs, Nr. 212"$""$"https://www.arcinsys.niedersachsen.de/arcinsys/detailAction.action?detailid=v5538552"$"https://www.arcinsys-digitalisate.niedersachsen.de/nla_wo/vii_b_hs/nr._212/thumbs/preview.jpg"$"Komplett"$"Reproduktion"$"Bitonal"$"Doppelseite"$"2022"$""$"Niedersächsisches Landesarchiv. Abteilung Wolfenbüttel"$"https://d-nb.info/gnd/11563-0"$"Wolfenbüttel"$"https://d-nb.info/gnd/4066832-0"$"Niedersächsisches Landesarchiv. Abteilung Wolfenbüttel"$"https://d-nb.info/gnd/11563-0"$"Wolfenbüttel"$"https://d-nb.info/gnd/4066832-0"
"96"$"NLA WO, VII B Hs, Nr. 213"$""$"https://www.arcinsys.niedersachsen.de/arcinsys/detailAction.action?detailid=v5538553"$"https://www.arcinsys-digitalisate.niedersachsen.de/nla_wo/vii_b_hs/nr._213/thumbs/preview.jpg"$"Komplett"$"Reproduktion"$"Bitonal"$"Doppelseite"$"2022"$""$"Niedersächsisches Landesarchiv. Abteilung Wolfenbüttel"$"https://d-nb.info/gnd/11563-0"$"Wolfenbüttel"$"https://d-nb.info/gnd/4066832-0"$"Niedersächsisches Landesarchiv. Abteilung Wolfenbüttel"$"https://d-nb.info/gnd/11563-0"$"Wolfenbüttel"$"https://d-nb.info/gnd/4066832-0"
"97"$"NLA WO, VII B Hs, Nr. 214"$""$"https://www.arcinsys.niedersachsen.de/arcinsys/detailAction.action?detailid=v5538554"$"https://www.arcinsys-digitalisate.niedersachsen.de/nla_wo/vii_b_hs/nr._214/thumbs/preview.jpg"$"Komplett"$"Reproduktion"$"Bitonal"$"Einzelseite"$"2022"$""$"Niedersächsisches Landesarchiv. Abteilung Wolfenbüttel"$"https://d-nb.info/gnd/11563-0"$"Wolfenbüttel"$"https://d-nb.info/gnd/4066832-0"$"Niedersächsisches Landesarchiv. Abteilung Wolfenbüttel"$"https://d-nb.info/gnd/11563-0"$"Wolfenbüttel"$"https://d-nb.info/gnd/4066832-0"
"98"$"NLA WO, VII B Hs, Nr. 215"$""$"https://www.arcinsys.niedersachsen.de/arcinsys/detailAction.action?detailid=v5538543"$"https://www.arcinsys-digitalisate.niedersachsen.de/nla_wo/vii_b_hs/nr._215/thumbs/preview.jpg"$"Komplett"$"Original"$"Standard"$"Doppelseite"$"2022"$""$"Niedersächsisches Landesarchiv. Abteilung Wolfenbüttel"$"https://d-nb.info/gnd/11563-0"$"Wolfenbüttel"$"https://d-nb.info/gnd/4066832-0"$"Niedersächsisches Landesarchiv. Abteilung Wolfenbüttel"$"https://d-nb.info/gnd/11563-0"$"Wolfenbüttel"$"https://d-nb.info/gnd/4066832-0"
"99"$"NLA WO, VII B Hs, Nr. 216"$""$"https://www.arcinsys.niedersachsen.de/arcinsys/detailAction.action?detailid=v5538556"$"https://www.arcinsys-digitalisate.niedersachsen.de/nla_wo/vii_b_hs/nr._216/thumbs/preview.jpg"$"Komplett"$"Reproduktion"$"Bitonal"$"Doppelseite"$"2022"$""$"Niedersächsisches Landesarchiv. Abteilung Wolfenbüttel"$"https://d-nb.info/gnd/11563-0"$"Wolfenbüttel"$"https://d-nb.info/gnd/4066832-0"$"Niedersächsisches Landesarchiv. Abteilung Wolfenbüttel"$"https://d-nb.info/gnd/11563-0"$"Wolfenbüttel"$"https://d-nb.info/gnd/4066832-0"
"100"$"NLA WO, VII B Hs, Nr. 217"$""$"https://www.arcinsys.niedersachsen.de/arcinsys/detailAction.action?detailid=v5538649"$"https://www.arcinsys-digitalisate.niedersachsen.de/nla_wo/vii_b_hs/nr._217/thumbs/preview.jpg"$"Komplett"$"Reproduktion"$"Bitonal"$"Doppelseite"$"2022"$""$"Niedersächsisches Landesarchiv. Abteilung Wolfenbüttel"$"https://d-nb.info/gnd/11563-0"$"Wolfenbüttel"$"https://d-nb.info/gnd/4066832-0"$"Niedersächsisches Landesarchiv. Abteilung Wolfenbüttel"$"https://d-nb.info/gnd/11563-0"$"Wolfenbüttel"$"https://d-nb.info/gnd/4066832-0"
"101"$"NLA WO, VII B Hs, Nr. 218"$""$"https://www.arcinsys.niedersachsen.de/arcinsys/detailAction.action?detailid=v5538593"$"https://www.arcinsys-digitalisate.niedersachsen.de/nla_wo/vii_b_hs/nr._218/thumbs/preview.jpg"$"Komplett"$"Reproduktion"$"Bitonal"$"Doppelseite"$"2022"$""$"Niedersächsisches Landesarchiv. Abteilung Wolfenbüttel"$"https://d-nb.info/gnd/11563-0"$"Wolfenbüttel"$"https://d-nb.info/gnd/4066832-0"$"Niedersächsisches Landesarchiv. Abteilung Wolfenbüttel"$"https://d-nb.info/gnd/11563-0"$"Wolfenbüttel"$"https://d-nb.info/gnd/4066832-0"
"102"$"NLA WO, VII B Hs, Nr. 219"$""$"https://www.arcinsys.niedersachsen.de/arcinsys/detailAction.action?detailid=v5538604"$"https://www.arcinsys-digitalisate.niedersachsen.de/nla_wo/vii_b_hs/nr._219/thumbs/preview.jpg"$"Komplett"$"Reproduktion"$"Bitonal"$"Doppelseite"$"2022"$""$"Niedersächsisches Landesarchiv. Abteilung Wolfenbüttel"$"https://d-nb.info/gnd/11563-0"$"Wolfenbüttel"$"https://d-nb.info/gnd/4066832-0"$"Niedersächsisches Landesarchiv. Abteilung Wolfenbüttel"$"https://d-nb.info/gnd/11563-0"$"Wolfenbüttel"$"https://d-nb.info/gnd/4066832-0"
"103"$"NLA WO, VII B Hs, Nr. 220"$""$"https://www.arcinsys.niedersachsen.de/arcinsys/detailAction.action?detailid=v5538605"$"https://www.arcinsys-digitalisate.niedersachsen.de/nla_wo/vii_b_hs/nr._220/thumbs/preview.jpg"$"Komplett"$"Reproduktion"$"Bitonal"$"Doppelseite"$"2022"$""$"Niedersächsisches Landesarchiv. Abteilung Wolfenbüttel"$"https://d-nb.info/gnd/11563-0"$"Wolfenbüttel"$"https://d-nb.info/gnd/4066832-0"$"Niedersächsisches Landesarchiv. Abteilung Wolfenbüttel"$"https://d-nb.info/gnd/11563-0"$"Wolfenbüttel"$"https://d-nb.info/gnd/4066832-0"
"104"$"NLA WO, VII B Hs, Nr. 221"$""$"https://www.arcinsys.niedersachsen.de/arcinsys/detailAction.action?detailid=v5538643"$"https://www.arcinsys-digitalisate.niedersachsen.de/nla_wo/vii_b_hs/nr._221/thumbs/preview.jpg"$"Komplett"$"Reproduktion"$"Bitonal"$"Doppelseite"$"2022"$""$"Niedersächsisches Landesarchiv. Abteilung Wolfenbüttel"$"https://d-nb.info/gnd/11563-0"$"Wolfenbüttel"$"https://d-nb.info/gnd/4066832-0"$"Niedersächsisches Landesarchiv. Abteilung Wolfenbüttel"$"https://d-nb.info/gnd/11563-0"$"Wolfenbüttel"$"https://d-nb.info/gnd/4066832-0"
"105"$"NLA WO, VII B Hs, Nr. 222"$""$"https://www.arcinsys.niedersachsen.de/arcinsys/detailAction.action?detailid=v5538636"$"https://www.arcinsys-digitalisate.niedersachsen.de/nla_wo/vii_b_hs/nr._222/thumbs/preview.jpg"$"Komplett"$"Reproduktion"$"Bitonal"$"Doppelseite"$"2022"$""$"Niedersächsisches Landesarchiv. Abteilung Wolfenbüttel"$"https://d-nb.info/gnd/11563-0"$"Wolfenbüttel"$"https://d-nb.info/gnd/4066832-0"$"Niedersächsisches Landesarchiv. Abteilung Wolfenbüttel"$"https://d-nb.info/gnd/11563-0"$"Wolfenbüttel"$"https://d-nb.info/gnd/4066832-0"
"106"$"NLA WO, VII B Hs, Nr. 223"$""$"https://www.arcinsys.niedersachsen.de/arcinsys/detailAction.action?detailid=v5538646"$"https://www.arcinsys-digitalisate.niedersachsen.de/nla_wo/vii_b_hs/nr._223/thumbs/preview.jpg"$"Komplett"$"Reproduktion"$"Bitonal"$"Doppelseite"$"2022"$""$"Niedersächsisches Landesarchiv. Abteilung Wolfenbüttel"$"https://d-nb.info/gnd/11563-0"$"Wolfenbüttel"$"https://d-nb.info/gnd/4066832-0"$"Niedersächsisches Landesarchiv. Abteilung Wolfenbüttel"$"https://d-nb.info/gnd/11563-0"$"Wolfenbüttel"$"https://d-nb.info/gnd/4066832-0"
"107"$"NLA WO, VII B Hs, Nr. 224"$""$"https://www.arcinsys.niedersachsen.de/arcinsys/detailAction.action?detailid=v5538609"$"https://www.arcinsys-digitalisate.niedersachsen.de/nla_wo/vii_b_hs/nr._224/thumbs/preview.jpg"$"Komplett"$"Reproduktion"$"Bitonal"$"Doppelseite"$"2022"$""$"Niedersächsisches Landesarchiv. Abteilung Wolfenbüttel"$"https://d-nb.info/gnd/11563-0"$"Wolfenbüttel"$"https://d-nb.info/gnd/4066832-0"$"Niedersächsisches Landesarchiv. Abteilung Wolfenbüttel"$"https://d-nb.info/gnd/11563-0"$"Wolfenbüttel"$"https://d-nb.info/gnd/4066832-0"
"108"$"NLA WO, VII B Hs, Nr. 225"$""$"https://www.arcinsys.niedersachsen.de/arcinsys/detailAction.action?detailid=v5538608"$"https://www.arcinsys-digitalisate.niedersachsen.de/nla_wo/vii_b_hs/nr._225/thumbs/preview.jpg"$"Komplett"$"Reproduktion"$"Bitonal"$"Doppelseite"$"2022"$""$"Niedersächsisches Landesarchiv. Abteilung Wolfenbüttel"$"https://d-nb.info/gnd/11563-0"$"Wolfenbüttel"$"https://d-nb.info/gnd/4066832-0"$"Niedersächsisches Landesarchiv. Abteilung Wolfenbüttel"$"https://d-nb.info/gnd/11563-0"$"Wolfenbüttel"$"https://d-nb.info/gnd/4066832-0"
"109"$"NLA WO, VII B Hs, Nr. 226"$""$"https://www.arcinsys.niedersachsen.de/arcinsys/detailAction.action?detailid=v5538606"$"https://www.arcinsys-digitalisate.niedersachsen.de/nla_wo/vii_b_hs/nr._226/thumbs/preview.jpg"$"Komplett"$"Reproduktion"$"Bitonal"$"Doppelseite"$"2022"$""$"Niedersächsisches Landesarchiv. Abteilung Wolfenbüttel"$"https://d-nb.info/gnd/11563-0"$"Wolfenbüttel"$"https://d-nb.info/gnd/4066832-0"$"Niedersächsisches Landesarchiv. Abteilung Wolfenbüttel"$"https://d-nb.info/gnd/11563-0"$"Wolfenbüttel"$"https://d-nb.info/gnd/4066832-0"
"110"$"NLA WO, VII B Hs, Nr. 227"$""$"https://www.arcinsys.niedersachsen.de/arcinsys/detailAction.action?detailid=v5538538"$"https://www.arcinsys-digitalisate.niedersachsen.de/nla_wo/vii_b_hs/nr._227/thumbs/preview.jpg"$"Komplett"$"Reproduktion"$"Bitonal"$"Doppelseite"$"2022"$""$"Niedersächsisches Landesarchiv. Abteilung Wolfenbüttel"$"https://d-nb.info/gnd/11563-0"$"Wolfenbüttel"$"https://d-nb.info/gnd/4066832-0"$"Niedersächsisches Landesarchiv. Abteilung Wolfenbüttel"$"https://d-nb.info/gnd/11563-0"$"Wolfenbüttel"$"https://d-nb.info/gnd/4066832-0"
"111"$"NLA WO, VII B Hs, Nr. 228"$""$"https://www.arcinsys.niedersachsen.de/arcinsys/detailAction.action?detailid=v5538541"$"https://www.arcinsys-digitalisate.niedersachsen.de/nla_wo/vii_b_hs/nr._228/thumbs/preview.jpg"$"Komplett"$"Reproduktion"$"Bitonal"$"Doppelseite"$"2022"$""$"Niedersächsisches Landesarchiv. Abteilung Wolfenbüttel"$"https://d-nb.info/gnd/11563-0"$"Wolfenbüttel"$"https://d-nb.info/gnd/4066832-0"$"Niedersächsisches Landesarchiv. Abteilung Wolfenbüttel"$"https://d-nb.info/gnd/11563-0"$"Wolfenbüttel"$"https://d-nb.info/gnd/4066832-0"
"112"$"NLA WO, VII B Hs, Nr. 229"$""$"https://www.arcinsys.niedersachsen.de/arcinsys/detailAction.action?detailid=v5538539"$"https://www.arcinsys-digitalisate.niedersachsen.de/nla_wo/vii_b_hs/nr._229/thumbs/preview.jpg"$"Komplett"$"Reproduktion"$"Bitonal"$"Doppelseite"$"2022"$""$"Niedersächsisches Landesarchiv. Abteilung Wolfenbüttel"$"https://d-nb.info/gnd/11563-0"$"Wolfenbüttel"$"https://d-nb.info/gnd/4066832-0"$"Niedersächsisches Landesarchiv. Abteilung Wolfenbüttel"$"https://d-nb.info/gnd/11563-0"$"Wolfenbüttel"$"https://d-nb.info/gnd/4066832-0"
"113"$"NLA WO, VII B Hs, Nr. 230"$""$"https://www.arcinsys.niedersachsen.de/arcinsys/detailAction.action?detailid=v5538540"$"https://www.arcinsys-digitalisate.niedersachsen.de/nla_wo/vii_b_hs/nr._230/thumbs/preview.jpg"$"Komplett"$"Reproduktion"$"Bitonal"$"Doppelseite"$"2022"$""$"Niedersächsisches Landesarchiv. Abteilung Wolfenbüttel"$"https://d-nb.info/gnd/11563-0"$"Wolfenbüttel"$"https://d-nb.info/gnd/4066832-0"$"Niedersächsisches Landesarchiv. Abteilung Wolfenbüttel"$"https://d-nb.info/gnd/11563-0"$"Wolfenbüttel"$"https://d-nb.info/gnd/4066832-0"
"114"$"NLA WO, VII B Hs, Nr. 231"$""$"https://www.arcinsys.niedersachsen.de/arcinsys/detailAction.action?detailid=v5538534"$"https://www.arcinsys-digitalisate.niedersachsen.de/nla_wo/vii_b_hs/nr._231/thumbs/preview.jpg"$"Komplett"$"Reproduktion"$"Bitonal"$"Doppelseite"$"2022"$""$"Niedersächsisches Landesarchiv. Abteilung Wolfenbüttel"$"https://d-nb.info/gnd/11563-0"$"Wolfenbüttel"$"https://d-nb.info/gnd/4066832-0"$"Niedersächsisches Landesarchiv. Abteilung Wolfenbüttel"$"https://d-nb.info/gnd/11563-0"$"Wolfenbüttel"$"https://d-nb.info/gnd/4066832-0"
"115"$"NLA WO, VII B Hs, Nr. 232"$""$"https://www.arcinsys.niedersachsen.de/arcinsys/detailAction.action?detailid=v5538533"$"https://www.arcinsys-digitalisate.niedersachsen.de/nla_wo/vii_b_hs/nr._232/thumbs/preview.jpg"$"Komplett"$"Reproduktion"$"Bitonal"$"Doppelseite"$"2022"$""$"Niedersächsisches Landesarchiv. Abteilung Wolfenbüttel"$"https://d-nb.info/gnd/11563-0"$"Wolfenbüttel"$"https://d-nb.info/gnd/4066832-0"$"Niedersächsisches Landesarchiv. Abteilung Wolfenbüttel"$"https://d-nb.info/gnd/11563-0"$"Wolfenbüttel"$"https://d-nb.info/gnd/4066832-0"
"116"$"NLA WO, VII B Hs, Nr. 233"$""$"https://www.arcinsys.niedersachsen.de/arcinsys/detailAction.action?detailid=v5538537"$"https://www.arcinsys-digitalisate.niedersachsen.de/nla_wo/vii_b_hs/nr._233/thumbs/preview.jpg"$"Komplett"$"Reproduktion"$"Bitonal"$"Doppelseite"$"2022"$""$"Niedersächsisches Landesarchiv. Abteilung Wolfenbüttel"$"https://d-nb.info/gnd/11563-0"$"Wolfenbüttel"$"https://d-nb.info/gnd/4066832-0"$"Niedersächsisches Landesarchiv. Abteilung Wolfenbüttel"$"https://d-nb.info/gnd/11563-0"$"Wolfenbüttel"$"https://d-nb.info/gnd/4066832-0"
"117"$"NLA WO, VII B Hs, Nr. 234"$""$"https://www.arcinsys.niedersachsen.de/arcinsys/detailAction.action?detailid=v5538536"$"https://www.arcinsys-digitalisate.niedersachsen.de/nla_wo/vii_b_hs/nr._234/thumbs/preview.jpg"$"Komplett"$"Reproduktion"$"Bitonal"$"Doppelseite"$"2022"$""$"Niedersächsisches Landesarchiv. Abteilung Wolfenbüttel"$"https://d-nb.info/gnd/11563-0"$"Wolfenbüttel"$"https://d-nb.info/gnd/4066832-0"$"Niedersächsisches Landesarchiv. Abteilung Wolfenbüttel"$"https://d-nb.info/gnd/11563-0"$"Wolfenbüttel"$"https://d-nb.info/gnd/4066832-0"
"118"$"NLA WO, VII B Hs, Nr. 235"$""$"https://www.arcinsys.niedersachsen.de/arcinsys/detailAction.action?detailid=v5538535"$"https://www.arcinsys-digitalisate.niedersachsen.de/nla_wo/vii_b_hs/nr._235/thumbs/preview.jpg"$"Teilweise"$"Reproduktion"$"Bitonal"$"Doppelseite"$"2022"$""$"Niedersächsisches Landesarchiv. Abteilung Wolfenbüttel"$"https://d-nb.info/gnd/11563-0"$"Wolfenbüttel"$"https://d-nb.info/gnd/4066832-0"$"Niedersächsisches Landesarchiv. Abteilung Wolfenbüttel"$"https://d-nb.info/gnd/11563-0"$"Wolfenbüttel"$"https://d-nb.info/gnd/4066832-0"
"119"$"NLA WO, VII B Hs, Nr. 236"$""$"https://www.arcinsys.niedersachsen.de/arcinsys/detailAction.action?detailid=v5538549"$"https://www.arcinsys-digitalisate.niedersachsen.de/nla_wo/vii_b_hs/nr._236/thumbs/preview.jpg"$"Komplett"$"Reproduktion"$"Bitonal"$"Doppelseite"$"2022"$""$"Niedersächsisches Landesarchiv. Abteilung Wolfenbüttel"$"https://d-nb.info/gnd/11563-0"$"Wolfenbüttel"$"https://d-nb.info/gnd/4066832-0"$"Niedersächsisches Landesarchiv. Abteilung Wolfenbüttel"$"https://d-nb.info/gnd/11563-0"$"Wolfenbüttel"$"https://d-nb.info/gnd/4066832-0"
"120"$"NLA WO, VII B Hs, Nr. 237"$""$"https://www.arcinsys.niedersachsen.de/arcinsys/detailAction.action?detailid=v5538546"$"https://www.arcinsys-digitalisate.niedersachsen.de/nla_wo/vii_b_hs/nr._237/thumbs/preview.jpg"$"Komplett"$"Reproduktion"$"Bitonal"$"Doppelseite"$"2022"$""$"Niedersächsisches Landesarchiv. Abteilung Wolfenbüttel"$"https://d-nb.info/gnd/11563-0"$"Wolfenbüttel"$"https://d-nb.info/gnd/4066832-0"$"Niedersächsisches Landesarchiv. Abteilung Wolfenbüttel"$"https://d-nb.info/gnd/11563-0"$"Wolfenbüttel"$"https://d-nb.info/gnd/4066832-0"
"121"$"NLA WO, VII B Hs, Nr. 238"$""$"https://www.arcinsys.niedersachsen.de/arcinsys/detailAction.action?detailid=v5538547"$"https://www.arcinsys-digitalisate.niedersachsen.de/nla_wo/vii_b_hs/nr._238/thumbs/preview.jpg"$"Teilweise"$"Reproduktion"$"Bitonal"$"Doppelseite"$"2022"$""$"Niedersächsisches Landesarchiv. Abteilung Wolfenbüttel"$"https://d-nb.info/gnd/11563-0"$"Wolfenbüttel"$"https://d-nb.info/gnd/4066832-0"$"Niedersächsisches Landesarchiv. Abteilung Wolfenbüttel"$"https://d-nb.info/gnd/11563-0"$"Wolfenbüttel"$"https://d-nb.info/gnd/4066832-0"
"122"$"NLA WO, VII B Hs, Nr. 239"$""$"https://www.arcinsys.niedersachsen.de/arcinsys/detailAction.action?detailid=v5538548"$"https://www.arcinsys-digitalisate.niedersachsen.de/nla_wo/vii_b_hs/nr._239/thumbs/preview.jpg"$"Teilweise"$"Reproduktion"$"Bitonal"$"Doppelseite"$"2022"$""$"Niedersächsisches Landesarchiv. Abteilung Wolfenbüttel"$"https://d-nb.info/gnd/11563-0"$"Wolfenbüttel"$"https://d-nb.info/gnd/4066832-0"$"Niedersächsisches Landesarchiv. Abteilung Wolfenbüttel"$"https://d-nb.info/gnd/11563-0"$"Wolfenbüttel"$"https://d-nb.info/gnd/4066832-0"
"123"$"NLA WO, VII B Hs, Nr. 240"$""$"https://www.arcinsys.niedersachsen.de/arcinsys/detailAction.action?detailid=v5538542"$"https://www.arcinsys-digitalisate.niedersachsen.de/nla_wo/vii_b_hs/nr._240/thumbs/preview.jpg"$"Komplett"$"Reproduktion"$"Bitonal"$"Doppelseite"$"2022"$""$"Niedersächsisches Landesarchiv. Abteilung Wolfenbüttel"$"https://d-nb.info/gnd/11563-0"$"Wolfenbüttel"$"https://d-nb.info/gnd/4066832-0"$"Niedersächsisches Landesarchiv. Abteilung Wolfenbüttel"$"https://d-nb.info/gnd/11563-0"$"Wolfenbüttel"$"https://d-nb.info/gnd/4066832-0"
"124"$"NLA WO, VII B Hs, Nr. 241"$""$"https://www.arcinsys.niedersachsen.de/arcinsys/detailAction.action?detailid=v5538650"$"https://www.arcinsys-digitalisate.niedersachsen.de/nla_wo/vii_b_hs/nr._241/thumbs/preview.jpg"$"Komplett"$"Reproduktion"$"Bitonal"$"Doppelseite"$"2022"$""$"Niedersächsisches Landesarchiv. Abteilung Wolfenbüttel"$"https://d-nb.info/gnd/11563-0"$"Wolfenbüttel"$"https://d-nb.info/gnd/4066832-0"$"Niedersächsisches Landesarchiv. Abteilung Wolfenbüttel"$"https://d-nb.info/gnd/11563-0"$"Wolfenbüttel"$"https://d-nb.info/gnd/4066832-0"
"125"$"NLA WO, VII B Hs, Nr. 242"$""$"https://www.arcinsys.niedersachsen.de/arcinsys/detailAction.action?detailid=v5538654"$"https://www.arcinsys-digitalisate.niedersachsen.de/nla_wo/vii_b_hs/nr._242/thumbs/preview.jpg"$"Komplett"$"Reproduktion"$"Bitonal"$"Doppelseite"$"2022"$""$"Niedersächsisches Landesarchiv. Abteilung Wolfenbüttel"$"https://d-nb.info/gnd/11563-0"$"Wolfenbüttel"$"https://d-nb.info/gnd/4066832-0"$"Niedersächsisches Landesarchiv. Abteilung Wolfenbüttel"$"https://d-nb.info/gnd/11563-0"$"Wolfenbüttel"$"https://d-nb.info/gnd/4066832-0"
"126"$"NLA WO, VII B Hs, Nr. 243"$""$"https://www.arcinsys.niedersachsen.de/arcinsys/detailAction.action?detailid=v5538656"$"https://www.arcinsys-digitalisate.niedersachsen.de/nla_wo/vii_b_hs/nr._243/thumbs/preview.jpg"$"Komplett"$"Reproduktion"$"Bitonal"$"Doppelseite"$"2022"$""$"Niedersächsisches Landesarchiv. Abteilung Wolfenbüttel"$"https://d-nb.info/gnd/11563-0"$"Wolfenbüttel"$"https://d-nb.info/gnd/4066832-0"$"Niedersächsisches Landesarchiv. Abteilung Wolfenbüttel"$"https://d-nb.info/gnd/11563-0"$"Wolfenbüttel"$"https://d-nb.info/gnd/4066832-0"
"127"$"NLA WO, VII B Hs, Nr. 244"$""$"https://www.arcinsys.niedersachsen.de/arcinsys/detailAction.action?detailid=v5538653"$"https://www.arcinsys-digitalisate.niedersachsen.de/nla_wo/vii_b_hs/nr._244/thumbs/preview.jpg"$"Komplett"$"Reproduktion"$"Bitonal"$"Doppelseite"$"2022"$""$"Niedersächsisches Landesarchiv. Abteilung Wolfenbüttel"$"https://d-nb.info/gnd/11563-0"$"Wolfenbüttel"$"https://d-nb.info/gnd/4066832-0"$"Niedersächsisches Landesarchiv. Abteilung Wolfenbüttel"$"https://d-nb.info/gnd/11563-0"$"Wolfenbüttel"$"https://d-nb.info/gnd/4066832-0"
"128"$"NLA WO, VII B Hs, Nr. 244a"$""$"https://www.arcinsys.niedersachsen.de/arcinsys/detailAction.action?detailid=v5538651"$"https://www.arcinsys-digitalisate.niedersachsen.de/nla_wo/vii_b_hs/nr._244a/thumbs/preview.jpg"$"Komplett"$"Reproduktion"$"Bitonal"$"Doppelseite"$"2022"$""$"Niedersächsisches Landesarchiv. Abteilung Wolfenbüttel"$"https://d-nb.info/gnd/11563-0"$"Wolfenbüttel"$"https://d-nb.info/gnd/4066832-0"$"Niedersächsisches Landesarchiv. Abteilung Wolfenbüttel"$"https://d-nb.info/gnd/11563-0"$"Wolfenbüttel"$"https://d-nb.info/gnd/4066832-0"
"129"$"NLA WO, VII B Hs, Nr. 244b"$""$"https://www.arcinsys.niedersachsen.de/arcinsys/detailAction.action?detailid=v5538655"$"https://www.arcinsys-digitalisate.niedersachsen.de/nla_wo/vii_b_hs/nr._244b/thumbs/preview.jpg"$"Teilweise"$"Reproduktion"$"Bitonal"$"Doppelseite"$"2022"$""$"Niedersächsisches Landesarchiv. Abteilung Wolfenbüttel"$"https://d-nb.info/gnd/11563-0"$"Wolfenbüttel"$"https://d-nb.info/gnd/4066832-0"$"Niedersächsisches Landesarchiv. Abteilung Wolfenbüttel"$"https://d-nb.info/gnd/11563-0"$"Wolfenbüttel"$"https://d-nb.info/gnd/4066832-0"